2026-03-25 19:15:42,156 [INFO] Activator:176 - 


2026-03-25 19:15:42,190 [INFO] Activator:177 - !SESSION log4j initialized
2026-03-25 19:15:58,042 [INFO] LogOutputStream:77 - [STDOUT_REDIRECT] 
2026-03-25 19:16:02,723 [INFO] McuFinderGlobals:63 - Set McuFinder mode to 2 (CubeIDE integrated)
2026-03-25 19:16:03,121 [INFO] ApplicationProperties:184 - Using Application install path: E:\App Download\ST\STM32CubeIDE_1.16.1\STM32CubeIDE\plugins\com.st.stm32cube.common.mx_6.12.1.202409122256
2026-03-25 19:16:03,160 [INFO] DbMcusXml:78 - Set database path to: E:\App Download\ST\STM32CubeIDE_1.16.1\STM32CubeIDE\plugins\com.st.stm32cube.common.mx_6.12.1.202409122256\\db\/mcu/
2026-03-25 19:16:03,161 [INFO] ApiDb:274 - Set plugin database path to: E:\App Download\ST\STM32CubeIDE_1.16.1\STM32CubeIDE\plugins\com.st.stm32cube.common.mx_6.12.1.202409122256\\db\/plugins/boardmanager/
2026-03-25 19:16:03,162 [WARN] ApiDb:259 - Overriding images path with different value:  => E:\App Download\ST\STM32CubeIDE_1.16.1\STM32CubeIDE\plugins\com.st.stm32cube.common.mx_6.12.1.202409122256\\db\/plugins/mcufinder/images/
2026-03-25 19:16:03,223 [INFO] ApiDb:250 - Set database path to: C:\Users\DELL\.stmcufinder\plugins\mcufinder//mcu/
2026-03-25 19:16:03,224 [INFO] DbMcusAds:125 - Set database path to: C:\Users\DELL\.stmcufinder\plugins\mcufinder//mcu/
2026-03-25 19:16:03,230 [INFO] CrossReferenceDbSqlite:203 - Set database path to: C:\Users\DELL\.stmcufinder\plugins\mcufinder//mcu/cs/
2026-03-25 19:16:03,528 [INFO] RulesReader:64 - Compatibility file has been processed (297 Rules)
2026-03-25 19:16:03,828 [INFO] DbMcusXml:78 - Set database path to: E:\App Download\ST\STM32CubeIDE_1.16.1\STM32CubeIDE\plugins\com.st.stm32cube.common.mx_6.12.1.202409122256\\db\/mcu/
2026-03-25 19:16:03,829 [INFO] ApiDb:274 - Set plugin database path to: E:\App Download\ST\STM32CubeIDE_1.16.1\STM32CubeIDE\plugins\com.st.stm32cube.common.mx_6.12.1.202409122256\\db\/plugins/boardmanager/
2026-03-25 19:16:03,829 [INFO] ApiDb:261 - Set plugin images path to: E:\App Download\ST\STM32CubeIDE_1.16.1\STM32CubeIDE\plugins\com.st.stm32cube.common.mx_6.12.1.202409122256\\db\/plugins/mcufinder/images/
2026-03-25 19:16:03,830 [WARN] DbFile:41 - Overriding database path with different value: C:\Users\DELL\.stmcufinder\plugins\mcufinder/ => C:\Users\DELL\.stmcufinder\plugins\mcufinder
2026-03-25 19:16:03,830 [INFO] ApiDb:250 - Set database path to: C:\Users\DELL\.stmcufinder\plugins\mcufinder//mcu/
2026-03-25 19:16:03,830 [WARN] DbFile:41 - Overriding database path with different value: C:\Users\DELL\.stmcufinder\plugins\mcufinder/ => C:\Users\DELL\.stmcufinder\plugins\mcufinder
2026-03-25 19:16:03,830 [INFO] DbMcusAds:125 - Set database path to: C:\Users\DELL\.stmcufinder\plugins\mcufinder//mcu/
2026-03-25 19:16:03,830 [WARN] DbFile:41 - Overriding database path with different value: C:\Users\DELL\.stmcufinder\plugins\mcufinder/ => C:\Users\DELL\.stmcufinder\plugins\mcufinder
2026-03-25 19:16:03,831 [WARN] DbFile:41 - Overriding database path with different value: C:\Users\DELL\.stmcufinder\plugins\mcufinder/ => C:\Users\DELL\.stmcufinder\plugins\mcufinder
2026-03-25 19:16:03,831 [INFO] CrossReferenceDbSqlite:203 - Set database path to: C:\Users\DELL\.stmcufinder\plugins\mcufinder//mcu/cs/
2026-03-25 19:16:04,077 [INFO] MainPanel:268 - HeapMemory: 268435456
2026-03-25 19:16:04,735 [INFO] DbMcusXml:78 - Set database path to: E:\App Download\ST\STM32CubeIDE_1.16.1\STM32CubeIDE\plugins\com.st.stm32cube.common.mx_6.12.1.202409122256\\db\/mcu/
2026-03-25 19:16:04,735 [INFO] ApiDb:274 - Set plugin database path to: E:\App Download\ST\STM32CubeIDE_1.16.1\STM32CubeIDE\plugins\com.st.stm32cube.common.mx_6.12.1.202409122256\\db\/plugins/boardmanager/
2026-03-25 19:16:04,735 [INFO] ApiDb:261 - Set plugin images path to: E:\App Download\ST\STM32CubeIDE_1.16.1\STM32CubeIDE\plugins\com.st.stm32cube.common.mx_6.12.1.202409122256\\db\/plugins/mcufinder/images/
2026-03-25 19:16:04,736 [WARN] DbFile:41 - Overriding database path with different value: C:\Users\DELL\.stmcufinder\plugins\mcufinder/ => C:\Users\DELL\.stmcufinder\plugins\mcufinder
2026-03-25 19:16:04,736 [INFO] ApiDb:250 - Set database path to: C:\Users\DELL\.stmcufinder\plugins\mcufinder//mcu/
2026-03-25 19:16:04,736 [WARN] DbFile:41 - Overriding database path with different value: C:\Users\DELL\.stmcufinder\plugins\mcufinder/ => C:\Users\DELL\.stmcufinder\plugins\mcufinder
2026-03-25 19:16:04,737 [INFO] DbMcusAds:125 - Set database path to: C:\Users\DELL\.stmcufinder\plugins\mcufinder//mcu/
2026-03-25 19:16:04,737 [WARN] DbFile:41 - Overriding database path with different value: C:\Users\DELL\.stmcufinder\plugins\mcufinder/ => C:\Users\DELL\.stmcufinder\plugins\mcufinder
2026-03-25 19:16:04,737 [WARN] DbFile:41 - Overriding database path with different value: C:\Users\DELL\.stmcufinder\plugins\mcufinder/ => C:\Users\DELL\.stmcufinder\plugins\mcufinder
2026-03-25 19:16:04,737 [INFO] CrossReferenceDbSqlite:203 - Set database path to: C:\Users\DELL\.stmcufinder\plugins\mcufinder//mcu/cs/
2026-03-25 19:16:04,778 [INFO] ApplicationProperties:184 - Using Application install path: E:\App Download\ST\STM32CubeIDE_1.16.1\STM32CubeIDE\plugins\com.st.stm32cube.common.mx_6.12.1.202409122256
2026-03-25 19:16:04,782 [INFO] PluginManage:196 - Search for loadable plugins [exclusion list=, ]
2026-03-25 19:16:04,785 [INFO] PluginManage:310 - Check plugin analytics
2026-03-25 19:16:05,359 [INFO] AnalyticsPlugin:253 - Accepted Software Licenses: 
2026-03-25 19:16:05,360 [INFO] AnalyticsPlugin:255 - Accepted CMSIS Pack Licenses: 
2026-03-25 19:16:05,361 [INFO] AnalyticsPlugin:257 - Accepted Firmware Licenses: 
2026-03-25 19:16:05,367 [INFO] PluginManage:359 - Loaded plugin analytics (category:tool,tabindex:-1)
2026-03-25 19:16:05,368 [INFO] PluginManage:310 - Check plugin cadmodel
2026-03-25 19:16:05,411 [INFO] CADModel:105 - Init CAD model plugin
2026-03-25 19:16:05,412 [INFO] PluginManage:359 - Loaded plugin cadmodel (category:power,tabindex:5)
2026-03-25 19:16:05,412 [INFO] PluginManage:310 - Check plugin clock
2026-03-25 19:16:05,470 [INFO] PluginManage:359 - Loaded plugin clock (category:base,tabindex:2)
2026-03-25 19:16:05,471 [INFO] PluginManage:310 - Check plugin ddr
2026-03-25 19:16:05,496 [INFO] PluginManage:359 - Loaded plugin ddr (category:tool,tabindex:6)
2026-03-25 19:16:05,497 [INFO] PluginManage:310 - Check plugin filemanager
2026-03-25 19:16:05,961 [INFO] PluginManage:359 - Loaded plugin filemanager (category:base,tabindex:10)
2026-03-25 19:16:05,962 [INFO] PluginManage:310 - Check plugin ipmanager
2026-03-25 19:16:05,991 [INFO] PluginManage:359 - Loaded plugin ipmanager (category:base,tabindex:5)
2026-03-25 19:16:05,991 [INFO] PluginManage:310 - Check plugin lpbam
2026-03-25 19:16:06,025 [INFO] PluginManage:359 - Loaded plugin lpbam (category:base,tabindex:0)
2026-03-25 19:16:06,025 [INFO] PluginManage:310 - Check plugin memorymap
2026-03-25 19:16:06,097 [INFO] PluginManage:359 - Loaded plugin memorymap (category:base,tabindex:4)
2026-03-25 19:16:06,097 [INFO] PluginManage:310 - Check plugin pinoutandconfiguration
2026-03-25 19:16:06,161 [INFO] PluginManage:359 - Loaded plugin pinoutandconfiguration (category:base,tabindex:1)
2026-03-25 19:16:06,162 [INFO] PluginManage:310 - Check plugin pinoutconfig
2026-03-25 19:16:06,514 [WARN] SupportedApi:132 - Cannot load RTOS API schema: s4s-elt-must-match.1: The content of 'definitions' must match (annotation?, (simpleType | complexType)?, (unique | key | keyref)*)). A problem was found starting at: attribute.
2026-03-25 19:16:06,906 [INFO] PluginManage:359 - Loaded plugin pinoutconfig (category:base,tabindex:0)
2026-03-25 19:16:06,907 [INFO] PluginManage:310 - Check plugin power
2026-03-25 19:16:06,978 [INFO] PluginManage:359 - Loaded plugin power (category:power,tabindex:4)
2026-03-25 19:16:06,979 [INFO] PluginManage:310 - Check plugin projectmanager
2026-03-25 19:16:07,025 [INFO] PluginManage:359 - Loaded plugin projectmanager (category:projectmanager,tabindex:4)
2026-03-25 19:16:07,025 [INFO] PluginManage:310 - Check plugin rif
2026-03-25 19:16:07,038 [INFO] PluginManage:359 - Loaded plugin rif (category:base,tabindex:3)
2026-03-25 19:16:07,038 [INFO] PluginManage:310 - Check plugin thirdparty
2026-03-25 19:16:07,514 [INFO] PluginManage:359 - Loaded plugin thirdparty (category:base,tabindex:-1)
2026-03-25 19:16:07,513 [WARN] IntegrityCheckThread:84 - waiting for thirdparty lock release [integrity check]
2026-03-25 19:16:07,514 [INFO] IntegrityCheckThread:86 - entering critical section [integrity check]
2026-03-25 19:16:07,514 [INFO] PluginManage:310 - Check plugin tools
2026-03-25 19:16:07,516 [INFO] ThirdPartyUpdaterWithRetryManager:70 - Updater plugin not ready yet. [1/15]
2026-03-25 19:16:07,534 [INFO] PluginManage:359 - Loaded plugin tools (category:base,tabindex:7)
2026-03-25 19:16:07,535 [INFO] PluginManage:310 - Check plugin tutovideos
2026-03-25 19:16:07,995 [INFO] PluginManage:359 - Loaded plugin tutovideos (category:base,tabindex:-1)
2026-03-25 19:16:07,996 [INFO] PluginManage:310 - Check plugin updater
2026-03-25 19:16:08,046 [INFO] PluginManage:359 - Loaded plugin updater (category:base,tabindex:12)
2026-03-25 19:16:08,046 [INFO] PluginManage:310 - Check plugin userauth
2026-03-25 19:16:08,056 [INFO] UserAuth:113 - Init User Auth plugin
2026-03-25 19:16:08,056 [INFO] PluginManage:359 - Loaded plugin userauth (category:base,tabindex:14)
2026-03-25 19:16:08,058 [INFO] PluginManage:283 - PluginManage : Loaded plugins [18]
2026-03-25 19:16:08,814 [INFO] PinOutPanel:1561 - setPackage(No Configuration,No Configuration)
2026-03-25 19:16:09,070 [INFO] CADModel:165 - CPN selected for project level
2026-03-25 19:16:09,070 [INFO] CADModel:114 - Register for checkConnection events
2026-03-25 19:16:09,140 [INFO] IPUIPlugin:80 - create IPUIPlugin
2026-03-25 19:16:09,141 [INFO] PluginManager:220 - loadIPPluginJar : add adc
2026-03-25 19:16:09,146 [INFO] IPUIPlugin:80 - create IPUIPlugin
2026-03-25 19:16:09,146 [INFO] PluginManager:220 - loadIPPluginJar : add aes
2026-03-25 19:16:09,162 [INFO] IPUIPlugin:80 - create IPUIPlugin
2026-03-25 19:16:09,162 [INFO] PluginManager:220 - loadIPPluginJar : add can
2026-03-25 19:16:09,165 [INFO] IPUIPlugin:80 - create IPUIPlugin
2026-03-25 19:16:09,165 [INFO] PluginManager:220 - loadIPPluginJar : add comp
2026-03-25 19:16:09,183 [INFO] IPUIPlugin:80 - create IPUIPlugin
2026-03-25 19:16:09,184 [INFO] PluginManager:220 - loadIPPluginJar : add cryp
2026-03-25 19:16:09,215 [INFO] IPUIPlugin:80 - create IPUIPlugin
2026-03-25 19:16:09,215 [INFO] PluginManager:220 - loadIPPluginJar : add ddr_ctrl_phy
2026-03-25 19:16:09,221 [INFO] IPUIPlugin:80 - create IPUIPlugin
2026-03-25 19:16:09,221 [INFO] PluginManager:220 - loadIPPluginJar : add dfsdm
2026-03-25 19:16:09,240 [INFO] IPUIPlugin:80 - create IPUIPlugin
2026-03-25 19:16:09,242 [INFO] PluginManager:220 - loadIPPluginJar : add dma
2026-03-25 19:16:09,262 [INFO] IPUIPlugin:80 - create IPUIPlugin
2026-03-25 19:16:09,262 [INFO] PluginManager:220 - loadIPPluginJar : add dma3
2026-03-25 19:16:09,270 [INFO] IPUIPlugin:80 - create IPUIPlugin
2026-03-25 19:16:09,270 [INFO] PluginManager:220 - loadIPPluginJar : add extmemmanager
2026-03-25 19:16:09,287 [INFO] IPUIPlugin:80 - create IPUIPlugin
2026-03-25 19:16:09,288 [INFO] PluginManager:220 - loadIPPluginJar : add fatfs
2026-03-25 19:16:09,296 [INFO] IPUIPlugin:80 - create IPUIPlugin
2026-03-25 19:16:09,296 [INFO] PluginManager:220 - loadIPPluginJar : add fmc
2026-03-25 19:16:09,339 [INFO] IPUIPlugin:80 - create IPUIPlugin
2026-03-25 19:16:09,339 [INFO] PluginManager:220 - loadIPPluginJar : add freertos
2026-03-25 19:16:09,353 [INFO] IPUIPlugin:80 - create IPUIPlugin
2026-03-25 19:16:09,353 [INFO] PluginManager:220 - loadIPPluginJar : add genericplugin
2026-03-25 19:16:09,358 [INFO] IPUIPlugin:80 - create IPUIPlugin
2026-03-25 19:16:09,358 [INFO] PluginManager:220 - loadIPPluginJar : add gfxmmu
2026-03-25 19:16:09,366 [INFO] IPUIPlugin:80 - create IPUIPlugin
2026-03-25 19:16:09,366 [INFO] PluginManager:220 - loadIPPluginJar : add gic
2026-03-25 19:16:09,385 [INFO] IPUIPlugin:80 - create IPUIPlugin
2026-03-25 19:16:09,386 [INFO] PluginManager:220 - loadIPPluginJar : add gpio
2026-03-25 19:16:09,390 [INFO] IPUIPlugin:80 - create IPUIPlugin
2026-03-25 19:16:09,391 [INFO] PluginManager:220 - loadIPPluginJar : add gtzc
2026-03-25 19:16:09,395 [INFO] IPUIPlugin:80 - create IPUIPlugin
2026-03-25 19:16:09,395 [INFO] PluginManager:220 - loadIPPluginJar : add hash
2026-03-25 19:16:09,399 [INFO] IPUIPlugin:80 - create IPUIPlugin
2026-03-25 19:16:09,400 [INFO] PluginManager:220 - loadIPPluginJar : add i2c
2026-03-25 19:16:09,416 [INFO] IPUIPlugin:80 - create IPUIPlugin
2026-03-25 19:16:09,417 [INFO] PluginManager:220 - loadIPPluginJar : add i2s
2026-03-25 19:16:09,421 [INFO] IPUIPlugin:80 - create IPUIPlugin
2026-03-25 19:16:09,422 [INFO] PluginManager:220 - loadIPPluginJar : add i3c
2026-03-25 19:16:09,442 [INFO] IPUIPlugin:80 - create IPUIPlugin
2026-03-25 19:16:09,443 [INFO] PluginManager:220 - loadIPPluginJar : add ipddr
2026-03-25 19:16:09,457 [INFO] IPUIPlugin:80 - create IPUIPlugin
2026-03-25 19:16:09,458 [INFO] PluginManager:220 - loadIPPluginJar : add linkedlist
2026-03-25 19:16:09,471 [INFO] IPUIPlugin:80 - create IPUIPlugin
2026-03-25 19:16:09,471 [INFO] PluginManager:220 - loadIPPluginJar : add lorawan
2026-03-25 19:16:09,474 [INFO] IPUIPlugin:80 - create IPUIPlugin
2026-03-25 19:16:09,475 [INFO] PluginManager:220 - loadIPPluginJar : add ltdc
2026-03-25 19:16:09,486 [INFO] IPUIPlugin:80 - create IPUIPlugin
2026-03-25 19:16:09,486 [INFO] PluginManager:220 - loadIPPluginJar : add mdma
2026-03-25 19:16:09,493 [INFO] IPUIPlugin:80 - create IPUIPlugin
2026-03-25 19:16:09,493 [INFO] PluginManager:220 - loadIPPluginJar : add nvic
2026-03-25 19:16:09,505 [INFO] IPUIPlugin:80 - create IPUIPlugin
2026-03-25 19:16:09,505 [INFO] PluginManager:220 - loadIPPluginJar : add opamp
2026-03-25 19:16:09,510 [INFO] IPUIPlugin:80 - create IPUIPlugin
2026-03-25 19:16:09,511 [INFO] PluginManager:220 - loadIPPluginJar : add openamp
2026-03-25 19:16:09,517 [INFO] IPUIPlugin:80 - create IPUIPlugin
2026-03-25 19:16:09,517 [INFO] PluginManager:220 - loadIPPluginJar : add pdm2pcm
2026-03-25 19:16:09,530 [INFO] IPUIPlugin:80 - create IPUIPlugin
2026-03-25 19:16:09,535 [INFO] PluginManager:220 - loadIPPluginJar : add plateformsettings
2026-03-25 19:16:09,585 [INFO] IPUIPlugin:80 - create IPUIPlugin
2026-03-25 19:16:09,586 [INFO] PluginManager:220 - loadIPPluginJar : add quadspi
2026-03-25 19:16:09,590 [INFO] IPUIPlugin:80 - create IPUIPlugin
2026-03-25 19:16:09,591 [INFO] PluginManager:220 - loadIPPluginJar : add radio
2026-03-25 19:16:09,598 [INFO] IPUIPlugin:80 - create IPUIPlugin
2026-03-25 19:16:09,598 [INFO] PluginManager:220 - loadIPPluginJar : add resmgrutility
2026-03-25 19:16:09,603 [INFO] IPUIPlugin:80 - create IPUIPlugin
2026-03-25 19:16:09,603 [INFO] PluginManager:220 - loadIPPluginJar : add sai
2026-03-25 19:16:09,615 [INFO] IPUIPlugin:80 - create IPUIPlugin
2026-03-25 19:16:09,616 [INFO] PluginManager:220 - loadIPPluginJar : add spi
2026-03-25 19:16:09,626 [INFO] IPUIPlugin:80 - create IPUIPlugin
2026-03-25 19:16:09,626 [INFO] PluginManager:220 - loadIPPluginJar : add stm32_wpan
2026-03-25 19:16:09,630 [INFO] IPUIPlugin:80 - create IPUIPlugin
2026-03-25 19:16:09,631 [INFO] PluginManager:220 - loadIPPluginJar : add tim
2026-03-25 19:16:09,639 [INFO] IPUIPlugin:80 - create IPUIPlugin
2026-03-25 19:16:09,640 [INFO] PluginManager:220 - loadIPPluginJar : add touchsensing
2026-03-25 19:16:09,648 [INFO] IPUIPlugin:80 - create IPUIPlugin
2026-03-25 19:16:09,649 [INFO] PluginManager:220 - loadIPPluginJar : add tracer_emb
2026-03-25 19:16:09,653 [INFO] IPUIPlugin:80 - create IPUIPlugin
2026-03-25 19:16:09,653 [INFO] PluginManager:220 - loadIPPluginJar : add ts
2026-03-25 19:16:09,658 [INFO] IPUIPlugin:80 - create IPUIPlugin
2026-03-25 19:16:09,658 [INFO] PluginManager:220 - loadIPPluginJar : add tsc
2026-03-25 19:16:09,662 [INFO] IPUIPlugin:80 - create IPUIPlugin
2026-03-25 19:16:09,662 [INFO] PluginManager:220 - loadIPPluginJar : add ucpd
2026-03-25 19:16:09,673 [INFO] IPUIPlugin:80 - create IPUIPlugin
2026-03-25 19:16:09,673 [INFO] PluginManager:220 - loadIPPluginJar : add usart
2026-03-25 19:16:09,679 [INFO] IPUIPlugin:80 - create IPUIPlugin
2026-03-25 19:16:09,680 [INFO] PluginManager:220 - loadIPPluginJar : add usbx
2026-03-25 19:16:09,945 [INFO] CADModel:165 - CPN selected for project level
2026-03-25 19:16:09,945 [INFO] CADModel:114 - Register for checkConnection events
2026-03-25 19:16:09,945 [FATAL] Updater:334 - Updater called before beeing initialized
2026-03-25 19:16:09,946 [ERROR] CADModel:125 - Updater not yet initialized, retry later 
2026-03-25 19:16:10,400 [INFO] CADModel:165 - CPN selected for project level
2026-03-25 19:16:10,400 [INFO] CADModel:114 - Register for checkConnection events
2026-03-25 19:16:10,400 [FATAL] Updater:334 - Updater called before beeing initialized
2026-03-25 19:16:10,400 [ERROR] CADModel:125 - Updater not yet initialized, retry later 
2026-03-25 19:16:10,408 [FATAL] Updater:334 - Updater called before beeing initialized
2026-03-25 19:16:10,525 [INFO] ThirdPartyUpdaterWithRetryManager:70 - Updater plugin not ready yet. [2/15]
2026-03-25 19:16:10,642 [FATAL] Updater:334 - Updater called before beeing initialized
2026-03-25 19:16:10,649 [INFO] DbMcusAds:53 - JSON generation date=Thu Mar 05 20:02:52 IST 2026 (1772721172610)
2026-03-25 19:16:10,649 [FATAL] Updater:334 - Updater called before beeing initialized
2026-03-25 19:16:10,806 [WARN] DetailPanel:346 - Failed to get advertising image, set to default
2026-03-25 19:16:11,039 [FATAL] Updater:334 - Updater called before beeing initialized
2026-03-25 19:16:11,043 [FATAL] Updater:334 - Updater called before beeing initialized
2026-03-25 19:16:11,043 [FATAL] Updater:334 - Updater called before beeing initialized
2026-03-25 19:16:11,044 [WARN] DetailPanel:346 - Failed to get advertising image, set to default
2026-03-25 19:16:11,047 [FATAL] Updater:334 - Updater called before beeing initialized
2026-03-25 19:16:11,235 [ERROR] Updater:1164 - MainUpdater not yet initialized. External WinMGr cannot be set.
2026-03-25 19:16:11,251 [INFO] Updater:1100 - Updater Version found : 6.12.1
2026-03-25 19:16:11,291 [INFO] ApplicationProperties:184 - Using Application install path: E:\App Download\ST\STM32CubeIDE_1.16.1\STM32CubeIDE\plugins\com.st.stm32cube.common.mx_6.12.1.202409122256
2026-03-25 19:16:12,915 [ERROR] LogOutputStream:75 - [STDERR_REDIRECT] Mar 25, 2026 7:16:12 PM java.util.prefs.WindowsPreferences <init>
2026-03-25 19:16:12,917 [ERROR] LogOutputStream:75 - [STDERR_REDIRECT] WARNING: Could not open/create prefs root node Software\JavaSoft\Prefs at root 0xffffffff80000002. Windows RegCreateKeyEx(...) returned error code 5.
2026-03-25 19:16:12,918 [ERROR] LogOutputStream:75 - [STDERR_REDIRECT] 
2026-03-25 19:16:13,529 [FATAL] Updater:334 - Updater called before beeing initialized
2026-03-25 19:16:13,530 [ERROR] IntegrityCheckThread:130 - Cannot retrieve database content from updater: error 21
2026-03-25 19:16:13,531 [INFO] ThirdParty:978 - Integrity check success = false
2026-03-25 19:16:13,531 [INFO] IntegrityCheckThread:100 - exiting critical section [integrity check]
2026-03-25 19:16:13,531 [INFO] IntegrityCheckThread:103 - End integrity checks thread
2026-03-25 19:16:13,996 [INFO] MainUpdater:2873 - connection check result : 10
2026-03-25 19:16:13,997 [INFO] MainUpdater:3567 - Updater definition file requires update
2026-03-25 19:16:13,999 [INFO] MainUpdater:290 - Updater Check For Update Now.
2026-03-25 19:16:13,999 [INFO] MicroXplorer:498 - Change Database Version : DB.6.0.121
2026-03-25 19:16:14,029 [INFO] McuFinderGlobals:63 - Set McuFinder mode to 2 (CubeIDE integrated)
2026-03-25 19:16:14,029 [INFO] UserAuth:179 - activating auth plugin
2026-03-25 19:16:14,045 [INFO] UserAuth:417 - Internet connection configuration mode: 1
2026-03-25 19:16:14,162 [INFO] JxBrowserEngine:152 - Initiate JxBrowser Engine with user profile folder
2026-03-25 19:16:14,362 [INFO] ServerAccessManage:473 - Download File updaters.zip
2026-03-25 19:16:15,055 [INFO] FileExtend:240 - Unzip File : updaters.zip
2026-03-25 19:16:15,068 [INFO] FileExtend:255 - Standard Zip Deflate
2026-03-25 19:16:16,084 [INFO] WebApp:167 - Instantiating new browser for Auth
2026-03-25 19:16:16,999 [INFO] ServerAccessManage:473 - Download File PacksControlFlags.xml
2026-03-25 19:16:17,389 [INFO] ServerAccessManage:473 - Download File cubemx.pidx
2026-03-25 19:16:17,713 [INFO] LoadServerUpdatesThread:375 - End of LoadServerUpdate Thread
2026-03-25 19:16:17,988 [INFO] CheckServerUpdateThread:120 - End of CheckServer Thread
2026-03-25 19:16:18,077 [INFO] MainUpdater:2873 - connection check result : 10
2026-03-25 19:16:18,112 [INFO] McuFinderGlobals:76 - Set McuFinderConnectedMode to true
2026-03-25 19:16:18,746 [INFO] WebApp:448 - Apply proxy settings
2026-03-25 19:16:18,747 [INFO] WebApp:533 - Chromium requires no authentication
2026-03-25 19:16:18,787 [INFO] WebApp:476 - Direct internet connection detected
2026-03-25 19:16:18,861 [INFO] ServerAccessManage:473 - Download File mcusAds.json._tmp_
2026-03-25 19:16:18,877 [INFO] WebApp:869 - Register for checkConnection events
2026-03-25 19:16:18,877 [INFO] WebApp:448 - Apply proxy settings
2026-03-25 19:16:18,878 [INFO] WebApp:533 - Chromium requires no authentication
2026-03-25 19:16:18,880 [INFO] WebApp:476 - Direct internet connection detected
2026-03-25 19:16:18,993 [INFO] LoadUrlFilesThread:156 - End of LoadUrlFiles Thread
2026-03-25 19:16:19,321 [INFO] ServerAccessManage:473 - Download File cube-finder-db.zip
2026-03-25 19:16:19,556 [INFO] WebApp:220 - Starting web application
2026-03-25 19:16:19,556 [INFO] WebApp:578 - Web application path used E:\App Download\ST\STM32CubeIDE_1.16.1\STM32CubeIDE\plugins\com.st.stm32cube.common.mx_6.12.1.202409122256\db\plugins\mcufinder\reactClient1\index.html
2026-03-25 19:16:20,117 [INFO] WebApp:186 - Connection restablished
2026-03-25 19:18:36,372 [INFO] FileExtend:240 - Unzip File : cube-finder-db.zip
2026-03-25 19:18:36,372 [INFO] FileExtend:255 - Standard Zip Deflate
2026-03-25 19:18:37,900 [INFO] LoadUrlFilesThread:156 - End of LoadUrlFiles Thread
2026-03-25 19:18:39,221 [INFO] ServerAccessManage:473 - Download File crdb.zip
2026-03-25 19:18:42,807 [INFO] FileExtend:240 - Unzip File : crdb.zip
2026-03-25 19:18:42,808 [INFO] FileExtend:255 - Standard Zip Deflate
2026-03-25 19:18:42,949 [INFO] LoadUrlFilesThread:156 - End of LoadUrlFiles Thread
2026-03-25 19:18:43,500 [INFO] ServerAccessManage:473 - Download File tutoVideoDB.zip
2026-03-25 19:18:43,875 [INFO] FileExtend:240 - Unzip File : tutoVideoDB.zip
2026-03-25 19:18:43,876 [INFO] FileExtend:255 - Standard Zip Deflate
2026-03-25 19:18:43,993 [INFO] LoadUrlFilesThread:156 - End of LoadUrlFiles Thread
2026-03-25 19:18:43,998 [WARN] DbFile:41 - Overriding database path with different value: C:\Users\DELL\.stmcufinder\plugins\mcufinder/ => C:\Users\DELL\.stmcufinder\plugins\mcufinder
2026-03-25 19:18:44,621 [INFO] ServerAccessManage:473 - Download File api_config.json
2026-03-25 19:18:44,744 [INFO] LoadUrlFilesThread:156 - End of LoadUrlFiles Thread
2026-03-25 19:18:44,749 [INFO] DbMcusAds:53 - JSON generation date=Thu Mar 05 20:02:52 IST 2026 (1772721172890)
2026-03-25 19:18:44,799 [INFO] LoadUrlFilesThread:185 - End of LoadServerUrlFiles without Thread
2026-03-25 19:18:44,800 [INFO] TargetSelectorAdapter:259 - Refresh data is successful
2026-03-25 19:18:44,972 [INFO] ApiDb:581 - Connected to CubeFinder SQLite database (C:\Users\DELL\.stmcufinder\plugins\mcufinder\mcu\cube-finder-db.db)
2026-03-25 19:18:45,165 [INFO] ApiDb:668 - CubeFinder database Data Model version=2.1
2026-03-25 19:18:45,165 [INFO] ApiDb:669 - CubeFinder database Configuration version=3.0.42
2026-03-25 19:18:45,166 [INFO] ApiDb:670 - CubeFinder database generation date=2026-03-11 (1773229989)
2026-03-25 19:18:45,166 [INFO] ApiDb:671 - CubeFinder database FW Pack versions=[FP-ATR-ASTRA1_V2.0.0, FP-SNS-FLIGHT1_V5.1.0, FP-SNS-MOTENV1_V5.1.0, FP-SNS-MOTENVWB1_V1.5.0, FP-SNS-SMARTAG2_V1.2.0, FP-SNS-STBOX1_V2.1.0, STM32Cube_FW_C0_V1.4.0, STM32Cube_FW_F4_V1.28.3, STM32Cube_FW_F7_V1.17.4, STM32Cube_FW_G0_V1.6.3, STM32Cube_FW_G4_V1.6.2, STM32Cube_FW_H5_V1.6.0, STM32Cube_FW_H7RS_V1.3.0, STM32Cube_FW_H7_V1.13.0, STM32Cube_FW_L0_V1.12.2, STM32Cube_FW_L4_V1.18.2, STM32Cube_FW_L5_V1.6.0, STM32Cube_FW_N6_V1.3.0, STM32Cube_FW_U0_V1.3.0, STM32Cube_FW_U3_V1.3.0, STM32Cube_FW_U5_V1.8.0, STM32Cube_FW_WB0_V1.4.0, STM32Cube_FW_WBA_V1.9.0, STM32Cube_FW_WB_V1.24.0, STM32Cube_FW_WL3_V1.4.0, STM32Cube_FW_WL_V1.5.0, X-CUBE-ALGOBUILD_V1.4.0, X-CUBE-ALS_V1.0.2, X-CUBE-AZRTOS-F4_V1.1.0, X-CUBE-AZRTOS-F7_V1.1.0, X-CUBE-AZRTOS-G0_V1.1.0, X-CUBE-AZRTOS-G4_V2.0.0, X-CUBE-AZRTOS-H7RS_V1.1.0, X-CUBE-AZRTOS-H7_V3.4.0, X-CUBE-AZRTOS-L4_V2.0.0, X-CUBE-AZRTOS-L5_V2.0.0, X-CUBE-AZRTOS-WB_V2.0.0, X-CUBE-AZRTOS-WL_V2.0.0, X-CUBE-BLE1_V7.1.0, X-CUBE-BLE2_V3.3.0, X-CUBE-BLEMGR_V4.1.0, X-CUBE-EEPRMA1_V5.2.0, X-CUBE-FREERTOS_V1.5.0, X-CUBE-GNSS1_V6.0.0, X-CUBE-MEMS1_V12.0.0, X-CUBE-NFC4_V3.0.0, X-CUBE-NFC7_V2.0.0, X-CUBE-SFXS2LP1_V4.0.0, X-CUBE-ST67W61_V1.2.0, X-CUBE-SUBG2_V5.0.0, X-CUBE-TOF1_V3.4.3]
2026-03-25 19:18:48,460 [INFO] ApiDb:240 - Found 646 in-development CPN: [B-G473E-ZEST1S, B-WB1M-WPAN1, B-WL5M-SUBG1, NUCLEO-C031C6, NUCLEO-C071RB, NUCLEO-H503RB, NUCLEO-H533RE, NUCLEO-H563ZI, NUCLEO-H7S3L8, NUCLEO-U031R8, NUCLEO-U083RC, NUCLEO-U545RE-Q, NUCLEO-U5A5ZJ-Q, NUCLEO-WB05KZ, NUCLEO-WB07CC, NUCLEO-WB09KE, NUCLEO-WBA52CG, NUCLEO-WBA55CG, STEVAL-PROTEUS1, STEVAL-SMARTAG2, STEVAL-STWINBX1, STM320518-EVAL, STM32C0116-DK, STM32C011D6Y3TR, STM32C011D6Y6TR, STM32C011F4P3, STM32C011F4P6, STM32C011F4U3, STM32C011F4U6TR, STM32C011F6P3, STM32C011F6P6, STM32C011F6U3, STM32C011F6U6TR, STM32C011J4M3, STM32C011J4M6, STM32C011J6M3, STM32C011J6M6, STM32C0316-DK, STM32C031C4T3, STM32C031C4T6, STM32C031C4U3, STM32C031C4U6, STM32C031C6T3, STM32C031C6T6, STM32C031C6U3, STM32C031C6U6, STM32C031F4P3, STM32C031F4P6, STM32C031F6P3, STM32C031F6P6, STM32C031G4U3, STM32C031G4U6, STM32C031G6U3, STM32C031G6U6, STM32C031K4T3, STM32C031K4T6, STM32C031K4U3, STM32C031K4U6, STM32C031K6T3, STM32C031K6T6, STM32C031K6U3, STM32C031K6U6, STM32C071C8T6, STM32C071C8T6N, STM32C071C8U6, STM32C071C8U6N, STM32C071CBT6, STM32C071CBT6N, STM32C071CBU6, STM32C071CBU6N, STM32C071F8P6, STM32C071F8P6N, STM32C071FBP6, STM32C071FBP6N, STM32C071FBY6TR, STM32C071G8U6, STM32C071G8U6N, STM32C071GBU6, STM32C071GBU6N, STM32C071K8T6, STM32C071K8T6N, STM32C071K8U6, STM32C071K8U6N, STM32C071KBT6, STM32C071KBT6N, STM32C071KBU6, STM32C071KBU6N, STM32C071R8T6, STM32C071R8T6N, STM32C071RBI6N, STM32C071RBT6, STM32C071RBT6N, STM32G071K8TXN, STM32G071K8UXN, STM32G081GBU6N, STM32G081KBT6N, STM32G081KBUXN, STM32G0B1CCT6N, STM32G0B1KCT6, STM32G0B1NEY6TR, STM32G0B1RCT6N, STM32G0C1CCT6, STM32G0C1CCT6N, STM32G0C1CCU6N, STM32G0C1CET6N, STM32G0C1CEU6N, STM32G0C1KCT6, STM32G0C1NEY6TR, STM32G0C1RCI6N, STM32G0C1RCT6N, STM32G0C1REI6N, STM32G0C1RET6N, STM32G0C1VCI6, STM32G0C1VEI6, STM32G411C6T3, STM32G411C6T6, STM32G411C6U3, STM32G411C6U6, STM32G411C8T3, STM32G411C8T6, STM32G411C8U3, STM32G411C8U6, STM32G411CBT3, STM32G411CBT6, STM32G411CBU3, STM32G411CBU6, STM32G411K6T3, STM32G411K6T6, STM32G411K6U3, STM32G411K6U6, STM32G411K8T3, STM32G411K8T6, STM32G411K8U3, STM32G411K8U6, STM32G411KBT3, STM32G411KBT6, STM32G411KBU3, STM32G411KBU6, STM32G411M6T3, STM32G411M6T6, STM32G411M8T3, STM32G411M8T6, STM32G411MBT3, STM32G411MBT6, STM32G411R6T3, STM32G411R6T6, STM32G411R8T3, STM32G411R8T6, STM32G411RBT3, STM32G411RBT6, STM32G414CBT3, STM32G414CBT6, STM32G414CBU3, STM32G414CBU6, STM32G414CCT3, STM32G414CCT6, STM32G414CCU3, STM32G414CCU6, STM32G414MBT3, STM32G414MBT6, STM32G414MCT3, STM32G414MCT6, STM32G414RBT3, STM32G414RBT6, STM32G414RCT3, STM32G414RCT6, STM32G414VBT3, STM32G414VBT6, STM32G414VCT3, STM32G414VCT6, STM32G431CBT3Z, STM32G431RBT3Z, STM32G471CCT6, STM32G471CCU6, STM32G471CET3, STM32G471CET6, STM32G471CEU3, STM32G471CEU6, STM32G471MCT6, STM32G471MET3, STM32G471MET6, STM32G471MEY6TR, STM32G471QCT6, STM32G471QET3, STM32G471RCT6, STM32G471RET3, STM32G471RET6, STM32G471VCH6, STM32G471VCI6, STM32G471VCT6, STM32G471VEH3, STM32G471VEH6, STM32G471VEI3, STM32G471VEI6, STM32G471VET3, STM32G471VET6, STM32G473QET3Z, STM32G473RET3Z, STM32G474CCT6, STM32G491RET3Z, STM32H503CBT6, STM32H503CBU6, STM32H503EBY6TR, STM32H503KBU6, STM32H503RBT6, STM32H523CCT6, STM32H523CCU6, STM32H523CET6, STM32H523CEU6, STM32H523HEY6TR, STM32H523RCT6, STM32H523RET6, STM32H523VCI6, STM32H523VCT6, STM32H523VEI6, STM32H523VET6, STM32H523ZCJ6, STM32H523ZCT6, STM32H523ZEJ6, STM32H523ZET6, STM32H533CET6, STM32H533CEU6, STM32H533HEY6TR, STM32H533RET6, STM32H533VEI6, STM32H533VET6, STM32H533ZEJ6, STM32H533ZET6, STM32H562AGI6, STM32H562AII6, STM32H562IGK6, STM32H562IGT6, STM32H562IIK6, STM32H562IIT6, STM32H562RGT6, STM32H562RGV6, STM32H562RIT6, STM32H562RIV6, STM32H562VGT6, STM32H562VIT6, STM32H562ZGT6, STM32H562ZIT6, STM32H563AGI6, STM32H563AII3Q, STM32H563AII6, STM32H563IGK6, STM32H563IGT6, STM32H563IIK3Q, STM32H563IIK6, STM32H563IIT3Q, STM32H563IIT6, STM32H563MIY3QTR, STM32H563RGT6, STM32H563RGV6, STM32H563RIT6, STM32H563RIV6, STM32H563VGT6, STM32H563VIT3Q, STM32H563VIT6, STM32H563ZGT6, STM32H563ZIT3Q, STM32H563ZIT6, STM32H573AII3Q, STM32H573AII6, STM32H573I-DK, STM32H573IIK3Q, STM32H573IIK6, STM32H573IIT3Q, STM32H573IIT6, STM32H573MIY3QTR, STM32H573RIT6, STM32H573RIV6, STM32H573VIT3Q, STM32H573VIT6, STM32H573ZIT3Q, STM32H573ZIT6, STM32H7R3A8I6, STM32H7R3I8K6, STM32H7R3I8T6, STM32H7R3L8H6, STM32H7R3L8H6H, STM32H7R3R8V6, STM32H7R3V8H6, STM32H7R3V8T6, STM32H7R3V8Y6TR, STM32H7R3Z8J6, STM32H7R3Z8T6, STM32H7R7A8I6, STM32H7R7I8K6, STM32H7R7I8T6, STM32H7R7L8H6, STM32H7R7L8H6H, STM32H7R7Z8J6, STM32H7S3A8I6, STM32H7S3I8K6, STM32H7S3I8T6, STM32H7S3L8H6, STM32H7S3L8H6H, STM32H7S3R8V6, STM32H7S3V8H6, STM32H7S3V8T6, STM32H7S3V8Y6TR, STM32H7S3Z8J6, STM32H7S3Z8T6, STM32H7S78-DK, STM32H7S7A8I6, STM32H7S7I8K6, STM32H7S7I8T6, STM32H7S7L8H6, STM32H7S7L8H6H, STM32H7S7Z8J6, STM32L4R5QGI6STR, STM32MP131AAE3, STM32MP131AAF3, STM32MP131AAG3, STM32MP131CAE3, STM32MP131CAF3, STM32MP131CAG3, STM32MP131DAE7, STM32MP131DAF7, STM32MP131DAG7, STM32MP131FAE7, STM32MP131FAF7, STM32MP131FAG7, STM32MP133AAE3, STM32MP133AAF3, STM32MP133AAG3, STM32MP133CAE3, STM32MP133CAF3, STM32MP133CAG3, STM32MP133DAE7, STM32MP133DAF7, STM32MP133DAG7, STM32MP133FAE7, STM32MP133FAF7, STM32MP133FAG7, STM32MP135AAE3, STM32MP135AAF3, STM32MP135AAG3, STM32MP135CAE3, STM32MP135CAF3, STM32MP135CAG3, STM32MP135DAE7, STM32MP135DAF7, STM32MP135DAG7, STM32MP135F-DK, STM32MP135FAE7, STM32MP135FAF7, STM32MP135FAF7T, STM32MP135FAF7U, STM32MP135FAG7, STM32MP251AAI3, STM32MP251AAK3, STM32MP251AAL3, STM32MP251CAI3, STM32MP251CAK3, STM32MP251CAL3, STM32MP251DAI3, STM32MP251DAK3, STM32MP251DAL3, STM32MP251FAI3, STM32MP251FAK3, STM32MP251FAL3, STM32MP253AAI3, STM32MP253AAK3, STM32MP253AAL3, STM32MP253CAI3, STM32MP253CAK3, STM32MP253CAL3, STM32MP253DAI3, STM32MP253DAK3, STM32MP253DAL3, STM32MP253FAI3, STM32MP253FAK3, STM32MP253FAL3, STM32MP255AAI3, STM32MP255AAK3, STM32MP255AAL3, STM32MP255CAI3, STM32MP255CAK3, STM32MP255CAL3, STM32MP255DAI3, STM32MP255DAK3, STM32MP255DAL3, STM32MP255FAI3, STM32MP255FAK3, STM32MP255FAL3, STM32MP257AAI3, STM32MP257AAK3, STM32MP257AAL3, STM32MP257CAI3, STM32MP257CAK3, STM32MP257CAL3, STM32MP257DAI3, STM32MP257DAK3, STM32MP257DAL3, STM32MP257F-DK, STM32MP257F-EV1, STM32MP257FAI3, STM32MP257FAK3, STM32MP257FAL3, STM32U031C6T6, STM32U031C6U6, STM32U031C8T6, STM32U031C8U6, STM32U031F4P6, STM32U031F6P6, STM32U031F8P6, STM32U031G6Y6TR, STM32U031G8Y6TR, STM32U031K4U6, STM32U031K6U6, STM32U031K8U6, STM32U031R6I6, STM32U031R6T6, STM32U031R8I6, STM32U031R8T6, STM32U073C8T6, STM32U073C8U6, STM32U073CBT6, STM32U073CBU6, STM32U073CCT6, STM32U073CCU6, STM32U073H8Y6TR, STM32U073HBY6TR, STM32U073HCY6TR, STM32U073K8U6, STM32U073KBU6, STM32U073KCU6, STM32U073M8I6, STM32U073M8T6, STM32U073MBI6, STM32U073MBT6, STM32U073MCI6, STM32U073MCT6, STM32U073R8I6, STM32U073R8T6, STM32U073RBI6, STM32U073RBT6, STM32U073RCI6, STM32U073RCT6, STM32U083C-DK, STM32U083CCT6, STM32U083CCU6, STM32U083HCY6TR, STM32U083KCU6, STM32U083MCI6, STM32U083MCT6, STM32U083RCI6, STM32U083RCT6, STM32U535CBT6, STM32U535CBT6Q, STM32U535CBU6, STM32U535CBU6Q, STM32U535CCT6, STM32U535CCT6Q, STM32U535CCU6, STM32U535CCU6Q, STM32U535CET6, STM32U535CET6Q, STM32U535CEU6, STM32U535CEU6Q, STM32U535JEY6QTR, STM32U535NCY6QTR, STM32U535NEY6QTR, STM32U535RBI6, STM32U535RBI6Q, STM32U535RBT6, STM32U535RBT6Q, STM32U535RCI6, STM32U535RCI6Q, STM32U535RCT6, STM32U535RCT6Q, STM32U535REI6, STM32U535REI6Q, STM32U535RET6, STM32U535RET6Q, STM32U535VCI6, STM32U535VCI6Q, STM32U535VCT6, STM32U535VCT6Q, STM32U535VEI6, STM32U535VEI6Q, STM32U535VET6, STM32U535VET6Q, STM32U545CET6, STM32U545CET6Q, STM32U545CEU6, STM32U545CEU6Q, STM32U545JEY6QTR, STM32U545NEY6QTR, STM32U545REI6, STM32U545REI6Q, STM32U545RET6, STM32U545RET6Q, STM32U545VEI6, STM32U545VEI6Q, STM32U545VET6, STM32U545VET6Q, STM32U595AIH6, STM32U595AIH6Q, STM32U595AJH6, STM32U595AJH6Q, STM32U595QII6, STM32U595QII6Q, STM32U595QJI6, STM32U595QJI6Q, STM32U595RIT6, STM32U595RIT6Q, STM32U595RJT6, STM32U595RJT6Q, STM32U595VIT6, STM32U595VIT6Q, STM32U595VJT6, STM32U595VJT6Q, STM32U595ZIT6, STM32U595ZIT6Q, STM32U595ZIY6QTR, STM32U595ZJT6, STM32U595ZJT6Q, STM32U595ZJY6QTR, STM32U599BJY6QTR, STM32U599NIH6Q, STM32U599NJH6Q, STM32U599VIT6Q, STM32U599VJT6, STM32U599VJT6Q, STM32U599ZIT6Q, STM32U599ZIY6QTR, STM32U599ZJT6Q, STM32U599ZJY6QTR, STM32U5A5AJH6, STM32U5A5AJH6Q, STM32U5A5QII3Q , STM32U5A5QJI6, STM32U5A5QJI6Q, STM32U5A5RJT6, STM32U5A5RJT6Q, STM32U5A5VJT6, STM32U5A5VJT6Q, STM32U5A5ZJT6, STM32U5A5ZJT6Q, STM32U5A5ZJY6QTR, STM32U5A9BJY6QTR, STM32U5A9J-DK, STM32U5A9NJH6Q, STM32U5A9VJT6Q, STM32U5A9ZJT6Q, STM32U5A9ZJY6QTR, STM32U5F7VIT6, STM32U5F7VIT6Q, STM32U5F7VJT6, STM32U5F7VJT6Q, STM32U5F9BJY6QTR, STM32U5F9NJH6Q, STM32U5F9VIT6Q, STM32U5F9VJT6Q, STM32U5F9ZIJ6QTR, STM32U5F9ZIT6Q, STM32U5F9ZJJ6QTR, STM32U5F9ZJT6Q, STM32U5G7VJT6, STM32U5G7VJT6Q, STM32U5G9BJY6QTR, STM32U5G9J-DK1, STM32U5G9J-DK2, STM32U5G9NJH6Q, STM32U5G9VJT6Q, STM32U5G9ZJJ6QTR, STM32U5G9ZJT6Q, STM32WB05KZV6TR, STM32WB05KZV7TR, STM32WB05TZF6TR, STM32WB05TZF7TR, STM32WB06CCF6TR, STM32WB06CCF7TR, STM32WB06CCV6TR, STM32WB06CCV7TR, STM32WB06KCV6TR, STM32WB06KCV7TR, STM32WB07CCF6TR, STM32WB07CCF7TR, STM32WB07CCV6TR, STM32WB07CCV7TR, STM32WB07KCV6TR, STM32WB07KCV7TR, STM32WB09KEV6TR, STM32WB09KEV7TR, STM32WB09TEF6TR, STM32WB09TEF7TR, STM32WB1MMCH6, STM32WBA50KGU6, STM32WBA50KGU6TR, STM32WBA52CEU6, STM32WBA52CEU6TR, STM32WBA52CEU7, STM32WBA52CEU7TR, STM32WBA52CGU6, STM32WBA52CGU6TR, STM32WBA52CGU6U, STM32WBA52CGU7, STM32WBA52CGU7TR, STM32WBA52KEU6, STM32WBA52KEU6TR, STM32WBA52KGU6, STM32WBA52KGU6TR, STM32WBA54CEU6, STM32WBA54CEU6TR, STM32WBA54CEU7, STM32WBA54CEU7TR, STM32WBA54CGU6, STM32WBA54CGU6TR, STM32WBA54CGU7, STM32WBA54CGU7TR, STM32WBA54KEU6, STM32WBA54KEU6TR, STM32WBA54KEU7, STM32WBA54KEU7TR, STM32WBA54KGU6, STM32WBA54KGU6TR, STM32WBA54KGU7, STM32WBA54KGU7TR, STM32WBA55CEU6, STM32WBA55CEU6TR, STM32WBA55CEU7, STM32WBA55CEU7TR, STM32WBA55CGU6, STM32WBA55CGU6TR, STM32WBA55CGU6U, STM32WBA55CGU7, STM32WBA55CGU7TR, STM32WBA55G-DK1, STM32WBA55HEF6, STM32WBA55HEF7, STM32WBA55HGF6, STM32WBA55HGF7, STM32WBA55UEI6, STM32WBA55UEI6TR, STM32WBA55UEI7, STM32WBA55UEI7TR, STM32WBA55UGI6, STM32WBA55UGI6TR, STM32WBA55UGI7, STM32WBA55UGI7TR, STM32WL5MOCH6, STM32WL5MOCH6TR]
2026-03-25 19:18:48,470 [INFO] DbMcus:218 - Found 5045 MCUs, 4958 are supported
2026-03-25 19:18:48,484 [INFO] ApiDb:423 - Load user favorites file C:\Users\DELL/.stm32cubeide/favorites.mcus.txt: 0 item(s)
2026-03-25 19:18:48,486 [INFO] ApiDb:427 - User favorites MCUs=[]
2026-03-25 19:18:48,487 [INFO] DbMcus:224 - Set 0 / 0 favorites MCUs
2026-03-25 19:18:49,728 [INFO] ApiDb:668 - CubeFinder database Data Model version=2.1
2026-03-25 19:18:49,728 [INFO] ApiDb:669 - CubeFinder database Configuration version=3.0.42
2026-03-25 19:18:49,728 [INFO] ApiDb:670 - CubeFinder database generation date=2026-03-11 (1773229989)
2026-03-25 19:18:49,728 [INFO] ApiDb:671 - CubeFinder database FW Pack versions=[FP-ATR-ASTRA1_V2.0.0, FP-SNS-FLIGHT1_V5.1.0, FP-SNS-MOTENV1_V5.1.0, FP-SNS-MOTENVWB1_V1.5.0, FP-SNS-SMARTAG2_V1.2.0, FP-SNS-STBOX1_V2.1.0, STM32Cube_FW_C0_V1.4.0, STM32Cube_FW_F4_V1.28.3, STM32Cube_FW_F7_V1.17.4, STM32Cube_FW_G0_V1.6.3, STM32Cube_FW_G4_V1.6.2, STM32Cube_FW_H5_V1.6.0, STM32Cube_FW_H7RS_V1.3.0, STM32Cube_FW_H7_V1.13.0, STM32Cube_FW_L0_V1.12.2, STM32Cube_FW_L4_V1.18.2, STM32Cube_FW_L5_V1.6.0, STM32Cube_FW_N6_V1.3.0, STM32Cube_FW_U0_V1.3.0, STM32Cube_FW_U3_V1.3.0, STM32Cube_FW_U5_V1.8.0, STM32Cube_FW_WB0_V1.4.0, STM32Cube_FW_WBA_V1.9.0, STM32Cube_FW_WB_V1.24.0, STM32Cube_FW_WL3_V1.4.0, STM32Cube_FW_WL_V1.5.0, X-CUBE-ALGOBUILD_V1.4.0, X-CUBE-ALS_V1.0.2, X-CUBE-AZRTOS-F4_V1.1.0, X-CUBE-AZRTOS-F7_V1.1.0, X-CUBE-AZRTOS-G0_V1.1.0, X-CUBE-AZRTOS-G4_V2.0.0, X-CUBE-AZRTOS-H7RS_V1.1.0, X-CUBE-AZRTOS-H7_V3.4.0, X-CUBE-AZRTOS-L4_V2.0.0, X-CUBE-AZRTOS-L5_V2.0.0, X-CUBE-AZRTOS-WB_V2.0.0, X-CUBE-AZRTOS-WL_V2.0.0, X-CUBE-BLE1_V7.1.0, X-CUBE-BLE2_V3.3.0, X-CUBE-BLEMGR_V4.1.0, X-CUBE-EEPRMA1_V5.2.0, X-CUBE-FREERTOS_V1.5.0, X-CUBE-GNSS1_V6.0.0, X-CUBE-MEMS1_V12.0.0, X-CUBE-NFC4_V3.0.0, X-CUBE-NFC7_V2.0.0, X-CUBE-SFXS2LP1_V4.0.0, X-CUBE-ST67W61_V1.2.0, X-CUBE-SUBG2_V5.0.0, X-CUBE-TOF1_V3.4.3]
2026-03-25 19:18:49,817 [INFO] DbBoardsSqlite:226 - include board P-NUCLEO-WB55-NUCLEO as a kit item of type 'Nucleo-64'
2026-03-25 19:18:49,817 [INFO] DbBoardsSqlite:226 - include board P-NUCLEO-WB55-USBDONGLE as a kit item of type 'Nucleo USB Dongle'
2026-03-25 19:18:49,818 [INFO] DbBoardsSqlite:226 - include board STEVAL-IDP005V1 as a kit item of type 'Evaluation Board'
2026-03-25 19:18:49,818 [INFO] DbBoardsSqlite:226 - include board STEVAL-IDP005V2 as a kit item of type 'Evaluation Board'
2026-03-25 19:18:49,961 [INFO] ApiDb:240 - Found 646 in-development CPN: [B-G473E-ZEST1S, B-WB1M-WPAN1, B-WL5M-SUBG1, NUCLEO-C031C6, NUCLEO-C071RB, NUCLEO-H503RB, NUCLEO-H533RE, NUCLEO-H563ZI, NUCLEO-H7S3L8, NUCLEO-U031R8, NUCLEO-U083RC, NUCLEO-U545RE-Q, NUCLEO-U5A5ZJ-Q, NUCLEO-WB05KZ, NUCLEO-WB07CC, NUCLEO-WB09KE, NUCLEO-WBA52CG, NUCLEO-WBA55CG, STEVAL-PROTEUS1, STEVAL-SMARTAG2, STEVAL-STWINBX1, STM320518-EVAL, STM32C0116-DK, STM32C011D6Y3TR, STM32C011D6Y6TR, STM32C011F4P3, STM32C011F4P6, STM32C011F4U3, STM32C011F4U6TR, STM32C011F6P3, STM32C011F6P6, STM32C011F6U3, STM32C011F6U6TR, STM32C011J4M3, STM32C011J4M6, STM32C011J6M3, STM32C011J6M6, STM32C0316-DK, STM32C031C4T3, STM32C031C4T6, STM32C031C4U3, STM32C031C4U6, STM32C031C6T3, STM32C031C6T6, STM32C031C6U3, STM32C031C6U6, STM32C031F4P3, STM32C031F4P6, STM32C031F6P3, STM32C031F6P6, STM32C031G4U3, STM32C031G4U6, STM32C031G6U3, STM32C031G6U6, STM32C031K4T3, STM32C031K4T6, STM32C031K4U3, STM32C031K4U6, STM32C031K6T3, STM32C031K6T6, STM32C031K6U3, STM32C031K6U6, STM32C071C8T6, STM32C071C8T6N, STM32C071C8U6, STM32C071C8U6N, STM32C071CBT6, STM32C071CBT6N, STM32C071CBU6, STM32C071CBU6N, STM32C071F8P6, STM32C071F8P6N, STM32C071FBP6, STM32C071FBP6N, STM32C071FBY6TR, STM32C071G8U6, STM32C071G8U6N, STM32C071GBU6, STM32C071GBU6N, STM32C071K8T6, STM32C071K8T6N, STM32C071K8U6, STM32C071K8U6N, STM32C071KBT6, STM32C071KBT6N, STM32C071KBU6, STM32C071KBU6N, STM32C071R8T6, STM32C071R8T6N, STM32C071RBI6N, STM32C071RBT6, STM32C071RBT6N, STM32G071K8TXN, STM32G071K8UXN, STM32G081GBU6N, STM32G081KBT6N, STM32G081KBUXN, STM32G0B1CCT6N, STM32G0B1KCT6, STM32G0B1NEY6TR, STM32G0B1RCT6N, STM32G0C1CCT6, STM32G0C1CCT6N, STM32G0C1CCU6N, STM32G0C1CET6N, STM32G0C1CEU6N, STM32G0C1KCT6, STM32G0C1NEY6TR, STM32G0C1RCI6N, STM32G0C1RCT6N, STM32G0C1REI6N, STM32G0C1RET6N, STM32G0C1VCI6, STM32G0C1VEI6, STM32G411C6T3, STM32G411C6T6, STM32G411C6U3, STM32G411C6U6, STM32G411C8T3, STM32G411C8T6, STM32G411C8U3, STM32G411C8U6, STM32G411CBT3, STM32G411CBT6, STM32G411CBU3, STM32G411CBU6, STM32G411K6T3, STM32G411K6T6, STM32G411K6U3, STM32G411K6U6, STM32G411K8T3, STM32G411K8T6, STM32G411K8U3, STM32G411K8U6, STM32G411KBT3, STM32G411KBT6, STM32G411KBU3, STM32G411KBU6, STM32G411M6T3, STM32G411M6T6, STM32G411M8T3, STM32G411M8T6, STM32G411MBT3, STM32G411MBT6, STM32G411R6T3, STM32G411R6T6, STM32G411R8T3, STM32G411R8T6, STM32G411RBT3, STM32G411RBT6, STM32G414CBT3, STM32G414CBT6, STM32G414CBU3, STM32G414CBU6, STM32G414CCT3, STM32G414CCT6, STM32G414CCU3, STM32G414CCU6, STM32G414MBT3, STM32G414MBT6, STM32G414MCT3, STM32G414MCT6, STM32G414RBT3, STM32G414RBT6, STM32G414RCT3, STM32G414RCT6, STM32G414VBT3, STM32G414VBT6, STM32G414VCT3, STM32G414VCT6, STM32G431CBT3Z, STM32G431RBT3Z, STM32G471CCT6, STM32G471CCU6, STM32G471CET3, STM32G471CET6, STM32G471CEU3, STM32G471CEU6, STM32G471MCT6, STM32G471MET3, STM32G471MET6, STM32G471MEY6TR, STM32G471QCT6, STM32G471QET3, STM32G471RCT6, STM32G471RET3, STM32G471RET6, STM32G471VCH6, STM32G471VCI6, STM32G471VCT6, STM32G471VEH3, STM32G471VEH6, STM32G471VEI3, STM32G471VEI6, STM32G471VET3, STM32G471VET6, STM32G473QET3Z, STM32G473RET3Z, STM32G474CCT6, STM32G491RET3Z, STM32H503CBT6, STM32H503CBU6, STM32H503EBY6TR, STM32H503KBU6, STM32H503RBT6, STM32H523CCT6, STM32H523CCU6, STM32H523CET6, STM32H523CEU6, STM32H523HEY6TR, STM32H523RCT6, STM32H523RET6, STM32H523VCI6, STM32H523VCT6, STM32H523VEI6, STM32H523VET6, STM32H523ZCJ6, STM32H523ZCT6, STM32H523ZEJ6, STM32H523ZET6, STM32H533CET6, STM32H533CEU6, STM32H533HEY6TR, STM32H533RET6, STM32H533VEI6, STM32H533VET6, STM32H533ZEJ6, STM32H533ZET6, STM32H562AGI6, STM32H562AII6, STM32H562IGK6, STM32H562IGT6, STM32H562IIK6, STM32H562IIT6, STM32H562RGT6, STM32H562RGV6, STM32H562RIT6, STM32H562RIV6, STM32H562VGT6, STM32H562VIT6, STM32H562ZGT6, STM32H562ZIT6, STM32H563AGI6, STM32H563AII3Q, STM32H563AII6, STM32H563IGK6, STM32H563IGT6, STM32H563IIK3Q, STM32H563IIK6, STM32H563IIT3Q, STM32H563IIT6, STM32H563MIY3QTR, STM32H563RGT6, STM32H563RGV6, STM32H563RIT6, STM32H563RIV6, STM32H563VGT6, STM32H563VIT3Q, STM32H563VIT6, STM32H563ZGT6, STM32H563ZIT3Q, STM32H563ZIT6, STM32H573AII3Q, STM32H573AII6, STM32H573I-DK, STM32H573IIK3Q, STM32H573IIK6, STM32H573IIT3Q, STM32H573IIT6, STM32H573MIY3QTR, STM32H573RIT6, STM32H573RIV6, STM32H573VIT3Q, STM32H573VIT6, STM32H573ZIT3Q, STM32H573ZIT6, STM32H7R3A8I6, STM32H7R3I8K6, STM32H7R3I8T6, STM32H7R3L8H6, STM32H7R3L8H6H, STM32H7R3R8V6, STM32H7R3V8H6, STM32H7R3V8T6, STM32H7R3V8Y6TR, STM32H7R3Z8J6, STM32H7R3Z8T6, STM32H7R7A8I6, STM32H7R7I8K6, STM32H7R7I8T6, STM32H7R7L8H6, STM32H7R7L8H6H, STM32H7R7Z8J6, STM32H7S3A8I6, STM32H7S3I8K6, STM32H7S3I8T6, STM32H7S3L8H6, STM32H7S3L8H6H, STM32H7S3R8V6, STM32H7S3V8H6, STM32H7S3V8T6, STM32H7S3V8Y6TR, STM32H7S3Z8J6, STM32H7S3Z8T6, STM32H7S78-DK, STM32H7S7A8I6, STM32H7S7I8K6, STM32H7S7I8T6, STM32H7S7L8H6, STM32H7S7L8H6H, STM32H7S7Z8J6, STM32L4R5QGI6STR, STM32MP131AAE3, STM32MP131AAF3, STM32MP131AAG3, STM32MP131CAE3, STM32MP131CAF3, STM32MP131CAG3, STM32MP131DAE7, STM32MP131DAF7, STM32MP131DAG7, STM32MP131FAE7, STM32MP131FAF7, STM32MP131FAG7, STM32MP133AAE3, STM32MP133AAF3, STM32MP133AAG3, STM32MP133CAE3, STM32MP133CAF3, STM32MP133CAG3, STM32MP133DAE7, STM32MP133DAF7, STM32MP133DAG7, STM32MP133FAE7, STM32MP133FAF7, STM32MP133FAG7, STM32MP135AAE3, STM32MP135AAF3, STM32MP135AAG3, STM32MP135CAE3, STM32MP135CAF3, STM32MP135CAG3, STM32MP135DAE7, STM32MP135DAF7, STM32MP135DAG7, STM32MP135F-DK, STM32MP135FAE7, STM32MP135FAF7, STM32MP135FAF7T, STM32MP135FAF7U, STM32MP135FAG7, STM32MP251AAI3, STM32MP251AAK3, STM32MP251AAL3, STM32MP251CAI3, STM32MP251CAK3, STM32MP251CAL3, STM32MP251DAI3, STM32MP251DAK3, STM32MP251DAL3, STM32MP251FAI3, STM32MP251FAK3, STM32MP251FAL3, STM32MP253AAI3, STM32MP253AAK3, STM32MP253AAL3, STM32MP253CAI3, STM32MP253CAK3, STM32MP253CAL3, STM32MP253DAI3, STM32MP253DAK3, STM32MP253DAL3, STM32MP253FAI3, STM32MP253FAK3, STM32MP253FAL3, STM32MP255AAI3, STM32MP255AAK3, STM32MP255AAL3, STM32MP255CAI3, STM32MP255CAK3, STM32MP255CAL3, STM32MP255DAI3, STM32MP255DAK3, STM32MP255DAL3, STM32MP255FAI3, STM32MP255FAK3, STM32MP255FAL3, STM32MP257AAI3, STM32MP257AAK3, STM32MP257AAL3, STM32MP257CAI3, STM32MP257CAK3, STM32MP257CAL3, STM32MP257DAI3, STM32MP257DAK3, STM32MP257DAL3, STM32MP257F-DK, STM32MP257F-EV1, STM32MP257FAI3, STM32MP257FAK3, STM32MP257FAL3, STM32U031C6T6, STM32U031C6U6, STM32U031C8T6, STM32U031C8U6, STM32U031F4P6, STM32U031F6P6, STM32U031F8P6, STM32U031G6Y6TR, STM32U031G8Y6TR, STM32U031K4U6, STM32U031K6U6, STM32U031K8U6, STM32U031R6I6, STM32U031R6T6, STM32U031R8I6, STM32U031R8T6, STM32U073C8T6, STM32U073C8U6, STM32U073CBT6, STM32U073CBU6, STM32U073CCT6, STM32U073CCU6, STM32U073H8Y6TR, STM32U073HBY6TR, STM32U073HCY6TR, STM32U073K8U6, STM32U073KBU6, STM32U073KCU6, STM32U073M8I6, STM32U073M8T6, STM32U073MBI6, STM32U073MBT6, STM32U073MCI6, STM32U073MCT6, STM32U073R8I6, STM32U073R8T6, STM32U073RBI6, STM32U073RBT6, STM32U073RCI6, STM32U073RCT6, STM32U083C-DK, STM32U083CCT6, STM32U083CCU6, STM32U083HCY6TR, STM32U083KCU6, STM32U083MCI6, STM32U083MCT6, STM32U083RCI6, STM32U083RCT6, STM32U535CBT6, STM32U535CBT6Q, STM32U535CBU6, STM32U535CBU6Q, STM32U535CCT6, STM32U535CCT6Q, STM32U535CCU6, STM32U535CCU6Q, STM32U535CET6, STM32U535CET6Q, STM32U535CEU6, STM32U535CEU6Q, STM32U535JEY6QTR, STM32U535NCY6QTR, STM32U535NEY6QTR, STM32U535RBI6, STM32U535RBI6Q, STM32U535RBT6, STM32U535RBT6Q, STM32U535RCI6, STM32U535RCI6Q, STM32U535RCT6, STM32U535RCT6Q, STM32U535REI6, STM32U535REI6Q, STM32U535RET6, STM32U535RET6Q, STM32U535VCI6, STM32U535VCI6Q, STM32U535VCT6, STM32U535VCT6Q, STM32U535VEI6, STM32U535VEI6Q, STM32U535VET6, STM32U535VET6Q, STM32U545CET6, STM32U545CET6Q, STM32U545CEU6, STM32U545CEU6Q, STM32U545JEY6QTR, STM32U545NEY6QTR, STM32U545REI6, STM32U545REI6Q, STM32U545RET6, STM32U545RET6Q, STM32U545VEI6, STM32U545VEI6Q, STM32U545VET6, STM32U545VET6Q, STM32U595AIH6, STM32U595AIH6Q, STM32U595AJH6, STM32U595AJH6Q, STM32U595QII6, STM32U595QII6Q, STM32U595QJI6, STM32U595QJI6Q, STM32U595RIT6, STM32U595RIT6Q, STM32U595RJT6, STM32U595RJT6Q, STM32U595VIT6, STM32U595VIT6Q, STM32U595VJT6, STM32U595VJT6Q, STM32U595ZIT6, STM32U595ZIT6Q, STM32U595ZIY6QTR, STM32U595ZJT6, STM32U595ZJT6Q, STM32U595ZJY6QTR, STM32U599BJY6QTR, STM32U599NIH6Q, STM32U599NJH6Q, STM32U599VIT6Q, STM32U599VJT6, STM32U599VJT6Q, STM32U599ZIT6Q, STM32U599ZIY6QTR, STM32U599ZJT6Q, STM32U599ZJY6QTR, STM32U5A5AJH6, STM32U5A5AJH6Q, STM32U5A5QII3Q , STM32U5A5QJI6, STM32U5A5QJI6Q, STM32U5A5RJT6, STM32U5A5RJT6Q, STM32U5A5VJT6, STM32U5A5VJT6Q, STM32U5A5ZJT6, STM32U5A5ZJT6Q, STM32U5A5ZJY6QTR, STM32U5A9BJY6QTR, STM32U5A9J-DK, STM32U5A9NJH6Q, STM32U5A9VJT6Q, STM32U5A9ZJT6Q, STM32U5A9ZJY6QTR, STM32U5F7VIT6, STM32U5F7VIT6Q, STM32U5F7VJT6, STM32U5F7VJT6Q, STM32U5F9BJY6QTR, STM32U5F9NJH6Q, STM32U5F9VIT6Q, STM32U5F9VJT6Q, STM32U5F9ZIJ6QTR, STM32U5F9ZIT6Q, STM32U5F9ZJJ6QTR, STM32U5F9ZJT6Q, STM32U5G7VJT6, STM32U5G7VJT6Q, STM32U5G9BJY6QTR, STM32U5G9J-DK1, STM32U5G9J-DK2, STM32U5G9NJH6Q, STM32U5G9VJT6Q, STM32U5G9ZJJ6QTR, STM32U5G9ZJT6Q, STM32WB05KZV6TR, STM32WB05KZV7TR, STM32WB05TZF6TR, STM32WB05TZF7TR, STM32WB06CCF6TR, STM32WB06CCF7TR, STM32WB06CCV6TR, STM32WB06CCV7TR, STM32WB06KCV6TR, STM32WB06KCV7TR, STM32WB07CCF6TR, STM32WB07CCF7TR, STM32WB07CCV6TR, STM32WB07CCV7TR, STM32WB07KCV6TR, STM32WB07KCV7TR, STM32WB09KEV6TR, STM32WB09KEV7TR, STM32WB09TEF6TR, STM32WB09TEF7TR, STM32WB1MMCH6, STM32WBA50KGU6, STM32WBA50KGU6TR, STM32WBA52CEU6, STM32WBA52CEU6TR, STM32WBA52CEU7, STM32WBA52CEU7TR, STM32WBA52CGU6, STM32WBA52CGU6TR, STM32WBA52CGU6U, STM32WBA52CGU7, STM32WBA52CGU7TR, STM32WBA52KEU6, STM32WBA52KEU6TR, STM32WBA52KGU6, STM32WBA52KGU6TR, STM32WBA54CEU6, STM32WBA54CEU6TR, STM32WBA54CEU7, STM32WBA54CEU7TR, STM32WBA54CGU6, STM32WBA54CGU6TR, STM32WBA54CGU7, STM32WBA54CGU7TR, STM32WBA54KEU6, STM32WBA54KEU6TR, STM32WBA54KEU7, STM32WBA54KEU7TR, STM32WBA54KGU6, STM32WBA54KGU6TR, STM32WBA54KGU7, STM32WBA54KGU7TR, STM32WBA55CEU6, STM32WBA55CEU6TR, STM32WBA55CEU7, STM32WBA55CEU7TR, STM32WBA55CGU6, STM32WBA55CGU6TR, STM32WBA55CGU6U, STM32WBA55CGU7, STM32WBA55CGU7TR, STM32WBA55G-DK1, STM32WBA55HEF6, STM32WBA55HEF7, STM32WBA55HGF6, STM32WBA55HGF7, STM32WBA55UEI6, STM32WBA55UEI6TR, STM32WBA55UEI7, STM32WBA55UEI7TR, STM32WBA55UGI6, STM32WBA55UGI6TR, STM32WBA55UGI7, STM32WBA55UGI7TR, STM32WL5MOCH6, STM32WL5MOCH6TR]
2026-03-25 19:18:50,086 [INFO] BoardInfo:889 - No configuration file found for board B-WBA5M-WPAN
2026-03-25 19:18:50,087 [INFO] DbBoards:161 - Board is not supported: B-WBA5M-WPAN
2026-03-25 19:18:50,093 [INFO] BoardInfo:889 - No configuration file found for board NUCLEO-C051C8
2026-03-25 19:18:50,094 [INFO] DbBoards:161 - Board is not supported: NUCLEO-C051C8
2026-03-25 19:18:50,098 [INFO] BoardInfo:889 - No configuration file found for board NUCLEO-C092RC
2026-03-25 19:18:50,098 [INFO] DbBoards:161 - Board is not supported: NUCLEO-C092RC
2026-03-25 19:18:50,196 [INFO] BoardInfo:889 - No configuration file found for board NUCLEO-H5E5ZJ
2026-03-25 19:18:50,197 [INFO] DbBoards:161 - Board is not supported: NUCLEO-H5E5ZJ
2026-03-25 19:18:50,266 [INFO] BoardInfo:889 - No configuration file found for board NUCLEO-N657X0-Q
2026-03-25 19:18:50,267 [INFO] DbBoards:161 - Board is not supported: NUCLEO-N657X0-Q
2026-03-25 19:18:50,272 [INFO] BoardInfo:889 - No configuration file found for board NUCLEO-U385RG-Q
2026-03-25 19:18:50,272 [INFO] DbBoards:161 - Board is not supported: NUCLEO-U385RG-Q
2026-03-25 19:18:50,274 [INFO] BoardInfo:889 - No configuration file found for board NUCLEO-U3C5ZI-Q
2026-03-25 19:18:50,275 [INFO] DbBoards:161 - Board is not supported: NUCLEO-U3C5ZI-Q
2026-03-25 19:18:50,291 [INFO] BoardInfo:889 - No configuration file found for board NUCLEO-WBA25CE1
2026-03-25 19:18:50,291 [INFO] DbBoards:161 - Board is not supported: NUCLEO-WBA25CE1
2026-03-25 19:18:50,297 [INFO] BoardInfo:889 - No configuration file found for board NUCLEO-WBA65RI
2026-03-25 19:18:50,298 [INFO] DbBoards:161 - Board is not supported: NUCLEO-WBA65RI
2026-03-25 19:18:50,300 [INFO] BoardInfo:889 - No configuration file found for board NUCLEO-WL33CC1
2026-03-25 19:18:50,300 [INFO] DbBoards:161 - Board is not supported: NUCLEO-WL33CC1
2026-03-25 19:18:50,302 [INFO] BoardInfo:889 - No configuration file found for board NUCLEO-WL33CC2
2026-03-25 19:18:50,303 [INFO] DbBoards:161 - Board is not supported: NUCLEO-WL33CC2
2026-03-25 19:18:50,305 [INFO] BoardInfo:889 - No configuration file found for board NUCLEO-WL3RKB1
2026-03-25 19:18:50,306 [INFO] DbBoards:161 - Board is not supported: NUCLEO-WL3RKB1
2026-03-25 19:18:50,308 [INFO] BoardInfo:889 - No configuration file found for board NUCLEO-WL3RKB2
2026-03-25 19:18:50,308 [INFO] DbBoards:161 - Board is not supported: NUCLEO-WL3RKB2
2026-03-25 19:18:50,318 [INFO] BoardInfo:889 - No configuration file found for board P-NUCLEO-WB55
2026-03-25 19:18:50,319 [INFO] DbBoards:161 - Kit is not supported: P-NUCLEO-WB55
2026-03-25 19:18:50,325 [INFO] BoardInfo:889 - No configuration file found for board STEVAL-BFA001V1B
2026-03-25 19:18:50,326 [INFO] DbBoards:161 - Kit is not supported: STEVAL-BFA001V1B
2026-03-25 19:18:50,328 [INFO] BoardInfo:889 - No configuration file found for board STEVAL-BFA001V2B
2026-03-25 19:18:50,328 [INFO] DbBoards:161 - Kit is not supported: STEVAL-BFA001V2B
2026-03-25 19:18:50,431 [INFO] BoardInfo:889 - No configuration file found for board STM32H5F5J-DK
2026-03-25 19:18:50,432 [INFO] DbBoards:161 - Board is not supported: STM32H5F5J-DK
2026-03-25 19:18:50,506 [INFO] BoardInfo:889 - No configuration file found for board STM32MP215F-DK
2026-03-25 19:18:50,507 [INFO] DbBoards:161 - Board is not supported: STM32MP215F-DK
2026-03-25 19:18:50,512 [INFO] BoardInfo:889 - No configuration file found for board STM32N6570-DK
2026-03-25 19:18:50,513 [INFO] DbBoards:161 - Board is not supported: STM32N6570-DK
2026-03-25 19:18:50,529 [INFO] BoardInfo:889 - No configuration file found for board STM32WBA65I-DK1
2026-03-25 19:18:50,530 [INFO] DbBoards:161 - Board is not supported: STM32WBA65I-DK1
2026-03-25 19:18:50,530 [INFO] DbBoards:168 - Found 218 boards, 198 are supported
2026-03-25 19:18:50,530 [INFO] DbBoards:169 - Found 218 boards, 25 of them is supported for  Bsp
2026-03-25 19:18:50,536 [INFO] ApiDb:414 - User favorites file not found: C:\Users\DELL/.stm32cubeide/favorites.boards.txt
2026-03-25 19:18:50,537 [INFO] DbBoards:198 - Set 0 / 0 favorites Boards
2026-03-25 19:18:50,540 [INFO] ApiDb:668 - CubeFinder database Data Model version=2.1
2026-03-25 19:18:50,540 [INFO] ApiDb:669 - CubeFinder database Configuration version=3.0.42
2026-03-25 19:18:50,541 [INFO] ApiDb:670 - CubeFinder database generation date=2026-03-11 (1773229989)
2026-03-25 19:18:50,541 [INFO] ApiDb:671 - CubeFinder database FW Pack versions=[FP-ATR-ASTRA1_V2.0.0, FP-SNS-FLIGHT1_V5.1.0, FP-SNS-MOTENV1_V5.1.0, FP-SNS-MOTENVWB1_V1.5.0, FP-SNS-SMARTAG2_V1.2.0, FP-SNS-STBOX1_V2.1.0, STM32Cube_FW_C0_V1.4.0, STM32Cube_FW_F4_V1.28.3, STM32Cube_FW_F7_V1.17.4, STM32Cube_FW_G0_V1.6.3, STM32Cube_FW_G4_V1.6.2, STM32Cube_FW_H5_V1.6.0, STM32Cube_FW_H7RS_V1.3.0, STM32Cube_FW_H7_V1.13.0, STM32Cube_FW_L0_V1.12.2, STM32Cube_FW_L4_V1.18.2, STM32Cube_FW_L5_V1.6.0, STM32Cube_FW_N6_V1.3.0, STM32Cube_FW_U0_V1.3.0, STM32Cube_FW_U3_V1.3.0, STM32Cube_FW_U5_V1.8.0, STM32Cube_FW_WB0_V1.4.0, STM32Cube_FW_WBA_V1.9.0, STM32Cube_FW_WB_V1.24.0, STM32Cube_FW_WL3_V1.4.0, STM32Cube_FW_WL_V1.5.0, X-CUBE-ALGOBUILD_V1.4.0, X-CUBE-ALS_V1.0.2, X-CUBE-AZRTOS-F4_V1.1.0, X-CUBE-AZRTOS-F7_V1.1.0, X-CUBE-AZRTOS-G0_V1.1.0, X-CUBE-AZRTOS-G4_V2.0.0, X-CUBE-AZRTOS-H7RS_V1.1.0, X-CUBE-AZRTOS-H7_V3.4.0, X-CUBE-AZRTOS-L4_V2.0.0, X-CUBE-AZRTOS-L5_V2.0.0, X-CUBE-AZRTOS-WB_V2.0.0, X-CUBE-AZRTOS-WL_V2.0.0, X-CUBE-BLE1_V7.1.0, X-CUBE-BLE2_V3.3.0, X-CUBE-BLEMGR_V4.1.0, X-CUBE-EEPRMA1_V5.2.0, X-CUBE-FREERTOS_V1.5.0, X-CUBE-GNSS1_V6.0.0, X-CUBE-MEMS1_V12.0.0, X-CUBE-NFC4_V3.0.0, X-CUBE-NFC7_V2.0.0, X-CUBE-SFXS2LP1_V4.0.0, X-CUBE-ST67W61_V1.2.0, X-CUBE-SUBG2_V5.0.0, X-CUBE-TOF1_V3.4.3]
2026-03-25 19:18:51,897 [ERROR] DbExamplesSqlite:437 - Missing JSON key: board_cpn
2026-03-25 19:18:51,898 [ERROR] DbExamplesSqlite:437 - Missing JSON key: board_cpn
2026-03-25 19:18:51,898 [ERROR] DbExamplesSqlite:437 - Missing JSON key: board_cpn
2026-03-25 19:18:51,899 [ERROR] DbExamplesSqlite:437 - Missing JSON key: board_cpn
2026-03-25 19:18:52,610 [ERROR] DbExamplesSqlite:437 - Missing JSON key: board_cpn
2026-03-25 19:18:52,611 [ERROR] DbExamplesSqlite:437 - Missing JSON key: board_cpn
2026-03-25 19:18:52,699 [INFO] DbExamplesSqlite:395 - Ignored 39 examples not supported by CubeIDE
2026-03-25 19:18:52,700 [INFO] DbExamplesSqlite:396 - Found 11210 examples active
2026-03-25 19:18:52,701 [INFO] DbExamplesSqlite:397 - Found 0 examples obsolete
2026-03-25 19:18:52,702 [INFO] DbExamplesSqlite:398 - Found 0 examples under development
2026-03-25 19:18:52,703 [INFO] DbExamplesSqlite:399 - Found 76 examples not building
2026-03-25 19:18:52,706 [INFO] DbExamples:125 - Found 11247 examples
2026-03-25 19:18:52,933 [ERROR] DbExamples:208 - Found 377 examples with invalid data (board or MCU)
2026-03-25 19:18:52,934 [INFO] DbExamples:222 - Found 140 boards with related examples
2026-03-25 19:18:52,937 [INFO] DbExamples:235 - Found 114 MCUs with related examples
2026-03-25 19:18:52,981 [INFO] ApiDb:414 - User favorites file not found: C:\Users\DELL/.stm32cubeide/favorites.examples.txt
2026-03-25 19:18:52,981 [INFO] DbExamples:250 - Set 0 / 0 favorites Examples
2026-03-25 19:18:57,949 [INFO] McuFinderGlobals:76 - Set McuFinderConnectedMode to true
2026-03-25 19:18:57,949 [INFO] MainUpdater:2873 - connection check result : 10
2026-03-25 19:18:57,967 [INFO] MultiScanPanel:200 - Auto-refresh data requested => check proxy status ongoing
2026-03-25 19:18:57,980 [INFO] FinderPluginLoader:95 - Searching for filters in installed packs
2026-03-25 19:19:01,146 [INFO] LoadUrlFilesThread:185 - End of LoadServerUrlFiles without Thread
2026-03-25 19:19:01,201 [INFO] DetailPanel:341 - Set advertising image to E:\STM32Cube\Repository\en.prom-stm32c5-0326.jpg
2026-03-25 19:19:04,498 [INFO] McuFinderGlobals:76 - Set McuFinderConnectedMode to true
2026-03-25 19:19:04,500 [INFO] MultiScanPanel:200 - Auto-refresh data requested => check proxy status ongoing
2026-03-25 19:19:04,501 [INFO] FinderPluginLoader:95 - Searching for filters in installed packs
2026-03-25 19:19:07,458 [INFO] LoadUrlFilesThread:185 - End of LoadServerUrlFiles without Thread
2026-03-25 19:19:07,459 [INFO] DetailPanel:341 - Set advertising image to E:\STM32Cube\Repository\en.prom-stm32c5-0326.jpg
2026-03-25 19:30:35,523 [INFO] Activator:176 - 


2026-03-25 19:30:35,549 [INFO] Activator:177 - !SESSION log4j initialized
2026-03-25 19:30:51,803 [INFO] LogOutputStream:77 - [STDOUT_REDIRECT] 
2026-03-25 19:30:56,078 [INFO] ApplicationProperties:184 - Using Application install path: E:\App Download\ST\STM32CubeIDE_1.16.1\STM32CubeIDE\plugins\com.st.stm32cube.common.mx_6.12.1.202409122256
2026-03-25 19:30:56,157 [INFO] DbMcusXml:78 - Set database path to: E:\App Download\ST\STM32CubeIDE_1.16.1\STM32CubeIDE\plugins\com.st.stm32cube.common.mx_6.12.1.202409122256\\db\/mcu/
2026-03-25 19:30:56,158 [INFO] ApiDb:274 - Set plugin database path to: E:\App Download\ST\STM32CubeIDE_1.16.1\STM32CubeIDE\plugins\com.st.stm32cube.common.mx_6.12.1.202409122256\\db\/plugins/boardmanager/
2026-03-25 19:30:56,160 [WARN] ApiDb:259 - Overriding images path with different value:  => E:\App Download\ST\STM32CubeIDE_1.16.1\STM32CubeIDE\plugins\com.st.stm32cube.common.mx_6.12.1.202409122256\\db\/plugins/mcufinder/images/
2026-03-25 19:30:56,200 [INFO] ApiDb:250 - Set database path to: C:\Users\DELL\.stmcufinder\plugins\mcufinder//mcu/
2026-03-25 19:30:56,204 [INFO] DbMcusAds:125 - Set database path to: C:\Users\DELL\.stmcufinder\plugins\mcufinder//mcu/
2026-03-25 19:30:56,213 [INFO] CrossReferenceDbSqlite:203 - Set database path to: C:\Users\DELL\.stmcufinder\plugins\mcufinder//mcu/cs/
2026-03-25 19:30:56,645 [INFO] RulesReader:64 - Compatibility file has been processed (297 Rules)
2026-03-25 19:30:57,029 [INFO] DbMcusXml:78 - Set database path to: E:\App Download\ST\STM32CubeIDE_1.16.1\STM32CubeIDE\plugins\com.st.stm32cube.common.mx_6.12.1.202409122256\\db\/mcu/
2026-03-25 19:30:57,029 [INFO] ApiDb:274 - Set plugin database path to: E:\App Download\ST\STM32CubeIDE_1.16.1\STM32CubeIDE\plugins\com.st.stm32cube.common.mx_6.12.1.202409122256\\db\/plugins/boardmanager/
2026-03-25 19:30:57,029 [INFO] ApiDb:261 - Set plugin images path to: E:\App Download\ST\STM32CubeIDE_1.16.1\STM32CubeIDE\plugins\com.st.stm32cube.common.mx_6.12.1.202409122256\\db\/plugins/mcufinder/images/
2026-03-25 19:30:57,030 [WARN] DbFile:41 - Overriding database path with different value: C:\Users\DELL\.stmcufinder\plugins\mcufinder/ => C:\Users\DELL\.stmcufinder\plugins\mcufinder
2026-03-25 19:30:57,030 [INFO] ApiDb:250 - Set database path to: C:\Users\DELL\.stmcufinder\plugins\mcufinder//mcu/
2026-03-25 19:30:57,031 [WARN] DbFile:41 - Overriding database path with different value: C:\Users\DELL\.stmcufinder\plugins\mcufinder/ => C:\Users\DELL\.stmcufinder\plugins\mcufinder
2026-03-25 19:30:57,031 [INFO] DbMcusAds:125 - Set database path to: C:\Users\DELL\.stmcufinder\plugins\mcufinder//mcu/
2026-03-25 19:30:57,031 [WARN] DbFile:41 - Overriding database path with different value: C:\Users\DELL\.stmcufinder\plugins\mcufinder/ => C:\Users\DELL\.stmcufinder\plugins\mcufinder
2026-03-25 19:30:57,031 [WARN] DbFile:41 - Overriding database path with different value: C:\Users\DELL\.stmcufinder\plugins\mcufinder/ => C:\Users\DELL\.stmcufinder\plugins\mcufinder
2026-03-25 19:30:57,031 [INFO] CrossReferenceDbSqlite:203 - Set database path to: C:\Users\DELL\.stmcufinder\plugins\mcufinder//mcu/cs/
2026-03-25 19:30:57,439 [INFO] MainPanel:268 - HeapMemory: 268435456
2026-03-25 19:30:57,944 [INFO] DbMcusXml:78 - Set database path to: E:\App Download\ST\STM32CubeIDE_1.16.1\STM32CubeIDE\plugins\com.st.stm32cube.common.mx_6.12.1.202409122256\\db\/mcu/
2026-03-25 19:30:57,944 [INFO] ApiDb:274 - Set plugin database path to: E:\App Download\ST\STM32CubeIDE_1.16.1\STM32CubeIDE\plugins\com.st.stm32cube.common.mx_6.12.1.202409122256\\db\/plugins/boardmanager/
2026-03-25 19:30:57,945 [INFO] ApiDb:261 - Set plugin images path to: E:\App Download\ST\STM32CubeIDE_1.16.1\STM32CubeIDE\plugins\com.st.stm32cube.common.mx_6.12.1.202409122256\\db\/plugins/mcufinder/images/
2026-03-25 19:30:57,946 [WARN] DbFile:41 - Overriding database path with different value: C:\Users\DELL\.stmcufinder\plugins\mcufinder/ => C:\Users\DELL\.stmcufinder\plugins\mcufinder
2026-03-25 19:30:57,947 [INFO] ApiDb:250 - Set database path to: C:\Users\DELL\.stmcufinder\plugins\mcufinder//mcu/
2026-03-25 19:30:57,947 [WARN] DbFile:41 - Overriding database path with different value: C:\Users\DELL\.stmcufinder\plugins\mcufinder/ => C:\Users\DELL\.stmcufinder\plugins\mcufinder
2026-03-25 19:30:57,948 [INFO] DbMcusAds:125 - Set database path to: C:\Users\DELL\.stmcufinder\plugins\mcufinder//mcu/
2026-03-25 19:30:57,949 [WARN] DbFile:41 - Overriding database path with different value: C:\Users\DELL\.stmcufinder\plugins\mcufinder/ => C:\Users\DELL\.stmcufinder\plugins\mcufinder
2026-03-25 19:30:57,950 [WARN] DbFile:41 - Overriding database path with different value: C:\Users\DELL\.stmcufinder\plugins\mcufinder/ => C:\Users\DELL\.stmcufinder\plugins\mcufinder
2026-03-25 19:30:57,951 [INFO] CrossReferenceDbSqlite:203 - Set database path to: C:\Users\DELL\.stmcufinder\plugins\mcufinder//mcu/cs/
2026-03-25 19:30:58,041 [INFO] ApplicationProperties:184 - Using Application install path: E:\App Download\ST\STM32CubeIDE_1.16.1\STM32CubeIDE\plugins\com.st.stm32cube.common.mx_6.12.1.202409122256
2026-03-25 19:30:58,046 [INFO] PluginManage:196 - Search for loadable plugins [exclusion list=, ]
2026-03-25 19:30:58,051 [INFO] PluginManage:310 - Check plugin analytics
2026-03-25 19:30:58,557 [INFO] AnalyticsPlugin:253 - Accepted Software Licenses: 
2026-03-25 19:30:58,558 [INFO] AnalyticsPlugin:255 - Accepted CMSIS Pack Licenses: 
2026-03-25 19:30:58,559 [INFO] AnalyticsPlugin:257 - Accepted Firmware Licenses: 
2026-03-25 19:30:58,568 [INFO] PluginManage:359 - Loaded plugin analytics (category:tool,tabindex:-1)
2026-03-25 19:30:58,569 [INFO] PluginManage:310 - Check plugin cadmodel
2026-03-25 19:30:58,616 [INFO] CADModel:105 - Init CAD model plugin
2026-03-25 19:30:58,617 [INFO] PluginManage:359 - Loaded plugin cadmodel (category:power,tabindex:5)
2026-03-25 19:30:58,617 [INFO] PluginManage:310 - Check plugin clock
2026-03-25 19:30:58,680 [INFO] PluginManage:359 - Loaded plugin clock (category:base,tabindex:2)
2026-03-25 19:30:58,680 [INFO] PluginManage:310 - Check plugin ddr
2026-03-25 19:30:58,701 [INFO] PluginManage:359 - Loaded plugin ddr (category:tool,tabindex:6)
2026-03-25 19:30:58,702 [INFO] PluginManage:310 - Check plugin filemanager
2026-03-25 19:30:59,218 [INFO] PluginManage:359 - Loaded plugin filemanager (category:base,tabindex:10)
2026-03-25 19:30:59,219 [INFO] PluginManage:310 - Check plugin ipmanager
2026-03-25 19:30:59,599 [INFO] PluginManage:359 - Loaded plugin ipmanager (category:base,tabindex:5)
2026-03-25 19:30:59,600 [INFO] PluginManage:310 - Check plugin lpbam
2026-03-25 19:30:59,657 [INFO] PluginManage:359 - Loaded plugin lpbam (category:base,tabindex:0)
2026-03-25 19:30:59,657 [INFO] PluginManage:310 - Check plugin memorymap
2026-03-25 19:30:59,723 [INFO] PluginManage:359 - Loaded plugin memorymap (category:base,tabindex:4)
2026-03-25 19:30:59,724 [INFO] PluginManage:310 - Check plugin pinoutandconfiguration
2026-03-25 19:30:59,765 [INFO] PluginManage:359 - Loaded plugin pinoutandconfiguration (category:base,tabindex:1)
2026-03-25 19:30:59,765 [INFO] PluginManage:310 - Check plugin pinoutconfig
2026-03-25 19:31:00,084 [WARN] SupportedApi:132 - Cannot load RTOS API schema: s4s-elt-must-match.1: The content of 'definitions' must match (annotation?, (simpleType | complexType)?, (unique | key | keyref)*)). A problem was found starting at: attribute.
2026-03-25 19:31:00,492 [INFO] PluginManage:359 - Loaded plugin pinoutconfig (category:base,tabindex:0)
2026-03-25 19:31:00,492 [INFO] PluginManage:310 - Check plugin power
2026-03-25 19:31:00,542 [INFO] PluginManage:359 - Loaded plugin power (category:power,tabindex:4)
2026-03-25 19:31:00,542 [INFO] PluginManage:310 - Check plugin projectmanager
2026-03-25 19:31:00,588 [INFO] PluginManage:359 - Loaded plugin projectmanager (category:projectmanager,tabindex:4)
2026-03-25 19:31:00,588 [INFO] PluginManage:310 - Check plugin rif
2026-03-25 19:31:00,603 [INFO] PluginManage:359 - Loaded plugin rif (category:base,tabindex:3)
2026-03-25 19:31:00,604 [INFO] PluginManage:310 - Check plugin thirdparty
2026-03-25 19:31:01,077 [WARN] IntegrityCheckThread:84 - waiting for thirdparty lock release [integrity check]
2026-03-25 19:31:01,078 [INFO] IntegrityCheckThread:86 - entering critical section [integrity check]
2026-03-25 19:31:01,078 [INFO] PluginManage:359 - Loaded plugin thirdparty (category:base,tabindex:-1)
2026-03-25 19:31:01,079 [INFO] PluginManage:310 - Check plugin tools
2026-03-25 19:31:01,079 [INFO] ThirdPartyUpdaterWithRetryManager:70 - Updater plugin not ready yet. [1/15]
2026-03-25 19:31:01,092 [INFO] PluginManage:359 - Loaded plugin tools (category:base,tabindex:7)
2026-03-25 19:31:01,092 [INFO] PluginManage:310 - Check plugin tutovideos
2026-03-25 19:31:01,493 [INFO] PluginManage:359 - Loaded plugin tutovideos (category:base,tabindex:-1)
2026-03-25 19:31:01,494 [INFO] PluginManage:310 - Check plugin updater
2026-03-25 19:31:01,545 [INFO] PluginManage:359 - Loaded plugin updater (category:base,tabindex:12)
2026-03-25 19:31:01,545 [INFO] PluginManage:310 - Check plugin userauth
2026-03-25 19:31:01,557 [INFO] UserAuth:113 - Init User Auth plugin
2026-03-25 19:31:01,558 [INFO] PluginManage:359 - Loaded plugin userauth (category:base,tabindex:14)
2026-03-25 19:31:01,559 [INFO] PluginManage:283 - PluginManage : Loaded plugins [18]
2026-03-25 19:31:02,232 [INFO] PinOutPanel:1561 - setPackage(No Configuration,No Configuration)
2026-03-25 19:31:02,475 [INFO] CADModel:165 - CPN selected for project level
2026-03-25 19:31:02,475 [INFO] CADModel:114 - Register for checkConnection events
2026-03-25 19:31:02,523 [INFO] IPUIPlugin:80 - create IPUIPlugin
2026-03-25 19:31:02,523 [INFO] PluginManager:220 - loadIPPluginJar : add adc
2026-03-25 19:31:02,528 [INFO] IPUIPlugin:80 - create IPUIPlugin
2026-03-25 19:31:02,528 [INFO] PluginManager:220 - loadIPPluginJar : add aes
2026-03-25 19:31:02,544 [INFO] IPUIPlugin:80 - create IPUIPlugin
2026-03-25 19:31:02,544 [INFO] PluginManager:220 - loadIPPluginJar : add can
2026-03-25 19:31:02,548 [INFO] IPUIPlugin:80 - create IPUIPlugin
2026-03-25 19:31:02,548 [INFO] PluginManager:220 - loadIPPluginJar : add comp
2026-03-25 19:31:02,553 [INFO] IPUIPlugin:80 - create IPUIPlugin
2026-03-25 19:31:02,553 [INFO] PluginManager:220 - loadIPPluginJar : add cryp
2026-03-25 19:31:02,586 [INFO] IPUIPlugin:80 - create IPUIPlugin
2026-03-25 19:31:02,586 [INFO] PluginManager:220 - loadIPPluginJar : add ddr_ctrl_phy
2026-03-25 19:31:02,592 [INFO] IPUIPlugin:80 - create IPUIPlugin
2026-03-25 19:31:02,593 [INFO] PluginManager:220 - loadIPPluginJar : add dfsdm
2026-03-25 19:31:02,612 [INFO] IPUIPlugin:80 - create IPUIPlugin
2026-03-25 19:31:02,613 [INFO] PluginManager:220 - loadIPPluginJar : add dma
2026-03-25 19:31:02,619 [INFO] IPUIPlugin:80 - create IPUIPlugin
2026-03-25 19:31:02,620 [INFO] PluginManager:220 - loadIPPluginJar : add dma3
2026-03-25 19:31:02,626 [INFO] IPUIPlugin:80 - create IPUIPlugin
2026-03-25 19:31:02,626 [INFO] PluginManager:220 - loadIPPluginJar : add extmemmanager
2026-03-25 19:31:02,636 [INFO] IPUIPlugin:80 - create IPUIPlugin
2026-03-25 19:31:02,637 [INFO] PluginManager:220 - loadIPPluginJar : add fatfs
2026-03-25 19:31:02,647 [INFO] IPUIPlugin:80 - create IPUIPlugin
2026-03-25 19:31:02,647 [INFO] PluginManager:220 - loadIPPluginJar : add fmc
2026-03-25 19:31:02,678 [INFO] IPUIPlugin:80 - create IPUIPlugin
2026-03-25 19:31:02,679 [INFO] PluginManager:220 - loadIPPluginJar : add freertos
2026-03-25 19:31:02,691 [INFO] IPUIPlugin:80 - create IPUIPlugin
2026-03-25 19:31:02,691 [INFO] PluginManager:220 - loadIPPluginJar : add genericplugin
2026-03-25 19:31:02,697 [INFO] IPUIPlugin:80 - create IPUIPlugin
2026-03-25 19:31:02,697 [INFO] PluginManager:220 - loadIPPluginJar : add gfxmmu
2026-03-25 19:31:02,707 [INFO] IPUIPlugin:80 - create IPUIPlugin
2026-03-25 19:31:02,707 [INFO] PluginManager:220 - loadIPPluginJar : add gic
2026-03-25 19:31:02,716 [INFO] IPUIPlugin:80 - create IPUIPlugin
2026-03-25 19:31:02,717 [INFO] PluginManager:220 - loadIPPluginJar : add gpio
2026-03-25 19:31:02,724 [INFO] IPUIPlugin:80 - create IPUIPlugin
2026-03-25 19:31:02,724 [INFO] PluginManager:220 - loadIPPluginJar : add gtzc
2026-03-25 19:31:02,730 [INFO] IPUIPlugin:80 - create IPUIPlugin
2026-03-25 19:31:02,731 [INFO] PluginManager:220 - loadIPPluginJar : add hash
2026-03-25 19:31:02,737 [INFO] IPUIPlugin:80 - create IPUIPlugin
2026-03-25 19:31:02,738 [INFO] PluginManager:220 - loadIPPluginJar : add i2c
2026-03-25 19:31:02,742 [INFO] IPUIPlugin:80 - create IPUIPlugin
2026-03-25 19:31:02,743 [INFO] PluginManager:220 - loadIPPluginJar : add i2s
2026-03-25 19:31:02,748 [INFO] IPUIPlugin:80 - create IPUIPlugin
2026-03-25 19:31:02,749 [INFO] PluginManager:220 - loadIPPluginJar : add i3c
2026-03-25 19:31:02,771 [INFO] IPUIPlugin:80 - create IPUIPlugin
2026-03-25 19:31:02,771 [INFO] PluginManager:220 - loadIPPluginJar : add ipddr
2026-03-25 19:31:02,822 [INFO] IPUIPlugin:80 - create IPUIPlugin
2026-03-25 19:31:02,823 [INFO] PluginManager:220 - loadIPPluginJar : add linkedlist
2026-03-25 19:31:02,828 [INFO] IPUIPlugin:80 - create IPUIPlugin
2026-03-25 19:31:02,828 [INFO] PluginManager:220 - loadIPPluginJar : add lorawan
2026-03-25 19:31:02,831 [INFO] IPUIPlugin:80 - create IPUIPlugin
2026-03-25 19:31:02,831 [INFO] PluginManager:220 - loadIPPluginJar : add ltdc
2026-03-25 19:31:02,840 [INFO] IPUIPlugin:80 - create IPUIPlugin
2026-03-25 19:31:02,840 [INFO] PluginManager:220 - loadIPPluginJar : add mdma
2026-03-25 19:31:02,846 [INFO] IPUIPlugin:80 - create IPUIPlugin
2026-03-25 19:31:02,847 [INFO] PluginManager:220 - loadIPPluginJar : add nvic
2026-03-25 19:31:02,868 [INFO] IPUIPlugin:80 - create IPUIPlugin
2026-03-25 19:31:02,868 [INFO] PluginManager:220 - loadIPPluginJar : add opamp
2026-03-25 19:31:02,875 [INFO] IPUIPlugin:80 - create IPUIPlugin
2026-03-25 19:31:02,875 [INFO] PluginManager:220 - loadIPPluginJar : add openamp
2026-03-25 19:31:02,882 [INFO] IPUIPlugin:80 - create IPUIPlugin
2026-03-25 19:31:02,882 [INFO] PluginManager:220 - loadIPPluginJar : add pdm2pcm
2026-03-25 19:31:02,891 [INFO] IPUIPlugin:80 - create IPUIPlugin
2026-03-25 19:31:02,895 [INFO] PluginManager:220 - loadIPPluginJar : add plateformsettings
2026-03-25 19:31:02,901 [INFO] IPUIPlugin:80 - create IPUIPlugin
2026-03-25 19:31:02,901 [INFO] PluginManager:220 - loadIPPluginJar : add quadspi
2026-03-25 19:31:02,904 [INFO] IPUIPlugin:80 - create IPUIPlugin
2026-03-25 19:31:02,906 [INFO] PluginManager:220 - loadIPPluginJar : add radio
2026-03-25 19:31:02,913 [INFO] IPUIPlugin:80 - create IPUIPlugin
2026-03-25 19:31:02,913 [INFO] PluginManager:220 - loadIPPluginJar : add resmgrutility
2026-03-25 19:31:02,917 [INFO] IPUIPlugin:80 - create IPUIPlugin
2026-03-25 19:31:02,917 [INFO] PluginManager:220 - loadIPPluginJar : add sai
2026-03-25 19:31:02,922 [INFO] IPUIPlugin:80 - create IPUIPlugin
2026-03-25 19:31:02,922 [INFO] PluginManager:220 - loadIPPluginJar : add spi
2026-03-25 19:31:02,937 [INFO] IPUIPlugin:80 - create IPUIPlugin
2026-03-25 19:31:02,937 [INFO] PluginManager:220 - loadIPPluginJar : add stm32_wpan
2026-03-25 19:31:02,940 [INFO] IPUIPlugin:80 - create IPUIPlugin
2026-03-25 19:31:02,941 [INFO] PluginManager:220 - loadIPPluginJar : add tim
2026-03-25 19:31:02,948 [INFO] IPUIPlugin:80 - create IPUIPlugin
2026-03-25 19:31:02,948 [INFO] PluginManager:220 - loadIPPluginJar : add touchsensing
2026-03-25 19:31:02,951 [INFO] IPUIPlugin:80 - create IPUIPlugin
2026-03-25 19:31:02,952 [INFO] PluginManager:220 - loadIPPluginJar : add tracer_emb
2026-03-25 19:31:02,955 [INFO] IPUIPlugin:80 - create IPUIPlugin
2026-03-25 19:31:02,955 [INFO] PluginManager:220 - loadIPPluginJar : add ts
2026-03-25 19:31:02,958 [INFO] IPUIPlugin:80 - create IPUIPlugin
2026-03-25 19:31:02,959 [INFO] PluginManager:220 - loadIPPluginJar : add tsc
2026-03-25 19:31:02,962 [INFO] IPUIPlugin:80 - create IPUIPlugin
2026-03-25 19:31:02,962 [INFO] PluginManager:220 - loadIPPluginJar : add ucpd
2026-03-25 19:31:02,967 [INFO] IPUIPlugin:80 - create IPUIPlugin
2026-03-25 19:31:02,967 [INFO] PluginManager:220 - loadIPPluginJar : add usart
2026-03-25 19:31:02,971 [INFO] IPUIPlugin:80 - create IPUIPlugin
2026-03-25 19:31:02,972 [INFO] PluginManager:220 - loadIPPluginJar : add usbx
2026-03-25 19:31:03,157 [INFO] CADModel:165 - CPN selected for project level
2026-03-25 19:31:03,158 [INFO] CADModel:114 - Register for checkConnection events
2026-03-25 19:31:03,158 [FATAL] Updater:334 - Updater called before beeing initialized
2026-03-25 19:31:03,158 [ERROR] CADModel:125 - Updater not yet initialized, retry later 
2026-03-25 19:31:03,534 [INFO] CADModel:165 - CPN selected for project level
2026-03-25 19:31:03,535 [INFO] CADModel:114 - Register for checkConnection events
2026-03-25 19:31:03,535 [FATAL] Updater:334 - Updater called before beeing initialized
2026-03-25 19:31:03,535 [ERROR] CADModel:125 - Updater not yet initialized, retry later 
2026-03-25 19:31:03,541 [FATAL] Updater:334 - Updater called before beeing initialized
2026-03-25 19:31:03,738 [FATAL] Updater:334 - Updater called before beeing initialized
2026-03-25 19:31:03,744 [INFO] DbMcusAds:53 - JSON generation date=Thu Mar 05 20:02:52 IST 2026 (1772721172890)
2026-03-25 19:31:03,745 [FATAL] Updater:334 - Updater called before beeing initialized
2026-03-25 19:31:03,851 [WARN] DetailPanel:346 - Failed to get advertising image, set to default
2026-03-25 19:31:04,023 [FATAL] Updater:334 - Updater called before beeing initialized
2026-03-25 19:31:04,029 [FATAL] Updater:334 - Updater called before beeing initialized
2026-03-25 19:31:04,030 [FATAL] Updater:334 - Updater called before beeing initialized
2026-03-25 19:31:04,031 [WARN] DetailPanel:346 - Failed to get advertising image, set to default
2026-03-25 19:31:04,033 [FATAL] Updater:334 - Updater called before beeing initialized
2026-03-25 19:31:04,080 [INFO] ThirdPartyUpdaterWithRetryManager:70 - Updater plugin not ready yet. [2/15]
2026-03-25 19:31:04,163 [ERROR] Updater:1164 - MainUpdater not yet initialized. External WinMGr cannot be set.
2026-03-25 19:31:04,180 [INFO] Updater:1100 - Updater Version found : 6.12.1
2026-03-25 19:31:04,223 [INFO] ApplicationProperties:184 - Using Application install path: E:\App Download\ST\STM32CubeIDE_1.16.1\STM32CubeIDE\plugins\com.st.stm32cube.common.mx_6.12.1.202409122256
2026-03-25 19:31:05,853 [ERROR] LogOutputStream:75 - [STDERR_REDIRECT] Mar 25, 2026 7:31:05 PM java.util.prefs.WindowsPreferences <init>
2026-03-25 19:31:05,856 [ERROR] LogOutputStream:75 - [STDERR_REDIRECT] WARNING: Could not open/create prefs root node Software\JavaSoft\Prefs at root 0xffffffff80000002. Windows RegCreateKeyEx(...) returned error code 5.
2026-03-25 19:31:05,857 [ERROR] LogOutputStream:75 - [STDERR_REDIRECT] 
2026-03-25 19:31:06,661 [INFO] MainUpdater:2873 - connection check result : 10
2026-03-25 19:31:06,662 [INFO] MainUpdater:290 - Updater Check For Update Now.
2026-03-25 19:31:06,663 [INFO] MicroXplorer:498 - Change Database Version : DB.6.0.121
2026-03-25 19:31:06,675 [INFO] McuFinderGlobals:63 - Set McuFinder mode to 2 (CubeIDE integrated)
2026-03-25 19:31:06,676 [INFO] UserAuth:179 - activating auth plugin
2026-03-25 19:31:06,698 [INFO] UserAuth:417 - Internet connection configuration mode: 1
2026-03-25 19:31:06,828 [INFO] JxBrowserEngine:152 - Initiate JxBrowser Engine with user profile folder
2026-03-25 19:31:06,994 [INFO] CheckServerUpdateThread:120 - End of CheckServer Thread
2026-03-25 19:31:08,293 [WARN] PackLoader:240 - Cannot read IP mode file for STMicroelectronics.X-CUBE-AZRTOS-H7.3.5.0
2026-03-25 19:31:08,325 [WARN] PackLoader:240 - Cannot read IP mode file for STMicroelectronics.FP-ATR-ASTRA1.2.0.2
2026-03-25 19:31:08,347 [WARN] PackLoader:240 - Cannot read IP mode file for STMicroelectronics.X-CUBE-SMBUS.2.1.0
2026-03-25 19:31:08,397 [WARN] PackLoader:240 - Cannot read IP mode file for STMicroelectronics.X-CUBE-AZRTOS-F7.1.1.0
2026-03-25 19:31:08,424 [ERROR] Engine:466 - C:\Users\DELL\.stm32cubemx\thirdparties\pdsc\STMicroelectronics.FP-SNS-MOTENV1.5.1.0.pdsc: PDSC version is not supported
2026-03-25 19:31:08,437 [ERROR] Engine:466 - C:\Users\DELL\.stm32cubemx\thirdparties\pdsc\WES.I-CUBE-Cesium.1.4.0.pdsc: PDSC version is not supported
2026-03-25 19:31:08,464 [WARN] PackLoader:240 - Cannot read IP mode file for STMicroelectronics.X-CUBE-DISPLAY.3.0.0
2026-03-25 19:31:08,490 [ERROR] Engine:466 - C:\Users\DELL\.stm32cubemx\thirdparties\pdsc\STMicroelectronics.FP-SNS-MOTENVWB1.1.5.0.pdsc: PDSC version is not supported
2026-03-25 19:31:08,531 [WARN] PackLoader:240 - Cannot read IP mode file for STMicroelectronics.X-CUBE-NFC10.1.0.0
2026-03-25 19:31:08,545 [ERROR] Engine:466 - C:\Users\DELL\.stm32cubemx\thirdparties\pdsc\STMicroelectronics.X-CUBE-ST60.1.1.0.pdsc: PDSC version is not supported
2026-03-25 19:31:08,584 [WARN] PackLoader:240 - Cannot read IP mode file for emotas.I-CUBE-CANOPEN.1.3.0
2026-03-25 19:31:08,602 [WARN] PackLoader:240 - Cannot read IP mode file for STMicroelectronics.X-CUBE-GNSS1.7.1.0
2026-03-25 19:31:08,626 [ERROR] Engine:466 - C:\Users\DELL\.stm32cubemx\thirdparties\pdsc\STMicroelectronics.FP-SNS-STBOX1.2.1.0.pdsc: PDSC version is not supported
2026-03-25 19:31:08,640 [WARN] PackLoader:240 - Cannot read IP mode file for STMicroelectronics.FP-SNS-SMARTAG2.1.2.0
2026-03-25 19:31:08,654 [ERROR] Engine:466 - C:\Users\DELL\.stm32cubemx\thirdparties\pdsc\STMicroelectronics.FP-SNS-FLIGHT1.5.1.0.pdsc: PDSC version is not supported
2026-03-25 19:31:08,686 [INFO] LogOutputStream:77 - [STDOUT_REDIRECT] 1 : Invalid condition id : UX_CORESTACK_Condition cause : null
2026-03-25 19:31:08,688 [INFO] LogOutputStream:77 - [STDOUT_REDIRECT] 1 : Invalid condition id : UX_CORESTACK_Condition cause : null
2026-03-25 19:31:08,691 [INFO] LogOutputStream:77 - [STDOUT_REDIRECT] 1 : Invalid condition id : UX_CORESTACK_Condition cause : null
2026-03-25 19:31:08,694 [INFO] LogOutputStream:77 - [STDOUT_REDIRECT] 1 : Invalid condition id : UX_CORESTACK_Condition cause : null
2026-03-25 19:31:08,698 [INFO] LogOutputStream:77 - [STDOUT_REDIRECT] 1 : Invalid condition id : UX_CORESTACK_Condition cause : null
2026-03-25 19:31:08,712 [WARN] PackLoader:240 - Cannot read IP mode file for STMicroelectronics.X-CUBE-AZRTOS-WL.2.0.0
2026-03-25 19:31:08,791 [WARN] PackLoader:240 - Cannot read IP mode file for STMicroelectronics.X-CUBE-AZRTOS-H7RS.1.2.0
2026-03-25 19:31:08,821 [WARN] PackLoader:240 - Cannot read IP mode file for STMicroelectronics.X-CUBE-BLE2.3.3.0
2026-03-25 19:31:08,830 [ERROR] Engine:466 - C:\Users\DELL\.stm32cubemx\thirdparties\pdsc\Avnet-IOTCONNECT.X-CUBE-iotc-st67-sdk.1.0.0.pdsc: PDSC version is not supported
2026-03-25 19:31:08,919 [WARN] PackLoader:240 - Cannot read IP mode file for Infineon.AIROC-Wi-Fi-Bluetooth-STM32.1.8.0
2026-03-25 19:31:08,948 [WARN] PackLoader:240 - Cannot read IP mode file for STMicroelectronics.X-CUBE-NFC9.1.0.0
2026-03-25 19:31:08,969 [WARN] PackLoader:240 - Cannot read IP mode file for STMicroelectronics.X-CUBE-BLE1.7.1.0
2026-03-25 19:31:08,988 [WARN] PackLoader:240 - Cannot read IP mode file for wolfSSL.I-CUBE-wolfMQTT.1.19.2
2026-03-25 19:31:09,008 [WARN] PackLoader:240 - Cannot read IP mode file for STMicroelectronics.X-CUBE-EEPRMA1.5.2.0
2026-03-25 19:31:09,027 [WARN] PackLoader:240 - Cannot read IP mode file for wolfSSL.I-CUBE-wolfSSL.5.8.4
2026-03-25 19:31:09,047 [ERROR] Engine:466 - C:\Users\DELL\.stm32cubemx\thirdparties\pdsc\Cesanta.I-CUBE-Mongoose.7.20.0.pdsc: PDSC version is not supported
2026-03-25 19:31:09,246 [WARN] PackLoader:240 - Cannot read IP mode file for STMicroelectronics.X-CUBE-MEMS1.12.0.0
2026-03-25 19:31:09,484 [WARN] PackLoader:240 - Cannot read IP mode file for STMicroelectronics.X-CUBE-AZRTOS-G0.1.1.0
2026-03-25 19:31:09,517 [WARN] PackLoader:240 - Cannot read IP mode file for STMicroelectronics.X-CUBE-NFC4.3.0.0
2026-03-25 19:31:09,547 [WARN] PackLoader:240 - Cannot read IP mode file for EmbeddedOffice.I-CUBE-FS-RTOS.1.0.1
2026-03-25 19:31:09,549 [ERROR] ConditionMgr:805 - Attr not supported : Dmpu
2026-03-25 19:31:09,549 [ERROR] ConditionMgr:805 - Attr not supported : Dmpu
2026-03-25 19:31:09,549 [ERROR] ConditionMgr:805 - Attr not supported : Dmpu
2026-03-25 19:31:09,550 [ERROR] ConditionMgr:805 - Attr not supported : Dmpu
2026-03-25 19:31:09,550 [ERROR] ConditionMgr:805 - Attr not supported : Dmpu
2026-03-25 19:31:09,551 [ERROR] ConditionMgr:805 - Attr not supported : Dmpu
2026-03-25 19:31:09,551 [ERROR] ConditionMgr:805 - Attr not supported : Dmpu
2026-03-25 19:31:09,551 [ERROR] ConditionMgr:805 - Attr not supported : Dmpu
2026-03-25 19:31:09,552 [ERROR] ConditionMgr:805 - Attr not supported : Dmpu
2026-03-25 19:31:09,552 [ERROR] ConditionMgr:805 - Attr not supported : Dmpu
2026-03-25 19:31:09,553 [ERROR] ConditionMgr:805 - Attr not supported : Dmpu
2026-03-25 19:31:09,553 [ERROR] ConditionMgr:805 - Attr not supported : Dmpu
2026-03-25 19:31:09,554 [ERROR] ConditionMgr:805 - Attr not supported : Dmpu
2026-03-25 19:31:09,554 [ERROR] ConditionMgr:805 - Attr not supported : Dmpu
2026-03-25 19:31:09,555 [ERROR] ConditionMgr:805 - Attr not supported : Dmpu
2026-03-25 19:31:09,555 [ERROR] ConditionMgr:805 - Attr not supported : Dmpu
2026-03-25 19:31:09,556 [ERROR] ConditionMgr:805 - Attr not supported : Dmpu
2026-03-25 19:31:09,556 [ERROR] ConditionMgr:805 - Attr not supported : Dmpu
2026-03-25 19:31:09,557 [ERROR] ConditionMgr:805 - Attr not supported : Dmpu
2026-03-25 19:31:09,557 [ERROR] ConditionMgr:805 - Attr not supported : Dmpu
2026-03-25 19:31:09,558 [ERROR] ConditionMgr:805 - Attr not supported : Dmpu
2026-03-25 19:31:09,558 [ERROR] ConditionMgr:805 - Attr not supported : Dmpu
2026-03-25 19:31:09,559 [ERROR] ConditionMgr:805 - Attr not supported : Dmpu
2026-03-25 19:31:09,559 [ERROR] ConditionMgr:805 - Attr not supported : Dmpu
2026-03-25 19:31:09,560 [ERROR] ConditionMgr:805 - Attr not supported : Dmpu
2026-03-25 19:31:09,560 [ERROR] ConditionMgr:805 - Attr not supported : Dmpu
2026-03-25 19:31:09,561 [ERROR] ConditionMgr:805 - Attr not supported : Dmpu
2026-03-25 19:31:09,561 [ERROR] ConditionMgr:805 - Attr not supported : Dmpu
2026-03-25 19:31:09,562 [ERROR] ConditionMgr:805 - Attr not supported : Dmpu
2026-03-25 19:31:09,562 [ERROR] ConditionMgr:805 - Attr not supported : Dmpu
2026-03-25 19:31:09,562 [ERROR] ConditionMgr:805 - Attr not supported : Dmpu
2026-03-25 19:31:09,563 [ERROR] ConditionMgr:805 - Attr not supported : Dmpu
2026-03-25 19:31:09,563 [ERROR] ConditionMgr:805 - Attr not supported : Dmpu
2026-03-25 19:31:09,563 [ERROR] ConditionMgr:805 - Attr not supported : Dmpu
2026-03-25 19:31:09,563 [ERROR] ConditionMgr:805 - Attr not supported : Dmpu
2026-03-25 19:31:09,564 [ERROR] ConditionMgr:805 - Attr not supported : Dmpu
2026-03-25 19:31:09,564 [ERROR] ConditionMgr:805 - Attr not supported : Dmpu
2026-03-25 19:31:09,565 [ERROR] ConditionMgr:805 - Attr not supported : Dmpu
2026-03-25 19:31:09,565 [ERROR] ConditionMgr:805 - Attr not supported : Dmpu
2026-03-25 19:31:09,566 [ERROR] ConditionMgr:805 - Attr not supported : Dmpu
2026-03-25 19:31:09,566 [ERROR] ConditionMgr:805 - Attr not supported : Dmpu
2026-03-25 19:31:09,567 [ERROR] ConditionMgr:805 - Attr not supported : Dmpu
2026-03-25 19:31:09,567 [ERROR] ConditionMgr:805 - Attr not supported : Dmpu
2026-03-25 19:31:09,568 [ERROR] ConditionMgr:805 - Attr not supported : Dmpu
2026-03-25 19:31:09,568 [ERROR] ConditionMgr:805 - Attr not supported : Dmpu
2026-03-25 19:31:09,569 [ERROR] ConditionMgr:805 - Attr not supported : Dmpu
2026-03-25 19:31:09,569 [ERROR] ConditionMgr:805 - Attr not supported : Dmpu
2026-03-25 19:31:09,570 [ERROR] ConditionMgr:805 - Attr not supported : Dmpu
2026-03-25 19:31:09,570 [ERROR] ConditionMgr:805 - Attr not supported : Dmpu
2026-03-25 19:31:09,571 [ERROR] ConditionMgr:805 - Attr not supported : Dmpu
2026-03-25 19:31:09,571 [ERROR] ConditionMgr:805 - Attr not supported : Dmpu
2026-03-25 19:31:09,572 [ERROR] ConditionMgr:805 - Attr not supported : Dmpu
2026-03-25 19:31:09,572 [ERROR] ConditionMgr:805 - Attr not supported : Dmpu
2026-03-25 19:31:09,573 [ERROR] ConditionMgr:805 - Attr not supported : Dmpu
2026-03-25 19:31:09,573 [ERROR] ConditionMgr:805 - Attr not supported : Dmpu
2026-03-25 19:31:09,574 [ERROR] ConditionMgr:805 - Attr not supported : Dmpu
2026-03-25 19:31:09,574 [ERROR] ConditionMgr:805 - Attr not supported : Dmpu
2026-03-25 19:31:09,575 [ERROR] ConditionMgr:805 - Attr not supported : Dmpu
2026-03-25 19:31:09,575 [ERROR] ConditionMgr:805 - Attr not supported : Dmpu
2026-03-25 19:31:09,576 [ERROR] ConditionMgr:805 - Attr not supported : Dmpu
2026-03-25 19:31:09,576 [ERROR] ConditionMgr:805 - Attr not supported : Dmpu
2026-03-25 19:31:09,577 [ERROR] ConditionMgr:805 - Attr not supported : Dmpu
2026-03-25 19:31:09,577 [ERROR] ConditionMgr:805 - Attr not supported : Dmpu
2026-03-25 19:31:09,577 [ERROR] ConditionMgr:805 - Attr not supported : Dmpu
2026-03-25 19:31:09,591 [WARN] PackLoader:240 - Cannot read IP mode file for STMicroelectronics.X-CUBE-WB05N.2.0.0
2026-03-25 19:31:09,610 [WARN] PackLoader:240 - Cannot read IP mode file for wolfSSL.I-CUBE-wolfTPM.3.8.0
2026-03-25 19:31:09,622 [ERROR] Engine:466 - C:\Users\DELL\.stm32cubemx\thirdparties\pdsc\STMicroelectronics.X-CUBE-TCPP.4.2.0.pdsc: PDSC version is not supported
2026-03-25 19:31:09,639 [WARN] PackLoader:240 - Cannot read IP mode file for RealThread.X-CUBE-RT-Thread_Nano.4.1.1
2026-03-25 19:31:09,655 [WARN] PackLoader:240 - Cannot read IP mode file for STMicroelectronics.FP-ATR-SIGFOX1.3.2.0
2026-03-25 19:31:09,662 [ERROR] Engine:466 - C:\Users\DELL\.stm32cubemx\thirdparties\pdsc\STMicroelectronics.X-CUBE-FREERTOS.1.5.0.pdsc: PDSC version is not supported
2026-03-25 19:31:09,680 [WARN] PackLoader:240 - Cannot read IP mode file for ITTIA_DB.I-CUBE-ITTIADB.8.9.0
2026-03-25 19:31:09,699 [WARN] PackLoader:240 - Cannot read IP mode file for STMicroelectronics.X-CUBE-NFC6.3.2.0
2026-03-25 19:31:09,705 [INFO] WebApp:167 - Instantiating new browser for Auth
2026-03-25 19:31:09,716 [WARN] PackLoader:240 - Cannot read IP mode file for STMicroelectronics.X-CUBE-AI.10.2.0
2026-03-25 19:31:09,781 [WARN] PackLoader:240 - Cannot read IP mode file for SEGGER.I-CUBE-embOS.1.3.1
2026-03-25 19:31:09,884 [WARN] PackLoader:240 - Cannot read IP mode file for STMicroelectronics.X-CUBE-ALGOBUILD.1.4.0
2026-03-25 19:31:09,903 [WARN] PackLoader:240 - Cannot read IP mode file for STMicroelectronics.X-CUBE-PM33A1.1.0.0
2026-03-25 19:31:09,947 [WARN] PackLoader:240 - Cannot read IP mode file for STMicroelectronics.X-CUBE-AZRTOS-F4.1.1.0
2026-03-25 19:31:09,968 [WARN] PackLoader:240 - Cannot read IP mode file for STMicroelectronics.X-CUBE-ISPU.2.1.0
2026-03-25 19:31:09,980 [ERROR] Engine:466 - C:\Users\DELL\.stm32cubemx\thirdparties\pdsc\STMicroelectronics.X-CUBE-IPS.3.2.0.pdsc: PDSC version is not supported
2026-03-25 19:31:09,996 [WARN] PackLoader:240 - Cannot read IP mode file for STMicroelectronics.X-CUBE-NFC12.1.0.0
2026-03-25 19:31:10,040 [WARN] PackLoader:240 - Cannot read IP mode file for STMicroelectronics.X-CUBE-AZRTOS-L5.2.0.0
2026-03-25 19:31:10,061 [WARN] PackLoader:240 - Cannot read IP mode file for STMicroelectronics.X-CUBE-TOUCHGFX.4.26.1
2026-03-25 19:31:10,068 [ERROR] Engine:466 - C:\Users\DELL\.stm32cubemx\thirdparties\pdsc\STMicroelectronics.FP-SNS-STAIOTCFT.1.0.0.pdsc: PDSC version is not supported
2026-03-25 19:31:10,084 [WARN] PackLoader:240 - Cannot read IP mode file for STMicroelectronics.X-CUBE-DPower.1.3.0
2026-03-25 19:31:10,201 [WARN] ConditionMgr:438 - getConditionDescription Invalid condition id : LAN8742 Phy interface Condition cause : null
2026-03-25 19:31:10,202 [WARN] PackLoader:240 - Cannot read IP mode file for STMicroelectronics.X-CUBE-AZRTOS-L4.2.0.0
2026-03-25 19:31:10,207 [WARN] ConditionMgr:1039 - genDependencies : Invalid condition id : LAN8742 Phy interface Condition cause : null
2026-03-25 19:31:10,208 [WARN] ConditionMgr:1039 - genDependencies : Invalid condition id : LAN8742 Phy interface Condition cause : null
2026-03-25 19:31:10,209 [WARN] ConditionMgr:1039 - genDependencies : Invalid condition id : LAN8742 Phy interface Condition cause : null
2026-03-25 19:31:10,262 [WARN] PackLoader:240 - Cannot read IP mode file for STMicroelectronics.X-CUBE-SFXS2LP1.4.0.0
2026-03-25 19:31:10,274 [ERROR] Engine:466 - C:\Users\DELL\.stm32cubemx\thirdparties\pdsc\STMicroelectronics.X-CUBE-ST67W61.1.2.0.pdsc: PDSC version is not supported
2026-03-25 19:31:10,286 [ERROR] Engine:466 - C:\Users\DELL\.stm32cubemx\thirdparties\pdsc\STMicroelectronics.X-CUBE-BLEMGR.4.1.0.pdsc: PDSC version is not supported
2026-03-25 19:31:10,374 [WARN] ConditionMgr:438 - getConditionDescription Invalid condition id : UX DEVICE CLASS RTOS Condition cause : null
2026-03-25 19:31:10,375 [WARN] ConditionMgr:438 - getConditionDescription Invalid condition id : UX DEVICE CLASS RTOS Condition cause : null
2026-03-25 19:31:10,380 [WARN] PackLoader:240 - Cannot read IP mode file for STMicroelectronics.X-CUBE-AZRTOS-WB.2.0.0
2026-03-25 19:31:10,382 [WARN] ConditionMgr:1039 - genDependencies : Invalid condition id : UX DEVICE CLASS RTOS Condition cause : null
2026-03-25 19:31:10,384 [WARN] ConditionMgr:1039 - genDependencies : Invalid condition id : UX DEVICE CLASS RTOS Condition cause : null
2026-03-25 19:31:10,389 [WARN] ConditionMgr:1039 - genDependencies : Invalid condition id : UX DEVICE CLASS RTOS Condition cause : null
2026-03-25 19:31:10,389 [WARN] ConditionMgr:1039 - genDependencies : Invalid condition id : UX DEVICE CLASS RTOS Condition cause : null
2026-03-25 19:31:10,390 [WARN] ConditionMgr:1039 - genDependencies : Invalid condition id : UX DEVICE CLASS RTOS Condition cause : null
2026-03-25 19:31:10,408 [WARN] ConditionMgr:438 - getConditionDescription Invalid condition id : Cortex-A Device cause : null
2026-03-25 19:31:10,470 [WARN] ConditionMgr:1039 - genDependencies : Invalid condition id : Cortex-A Device cause : null
2026-03-25 19:31:10,471 [WARN] ConditionMgr:1039 - genDependencies : Invalid condition id : Cortex-A Device cause : null
2026-03-25 19:31:10,471 [WARN] ConditionMgr:1039 - genDependencies : Invalid condition id : Cortex-A Device cause : null
2026-03-25 19:31:10,497 [WARN] PackLoader:240 - Cannot read IP mode file for STMicroelectronics.X-CUBE-STSE01.2.0.0
2026-03-25 19:31:10,523 [WARN] PackLoader:240 - Cannot read IP mode file for STMicroelectronics.X-CUBE-SUBG2.5.0.0
2026-03-25 19:31:10,565 [WARN] PackLoader:240 - Cannot read IP mode file for STMicroelectronics.X-CUBE-AZRTOS-G4.2.0.0
2026-03-25 19:31:10,585 [WARN] PackLoader:240 - Cannot read IP mode file for wolfSSL.I-CUBE-wolfSSH.1.4.20
2026-03-25 19:31:10,610 [WARN] PackLoader:240 - Cannot read IP mode file for STMicroelectronics.X-CUBE-NFC7.2.0.0
2026-03-25 19:31:10,629 [WARN] PackLoader:240 - Cannot read IP mode file for STMicroelectronics.X-CUBE-ALS.1.0.2
2026-03-25 19:31:10,644 [ERROR] Engine:466 - C:\Users\DELL\.stm32cubemx\thirdparties\pdsc\STMicroelectronics.X-CUBE-TOF1.3.4.3.pdsc: PDSC version is not supported
2026-03-25 19:31:10,646 [INFO] ThirdParty:978 - Integrity check success = true
2026-03-25 19:31:10,646 [INFO] IntegrityCheckThread:100 - exiting critical section [integrity check]
2026-03-25 19:31:10,647 [INFO] IntegrityCheckThread:103 - End integrity checks thread
2026-03-25 19:31:12,337 [INFO] WebApp:448 - Apply proxy settings
2026-03-25 19:31:12,337 [INFO] WebApp:533 - Chromium requires no authentication
2026-03-25 19:31:12,362 [INFO] WebApp:476 - Direct internet connection detected
2026-03-25 19:31:12,433 [INFO] WebApp:869 - Register for checkConnection events
2026-03-25 19:31:12,434 [INFO] WebApp:448 - Apply proxy settings
2026-03-25 19:31:12,434 [INFO] WebApp:533 - Chromium requires no authentication
2026-03-25 19:31:12,435 [INFO] WebApp:476 - Direct internet connection detected
2026-03-25 19:31:12,810 [INFO] WebApp:220 - Starting web application
2026-03-25 19:31:12,810 [INFO] WebApp:578 - Web application path used E:\App Download\ST\STM32CubeIDE_1.16.1\STM32CubeIDE\plugins\com.st.stm32cube.common.mx_6.12.1.202409122256\db\plugins\mcufinder\reactClient1\index.html
2026-03-25 19:31:13,426 [INFO] WebApp:186 - Connection restablished
2026-03-25 19:31:27,144 [INFO] McuFinderGlobals:63 - Set McuFinder mode to 2 (CubeIDE integrated)
2026-03-25 19:31:27,173 [INFO] MainUpdater:2873 - connection check result : 10
2026-03-25 19:31:28,007 [INFO] ApiDb:581 - Connected to CubeFinder SQLite database (C:\Users\DELL\.stmcufinder\plugins\mcufinder\mcu\cube-finder-db.db)
2026-03-25 19:31:28,979 [INFO] ApiDb:668 - CubeFinder database Data Model version=2.1
2026-03-25 19:31:28,979 [INFO] ApiDb:669 - CubeFinder database Configuration version=3.0.42
2026-03-25 19:31:28,980 [INFO] ApiDb:670 - CubeFinder database generation date=2026-03-11 (1773229989)
2026-03-25 19:31:28,980 [INFO] ApiDb:671 - CubeFinder database FW Pack versions=[FP-ATR-ASTRA1_V2.0.0, FP-SNS-FLIGHT1_V5.1.0, FP-SNS-MOTENV1_V5.1.0, FP-SNS-MOTENVWB1_V1.5.0, FP-SNS-SMARTAG2_V1.2.0, FP-SNS-STBOX1_V2.1.0, STM32Cube_FW_C0_V1.4.0, STM32Cube_FW_F4_V1.28.3, STM32Cube_FW_F7_V1.17.4, STM32Cube_FW_G0_V1.6.3, STM32Cube_FW_G4_V1.6.2, STM32Cube_FW_H5_V1.6.0, STM32Cube_FW_H7RS_V1.3.0, STM32Cube_FW_H7_V1.13.0, STM32Cube_FW_L0_V1.12.2, STM32Cube_FW_L4_V1.18.2, STM32Cube_FW_L5_V1.6.0, STM32Cube_FW_N6_V1.3.0, STM32Cube_FW_U0_V1.3.0, STM32Cube_FW_U3_V1.3.0, STM32Cube_FW_U5_V1.8.0, STM32Cube_FW_WB0_V1.4.0, STM32Cube_FW_WBA_V1.9.0, STM32Cube_FW_WB_V1.24.0, STM32Cube_FW_WL3_V1.4.0, STM32Cube_FW_WL_V1.5.0, X-CUBE-ALGOBUILD_V1.4.0, X-CUBE-ALS_V1.0.2, X-CUBE-AZRTOS-F4_V1.1.0, X-CUBE-AZRTOS-F7_V1.1.0, X-CUBE-AZRTOS-G0_V1.1.0, X-CUBE-AZRTOS-G4_V2.0.0, X-CUBE-AZRTOS-H7RS_V1.1.0, X-CUBE-AZRTOS-H7_V3.4.0, X-CUBE-AZRTOS-L4_V2.0.0, X-CUBE-AZRTOS-L5_V2.0.0, X-CUBE-AZRTOS-WB_V2.0.0, X-CUBE-AZRTOS-WL_V2.0.0, X-CUBE-BLE1_V7.1.0, X-CUBE-BLE2_V3.3.0, X-CUBE-BLEMGR_V4.1.0, X-CUBE-EEPRMA1_V5.2.0, X-CUBE-FREERTOS_V1.5.0, X-CUBE-GNSS1_V6.0.0, X-CUBE-MEMS1_V12.0.0, X-CUBE-NFC4_V3.0.0, X-CUBE-NFC7_V2.0.0, X-CUBE-SFXS2LP1_V4.0.0, X-CUBE-ST67W61_V1.2.0, X-CUBE-SUBG2_V5.0.0, X-CUBE-TOF1_V3.4.3]
2026-03-25 19:31:29,354 [INFO] DbBoardsSqlite:226 - include board P-NUCLEO-WB55-NUCLEO as a kit item of type 'Nucleo-64'
2026-03-25 19:31:29,354 [INFO] DbBoardsSqlite:226 - include board P-NUCLEO-WB55-USBDONGLE as a kit item of type 'Nucleo USB Dongle'
2026-03-25 19:31:29,355 [INFO] DbBoardsSqlite:226 - include board STEVAL-IDP005V1 as a kit item of type 'Evaluation Board'
2026-03-25 19:31:29,356 [INFO] DbBoardsSqlite:226 - include board STEVAL-IDP005V2 as a kit item of type 'Evaluation Board'
2026-03-25 19:31:30,499 [INFO] ApiDb:240 - Found 646 in-development CPN: [B-G473E-ZEST1S, B-WB1M-WPAN1, B-WL5M-SUBG1, NUCLEO-C031C6, NUCLEO-C071RB, NUCLEO-H503RB, NUCLEO-H533RE, NUCLEO-H563ZI, NUCLEO-H7S3L8, NUCLEO-U031R8, NUCLEO-U083RC, NUCLEO-U545RE-Q, NUCLEO-U5A5ZJ-Q, NUCLEO-WB05KZ, NUCLEO-WB07CC, NUCLEO-WB09KE, NUCLEO-WBA52CG, NUCLEO-WBA55CG, STEVAL-PROTEUS1, STEVAL-SMARTAG2, STEVAL-STWINBX1, STM320518-EVAL, STM32C0116-DK, STM32C011D6Y3TR, STM32C011D6Y6TR, STM32C011F4P3, STM32C011F4P6, STM32C011F4U3, STM32C011F4U6TR, STM32C011F6P3, STM32C011F6P6, STM32C011F6U3, STM32C011F6U6TR, STM32C011J4M3, STM32C011J4M6, STM32C011J6M3, STM32C011J6M6, STM32C0316-DK, STM32C031C4T3, STM32C031C4T6, STM32C031C4U3, STM32C031C4U6, STM32C031C6T3, STM32C031C6T6, STM32C031C6U3, STM32C031C6U6, STM32C031F4P3, STM32C031F4P6, STM32C031F6P3, STM32C031F6P6, STM32C031G4U3, STM32C031G4U6, STM32C031G6U3, STM32C031G6U6, STM32C031K4T3, STM32C031K4T6, STM32C031K4U3, STM32C031K4U6, STM32C031K6T3, STM32C031K6T6, STM32C031K6U3, STM32C031K6U6, STM32C071C8T6, STM32C071C8T6N, STM32C071C8U6, STM32C071C8U6N, STM32C071CBT6, STM32C071CBT6N, STM32C071CBU6, STM32C071CBU6N, STM32C071F8P6, STM32C071F8P6N, STM32C071FBP6, STM32C071FBP6N, STM32C071FBY6TR, STM32C071G8U6, STM32C071G8U6N, STM32C071GBU6, STM32C071GBU6N, STM32C071K8T6, STM32C071K8T6N, STM32C071K8U6, STM32C071K8U6N, STM32C071KBT6, STM32C071KBT6N, STM32C071KBU6, STM32C071KBU6N, STM32C071R8T6, STM32C071R8T6N, STM32C071RBI6N, STM32C071RBT6, STM32C071RBT6N, STM32G071K8TXN, STM32G071K8UXN, STM32G081GBU6N, STM32G081KBT6N, STM32G081KBUXN, STM32G0B1CCT6N, STM32G0B1KCT6, STM32G0B1NEY6TR, STM32G0B1RCT6N, STM32G0C1CCT6, STM32G0C1CCT6N, STM32G0C1CCU6N, STM32G0C1CET6N, STM32G0C1CEU6N, STM32G0C1KCT6, STM32G0C1NEY6TR, STM32G0C1RCI6N, STM32G0C1RCT6N, STM32G0C1REI6N, STM32G0C1RET6N, STM32G0C1VCI6, STM32G0C1VEI6, STM32G411C6T3, STM32G411C6T6, STM32G411C6U3, STM32G411C6U6, STM32G411C8T3, STM32G411C8T6, STM32G411C8U3, STM32G411C8U6, STM32G411CBT3, STM32G411CBT6, STM32G411CBU3, STM32G411CBU6, STM32G411K6T3, STM32G411K6T6, STM32G411K6U3, STM32G411K6U6, STM32G411K8T3, STM32G411K8T6, STM32G411K8U3, STM32G411K8U6, STM32G411KBT3, STM32G411KBT6, STM32G411KBU3, STM32G411KBU6, STM32G411M6T3, STM32G411M6T6, STM32G411M8T3, STM32G411M8T6, STM32G411MBT3, STM32G411MBT6, STM32G411R6T3, STM32G411R6T6, STM32G411R8T3, STM32G411R8T6, STM32G411RBT3, STM32G411RBT6, STM32G414CBT3, STM32G414CBT6, STM32G414CBU3, STM32G414CBU6, STM32G414CCT3, STM32G414CCT6, STM32G414CCU3, STM32G414CCU6, STM32G414MBT3, STM32G414MBT6, STM32G414MCT3, STM32G414MCT6, STM32G414RBT3, STM32G414RBT6, STM32G414RCT3, STM32G414RCT6, STM32G414VBT3, STM32G414VBT6, STM32G414VCT3, STM32G414VCT6, STM32G431CBT3Z, STM32G431RBT3Z, STM32G471CCT6, STM32G471CCU6, STM32G471CET3, STM32G471CET6, STM32G471CEU3, STM32G471CEU6, STM32G471MCT6, STM32G471MET3, STM32G471MET6, STM32G471MEY6TR, STM32G471QCT6, STM32G471QET3, STM32G471RCT6, STM32G471RET3, STM32G471RET6, STM32G471VCH6, STM32G471VCI6, STM32G471VCT6, STM32G471VEH3, STM32G471VEH6, STM32G471VEI3, STM32G471VEI6, STM32G471VET3, STM32G471VET6, STM32G473QET3Z, STM32G473RET3Z, STM32G474CCT6, STM32G491RET3Z, STM32H503CBT6, STM32H503CBU6, STM32H503EBY6TR, STM32H503KBU6, STM32H503RBT6, STM32H523CCT6, STM32H523CCU6, STM32H523CET6, STM32H523CEU6, STM32H523HEY6TR, STM32H523RCT6, STM32H523RET6, STM32H523VCI6, STM32H523VCT6, STM32H523VEI6, STM32H523VET6, STM32H523ZCJ6, STM32H523ZCT6, STM32H523ZEJ6, STM32H523ZET6, STM32H533CET6, STM32H533CEU6, STM32H533HEY6TR, STM32H533RET6, STM32H533VEI6, STM32H533VET6, STM32H533ZEJ6, STM32H533ZET6, STM32H562AGI6, STM32H562AII6, STM32H562IGK6, STM32H562IGT6, STM32H562IIK6, STM32H562IIT6, STM32H562RGT6, STM32H562RGV6, STM32H562RIT6, STM32H562RIV6, STM32H562VGT6, STM32H562VIT6, STM32H562ZGT6, STM32H562ZIT6, STM32H563AGI6, STM32H563AII3Q, STM32H563AII6, STM32H563IGK6, STM32H563IGT6, STM32H563IIK3Q, STM32H563IIK6, STM32H563IIT3Q, STM32H563IIT6, STM32H563MIY3QTR, STM32H563RGT6, STM32H563RGV6, STM32H563RIT6, STM32H563RIV6, STM32H563VGT6, STM32H563VIT3Q, STM32H563VIT6, STM32H563ZGT6, STM32H563ZIT3Q, STM32H563ZIT6, STM32H573AII3Q, STM32H573AII6, STM32H573I-DK, STM32H573IIK3Q, STM32H573IIK6, STM32H573IIT3Q, STM32H573IIT6, STM32H573MIY3QTR, STM32H573RIT6, STM32H573RIV6, STM32H573VIT3Q, STM32H573VIT6, STM32H573ZIT3Q, STM32H573ZIT6, STM32H7R3A8I6, STM32H7R3I8K6, STM32H7R3I8T6, STM32H7R3L8H6, STM32H7R3L8H6H, STM32H7R3R8V6, STM32H7R3V8H6, STM32H7R3V8T6, STM32H7R3V8Y6TR, STM32H7R3Z8J6, STM32H7R3Z8T6, STM32H7R7A8I6, STM32H7R7I8K6, STM32H7R7I8T6, STM32H7R7L8H6, STM32H7R7L8H6H, STM32H7R7Z8J6, STM32H7S3A8I6, STM32H7S3I8K6, STM32H7S3I8T6, STM32H7S3L8H6, STM32H7S3L8H6H, STM32H7S3R8V6, STM32H7S3V8H6, STM32H7S3V8T6, STM32H7S3V8Y6TR, STM32H7S3Z8J6, STM32H7S3Z8T6, STM32H7S78-DK, STM32H7S7A8I6, STM32H7S7I8K6, STM32H7S7I8T6, STM32H7S7L8H6, STM32H7S7L8H6H, STM32H7S7Z8J6, STM32L4R5QGI6STR, STM32MP131AAE3, STM32MP131AAF3, STM32MP131AAG3, STM32MP131CAE3, STM32MP131CAF3, STM32MP131CAG3, STM32MP131DAE7, STM32MP131DAF7, STM32MP131DAG7, STM32MP131FAE7, STM32MP131FAF7, STM32MP131FAG7, STM32MP133AAE3, STM32MP133AAF3, STM32MP133AAG3, STM32MP133CAE3, STM32MP133CAF3, STM32MP133CAG3, STM32MP133DAE7, STM32MP133DAF7, STM32MP133DAG7, STM32MP133FAE7, STM32MP133FAF7, STM32MP133FAG7, STM32MP135AAE3, STM32MP135AAF3, STM32MP135AAG3, STM32MP135CAE3, STM32MP135CAF3, STM32MP135CAG3, STM32MP135DAE7, STM32MP135DAF7, STM32MP135DAG7, STM32MP135F-DK, STM32MP135FAE7, STM32MP135FAF7, STM32MP135FAF7T, STM32MP135FAF7U, STM32MP135FAG7, STM32MP251AAI3, STM32MP251AAK3, STM32MP251AAL3, STM32MP251CAI3, STM32MP251CAK3, STM32MP251CAL3, STM32MP251DAI3, STM32MP251DAK3, STM32MP251DAL3, STM32MP251FAI3, STM32MP251FAK3, STM32MP251FAL3, STM32MP253AAI3, STM32MP253AAK3, STM32MP253AAL3, STM32MP253CAI3, STM32MP253CAK3, STM32MP253CAL3, STM32MP253DAI3, STM32MP253DAK3, STM32MP253DAL3, STM32MP253FAI3, STM32MP253FAK3, STM32MP253FAL3, STM32MP255AAI3, STM32MP255AAK3, STM32MP255AAL3, STM32MP255CAI3, STM32MP255CAK3, STM32MP255CAL3, STM32MP255DAI3, STM32MP255DAK3, STM32MP255DAL3, STM32MP255FAI3, STM32MP255FAK3, STM32MP255FAL3, STM32MP257AAI3, STM32MP257AAK3, STM32MP257AAL3, STM32MP257CAI3, STM32MP257CAK3, STM32MP257CAL3, STM32MP257DAI3, STM32MP257DAK3, STM32MP257DAL3, STM32MP257F-DK, STM32MP257F-EV1, STM32MP257FAI3, STM32MP257FAK3, STM32MP257FAL3, STM32U031C6T6, STM32U031C6U6, STM32U031C8T6, STM32U031C8U6, STM32U031F4P6, STM32U031F6P6, STM32U031F8P6, STM32U031G6Y6TR, STM32U031G8Y6TR, STM32U031K4U6, STM32U031K6U6, STM32U031K8U6, STM32U031R6I6, STM32U031R6T6, STM32U031R8I6, STM32U031R8T6, STM32U073C8T6, STM32U073C8U6, STM32U073CBT6, STM32U073CBU6, STM32U073CCT6, STM32U073CCU6, STM32U073H8Y6TR, STM32U073HBY6TR, STM32U073HCY6TR, STM32U073K8U6, STM32U073KBU6, STM32U073KCU6, STM32U073M8I6, STM32U073M8T6, STM32U073MBI6, STM32U073MBT6, STM32U073MCI6, STM32U073MCT6, STM32U073R8I6, STM32U073R8T6, STM32U073RBI6, STM32U073RBT6, STM32U073RCI6, STM32U073RCT6, STM32U083C-DK, STM32U083CCT6, STM32U083CCU6, STM32U083HCY6TR, STM32U083KCU6, STM32U083MCI6, STM32U083MCT6, STM32U083RCI6, STM32U083RCT6, STM32U535CBT6, STM32U535CBT6Q, STM32U535CBU6, STM32U535CBU6Q, STM32U535CCT6, STM32U535CCT6Q, STM32U535CCU6, STM32U535CCU6Q, STM32U535CET6, STM32U535CET6Q, STM32U535CEU6, STM32U535CEU6Q, STM32U535JEY6QTR, STM32U535NCY6QTR, STM32U535NEY6QTR, STM32U535RBI6, STM32U535RBI6Q, STM32U535RBT6, STM32U535RBT6Q, STM32U535RCI6, STM32U535RCI6Q, STM32U535RCT6, STM32U535RCT6Q, STM32U535REI6, STM32U535REI6Q, STM32U535RET6, STM32U535RET6Q, STM32U535VCI6, STM32U535VCI6Q, STM32U535VCT6, STM32U535VCT6Q, STM32U535VEI6, STM32U535VEI6Q, STM32U535VET6, STM32U535VET6Q, STM32U545CET6, STM32U545CET6Q, STM32U545CEU6, STM32U545CEU6Q, STM32U545JEY6QTR, STM32U545NEY6QTR, STM32U545REI6, STM32U545REI6Q, STM32U545RET6, STM32U545RET6Q, STM32U545VEI6, STM32U545VEI6Q, STM32U545VET6, STM32U545VET6Q, STM32U595AIH6, STM32U595AIH6Q, STM32U595AJH6, STM32U595AJH6Q, STM32U595QII6, STM32U595QII6Q, STM32U595QJI6, STM32U595QJI6Q, STM32U595RIT6, STM32U595RIT6Q, STM32U595RJT6, STM32U595RJT6Q, STM32U595VIT6, STM32U595VIT6Q, STM32U595VJT6, STM32U595VJT6Q, STM32U595ZIT6, STM32U595ZIT6Q, STM32U595ZIY6QTR, STM32U595ZJT6, STM32U595ZJT6Q, STM32U595ZJY6QTR, STM32U599BJY6QTR, STM32U599NIH6Q, STM32U599NJH6Q, STM32U599VIT6Q, STM32U599VJT6, STM32U599VJT6Q, STM32U599ZIT6Q, STM32U599ZIY6QTR, STM32U599ZJT6Q, STM32U599ZJY6QTR, STM32U5A5AJH6, STM32U5A5AJH6Q, STM32U5A5QII3Q , STM32U5A5QJI6, STM32U5A5QJI6Q, STM32U5A5RJT6, STM32U5A5RJT6Q, STM32U5A5VJT6, STM32U5A5VJT6Q, STM32U5A5ZJT6, STM32U5A5ZJT6Q, STM32U5A5ZJY6QTR, STM32U5A9BJY6QTR, STM32U5A9J-DK, STM32U5A9NJH6Q, STM32U5A9VJT6Q, STM32U5A9ZJT6Q, STM32U5A9ZJY6QTR, STM32U5F7VIT6, STM32U5F7VIT6Q, STM32U5F7VJT6, STM32U5F7VJT6Q, STM32U5F9BJY6QTR, STM32U5F9NJH6Q, STM32U5F9VIT6Q, STM32U5F9VJT6Q, STM32U5F9ZIJ6QTR, STM32U5F9ZIT6Q, STM32U5F9ZJJ6QTR, STM32U5F9ZJT6Q, STM32U5G7VJT6, STM32U5G7VJT6Q, STM32U5G9BJY6QTR, STM32U5G9J-DK1, STM32U5G9J-DK2, STM32U5G9NJH6Q, STM32U5G9VJT6Q, STM32U5G9ZJJ6QTR, STM32U5G9ZJT6Q, STM32WB05KZV6TR, STM32WB05KZV7TR, STM32WB05TZF6TR, STM32WB05TZF7TR, STM32WB06CCF6TR, STM32WB06CCF7TR, STM32WB06CCV6TR, STM32WB06CCV7TR, STM32WB06KCV6TR, STM32WB06KCV7TR, STM32WB07CCF6TR, STM32WB07CCF7TR, STM32WB07CCV6TR, STM32WB07CCV7TR, STM32WB07KCV6TR, STM32WB07KCV7TR, STM32WB09KEV6TR, STM32WB09KEV7TR, STM32WB09TEF6TR, STM32WB09TEF7TR, STM32WB1MMCH6, STM32WBA50KGU6, STM32WBA50KGU6TR, STM32WBA52CEU6, STM32WBA52CEU6TR, STM32WBA52CEU7, STM32WBA52CEU7TR, STM32WBA52CGU6, STM32WBA52CGU6TR, STM32WBA52CGU6U, STM32WBA52CGU7, STM32WBA52CGU7TR, STM32WBA52KEU6, STM32WBA52KEU6TR, STM32WBA52KGU6, STM32WBA52KGU6TR, STM32WBA54CEU6, STM32WBA54CEU6TR, STM32WBA54CEU7, STM32WBA54CEU7TR, STM32WBA54CGU6, STM32WBA54CGU6TR, STM32WBA54CGU7, STM32WBA54CGU7TR, STM32WBA54KEU6, STM32WBA54KEU6TR, STM32WBA54KEU7, STM32WBA54KEU7TR, STM32WBA54KGU6, STM32WBA54KGU6TR, STM32WBA54KGU7, STM32WBA54KGU7TR, STM32WBA55CEU6, STM32WBA55CEU6TR, STM32WBA55CEU7, STM32WBA55CEU7TR, STM32WBA55CGU6, STM32WBA55CGU6TR, STM32WBA55CGU6U, STM32WBA55CGU7, STM32WBA55CGU7TR, STM32WBA55G-DK1, STM32WBA55HEF6, STM32WBA55HEF7, STM32WBA55HGF6, STM32WBA55HGF7, STM32WBA55UEI6, STM32WBA55UEI6TR, STM32WBA55UEI7, STM32WBA55UEI7TR, STM32WBA55UGI6, STM32WBA55UGI6TR, STM32WBA55UGI7, STM32WBA55UGI7TR, STM32WL5MOCH6, STM32WL5MOCH6TR]
2026-03-25 19:31:30,508 [INFO] ApiDb:668 - CubeFinder database Data Model version=2.1
2026-03-25 19:31:30,508 [INFO] ApiDb:669 - CubeFinder database Configuration version=3.0.42
2026-03-25 19:31:30,508 [INFO] ApiDb:670 - CubeFinder database generation date=2026-03-11 (1773229989)
2026-03-25 19:31:30,509 [INFO] ApiDb:671 - CubeFinder database FW Pack versions=[FP-ATR-ASTRA1_V2.0.0, FP-SNS-FLIGHT1_V5.1.0, FP-SNS-MOTENV1_V5.1.0, FP-SNS-MOTENVWB1_V1.5.0, FP-SNS-SMARTAG2_V1.2.0, FP-SNS-STBOX1_V2.1.0, STM32Cube_FW_C0_V1.4.0, STM32Cube_FW_F4_V1.28.3, STM32Cube_FW_F7_V1.17.4, STM32Cube_FW_G0_V1.6.3, STM32Cube_FW_G4_V1.6.2, STM32Cube_FW_H5_V1.6.0, STM32Cube_FW_H7RS_V1.3.0, STM32Cube_FW_H7_V1.13.0, STM32Cube_FW_L0_V1.12.2, STM32Cube_FW_L4_V1.18.2, STM32Cube_FW_L5_V1.6.0, STM32Cube_FW_N6_V1.3.0, STM32Cube_FW_U0_V1.3.0, STM32Cube_FW_U3_V1.3.0, STM32Cube_FW_U5_V1.8.0, STM32Cube_FW_WB0_V1.4.0, STM32Cube_FW_WBA_V1.9.0, STM32Cube_FW_WB_V1.24.0, STM32Cube_FW_WL3_V1.4.0, STM32Cube_FW_WL_V1.5.0, X-CUBE-ALGOBUILD_V1.4.0, X-CUBE-ALS_V1.0.2, X-CUBE-AZRTOS-F4_V1.1.0, X-CUBE-AZRTOS-F7_V1.1.0, X-CUBE-AZRTOS-G0_V1.1.0, X-CUBE-AZRTOS-G4_V2.0.0, X-CUBE-AZRTOS-H7RS_V1.1.0, X-CUBE-AZRTOS-H7_V3.4.0, X-CUBE-AZRTOS-L4_V2.0.0, X-CUBE-AZRTOS-L5_V2.0.0, X-CUBE-AZRTOS-WB_V2.0.0, X-CUBE-AZRTOS-WL_V2.0.0, X-CUBE-BLE1_V7.1.0, X-CUBE-BLE2_V3.3.0, X-CUBE-BLEMGR_V4.1.0, X-CUBE-EEPRMA1_V5.2.0, X-CUBE-FREERTOS_V1.5.0, X-CUBE-GNSS1_V6.0.0, X-CUBE-MEMS1_V12.0.0, X-CUBE-NFC4_V3.0.0, X-CUBE-NFC7_V2.0.0, X-CUBE-SFXS2LP1_V4.0.0, X-CUBE-ST67W61_V1.2.0, X-CUBE-SUBG2_V5.0.0, X-CUBE-TOF1_V3.4.3]
2026-03-25 19:31:34,141 [INFO] ApiDb:240 - Found 646 in-development CPN: [B-G473E-ZEST1S, B-WB1M-WPAN1, B-WL5M-SUBG1, NUCLEO-C031C6, NUCLEO-C071RB, NUCLEO-H503RB, NUCLEO-H533RE, NUCLEO-H563ZI, NUCLEO-H7S3L8, NUCLEO-U031R8, NUCLEO-U083RC, NUCLEO-U545RE-Q, NUCLEO-U5A5ZJ-Q, NUCLEO-WB05KZ, NUCLEO-WB07CC, NUCLEO-WB09KE, NUCLEO-WBA52CG, NUCLEO-WBA55CG, STEVAL-PROTEUS1, STEVAL-SMARTAG2, STEVAL-STWINBX1, STM320518-EVAL, STM32C0116-DK, STM32C011D6Y3TR, STM32C011D6Y6TR, STM32C011F4P3, STM32C011F4P6, STM32C011F4U3, STM32C011F4U6TR, STM32C011F6P3, STM32C011F6P6, STM32C011F6U3, STM32C011F6U6TR, STM32C011J4M3, STM32C011J4M6, STM32C011J6M3, STM32C011J6M6, STM32C0316-DK, STM32C031C4T3, STM32C031C4T6, STM32C031C4U3, STM32C031C4U6, STM32C031C6T3, STM32C031C6T6, STM32C031C6U3, STM32C031C6U6, STM32C031F4P3, STM32C031F4P6, STM32C031F6P3, STM32C031F6P6, STM32C031G4U3, STM32C031G4U6, STM32C031G6U3, STM32C031G6U6, STM32C031K4T3, STM32C031K4T6, STM32C031K4U3, STM32C031K4U6, STM32C031K6T3, STM32C031K6T6, STM32C031K6U3, STM32C031K6U6, STM32C071C8T6, STM32C071C8T6N, STM32C071C8U6, STM32C071C8U6N, STM32C071CBT6, STM32C071CBT6N, STM32C071CBU6, STM32C071CBU6N, STM32C071F8P6, STM32C071F8P6N, STM32C071FBP6, STM32C071FBP6N, STM32C071FBY6TR, STM32C071G8U6, STM32C071G8U6N, STM32C071GBU6, STM32C071GBU6N, STM32C071K8T6, STM32C071K8T6N, STM32C071K8U6, STM32C071K8U6N, STM32C071KBT6, STM32C071KBT6N, STM32C071KBU6, STM32C071KBU6N, STM32C071R8T6, STM32C071R8T6N, STM32C071RBI6N, STM32C071RBT6, STM32C071RBT6N, STM32G071K8TXN, STM32G071K8UXN, STM32G081GBU6N, STM32G081KBT6N, STM32G081KBUXN, STM32G0B1CCT6N, STM32G0B1KCT6, STM32G0B1NEY6TR, STM32G0B1RCT6N, STM32G0C1CCT6, STM32G0C1CCT6N, STM32G0C1CCU6N, STM32G0C1CET6N, STM32G0C1CEU6N, STM32G0C1KCT6, STM32G0C1NEY6TR, STM32G0C1RCI6N, STM32G0C1RCT6N, STM32G0C1REI6N, STM32G0C1RET6N, STM32G0C1VCI6, STM32G0C1VEI6, STM32G411C6T3, STM32G411C6T6, STM32G411C6U3, STM32G411C6U6, STM32G411C8T3, STM32G411C8T6, STM32G411C8U3, STM32G411C8U6, STM32G411CBT3, STM32G411CBT6, STM32G411CBU3, STM32G411CBU6, STM32G411K6T3, STM32G411K6T6, STM32G411K6U3, STM32G411K6U6, STM32G411K8T3, STM32G411K8T6, STM32G411K8U3, STM32G411K8U6, STM32G411KBT3, STM32G411KBT6, STM32G411KBU3, STM32G411KBU6, STM32G411M6T3, STM32G411M6T6, STM32G411M8T3, STM32G411M8T6, STM32G411MBT3, STM32G411MBT6, STM32G411R6T3, STM32G411R6T6, STM32G411R8T3, STM32G411R8T6, STM32G411RBT3, STM32G411RBT6, STM32G414CBT3, STM32G414CBT6, STM32G414CBU3, STM32G414CBU6, STM32G414CCT3, STM32G414CCT6, STM32G414CCU3, STM32G414CCU6, STM32G414MBT3, STM32G414MBT6, STM32G414MCT3, STM32G414MCT6, STM32G414RBT3, STM32G414RBT6, STM32G414RCT3, STM32G414RCT6, STM32G414VBT3, STM32G414VBT6, STM32G414VCT3, STM32G414VCT6, STM32G431CBT3Z, STM32G431RBT3Z, STM32G471CCT6, STM32G471CCU6, STM32G471CET3, STM32G471CET6, STM32G471CEU3, STM32G471CEU6, STM32G471MCT6, STM32G471MET3, STM32G471MET6, STM32G471MEY6TR, STM32G471QCT6, STM32G471QET3, STM32G471RCT6, STM32G471RET3, STM32G471RET6, STM32G471VCH6, STM32G471VCI6, STM32G471VCT6, STM32G471VEH3, STM32G471VEH6, STM32G471VEI3, STM32G471VEI6, STM32G471VET3, STM32G471VET6, STM32G473QET3Z, STM32G473RET3Z, STM32G474CCT6, STM32G491RET3Z, STM32H503CBT6, STM32H503CBU6, STM32H503EBY6TR, STM32H503KBU6, STM32H503RBT6, STM32H523CCT6, STM32H523CCU6, STM32H523CET6, STM32H523CEU6, STM32H523HEY6TR, STM32H523RCT6, STM32H523RET6, STM32H523VCI6, STM32H523VCT6, STM32H523VEI6, STM32H523VET6, STM32H523ZCJ6, STM32H523ZCT6, STM32H523ZEJ6, STM32H523ZET6, STM32H533CET6, STM32H533CEU6, STM32H533HEY6TR, STM32H533RET6, STM32H533VEI6, STM32H533VET6, STM32H533ZEJ6, STM32H533ZET6, STM32H562AGI6, STM32H562AII6, STM32H562IGK6, STM32H562IGT6, STM32H562IIK6, STM32H562IIT6, STM32H562RGT6, STM32H562RGV6, STM32H562RIT6, STM32H562RIV6, STM32H562VGT6, STM32H562VIT6, STM32H562ZGT6, STM32H562ZIT6, STM32H563AGI6, STM32H563AII3Q, STM32H563AII6, STM32H563IGK6, STM32H563IGT6, STM32H563IIK3Q, STM32H563IIK6, STM32H563IIT3Q, STM32H563IIT6, STM32H563MIY3QTR, STM32H563RGT6, STM32H563RGV6, STM32H563RIT6, STM32H563RIV6, STM32H563VGT6, STM32H563VIT3Q, STM32H563VIT6, STM32H563ZGT6, STM32H563ZIT3Q, STM32H563ZIT6, STM32H573AII3Q, STM32H573AII6, STM32H573I-DK, STM32H573IIK3Q, STM32H573IIK6, STM32H573IIT3Q, STM32H573IIT6, STM32H573MIY3QTR, STM32H573RIT6, STM32H573RIV6, STM32H573VIT3Q, STM32H573VIT6, STM32H573ZIT3Q, STM32H573ZIT6, STM32H7R3A8I6, STM32H7R3I8K6, STM32H7R3I8T6, STM32H7R3L8H6, STM32H7R3L8H6H, STM32H7R3R8V6, STM32H7R3V8H6, STM32H7R3V8T6, STM32H7R3V8Y6TR, STM32H7R3Z8J6, STM32H7R3Z8T6, STM32H7R7A8I6, STM32H7R7I8K6, STM32H7R7I8T6, STM32H7R7L8H6, STM32H7R7L8H6H, STM32H7R7Z8J6, STM32H7S3A8I6, STM32H7S3I8K6, STM32H7S3I8T6, STM32H7S3L8H6, STM32H7S3L8H6H, STM32H7S3R8V6, STM32H7S3V8H6, STM32H7S3V8T6, STM32H7S3V8Y6TR, STM32H7S3Z8J6, STM32H7S3Z8T6, STM32H7S78-DK, STM32H7S7A8I6, STM32H7S7I8K6, STM32H7S7I8T6, STM32H7S7L8H6, STM32H7S7L8H6H, STM32H7S7Z8J6, STM32L4R5QGI6STR, STM32MP131AAE3, STM32MP131AAF3, STM32MP131AAG3, STM32MP131CAE3, STM32MP131CAF3, STM32MP131CAG3, STM32MP131DAE7, STM32MP131DAF7, STM32MP131DAG7, STM32MP131FAE7, STM32MP131FAF7, STM32MP131FAG7, STM32MP133AAE3, STM32MP133AAF3, STM32MP133AAG3, STM32MP133CAE3, STM32MP133CAF3, STM32MP133CAG3, STM32MP133DAE7, STM32MP133DAF7, STM32MP133DAG7, STM32MP133FAE7, STM32MP133FAF7, STM32MP133FAG7, STM32MP135AAE3, STM32MP135AAF3, STM32MP135AAG3, STM32MP135CAE3, STM32MP135CAF3, STM32MP135CAG3, STM32MP135DAE7, STM32MP135DAF7, STM32MP135DAG7, STM32MP135F-DK, STM32MP135FAE7, STM32MP135FAF7, STM32MP135FAF7T, STM32MP135FAF7U, STM32MP135FAG7, STM32MP251AAI3, STM32MP251AAK3, STM32MP251AAL3, STM32MP251CAI3, STM32MP251CAK3, STM32MP251CAL3, STM32MP251DAI3, STM32MP251DAK3, STM32MP251DAL3, STM32MP251FAI3, STM32MP251FAK3, STM32MP251FAL3, STM32MP253AAI3, STM32MP253AAK3, STM32MP253AAL3, STM32MP253CAI3, STM32MP253CAK3, STM32MP253CAL3, STM32MP253DAI3, STM32MP253DAK3, STM32MP253DAL3, STM32MP253FAI3, STM32MP253FAK3, STM32MP253FAL3, STM32MP255AAI3, STM32MP255AAK3, STM32MP255AAL3, STM32MP255CAI3, STM32MP255CAK3, STM32MP255CAL3, STM32MP255DAI3, STM32MP255DAK3, STM32MP255DAL3, STM32MP255FAI3, STM32MP255FAK3, STM32MP255FAL3, STM32MP257AAI3, STM32MP257AAK3, STM32MP257AAL3, STM32MP257CAI3, STM32MP257CAK3, STM32MP257CAL3, STM32MP257DAI3, STM32MP257DAK3, STM32MP257DAL3, STM32MP257F-DK, STM32MP257F-EV1, STM32MP257FAI3, STM32MP257FAK3, STM32MP257FAL3, STM32U031C6T6, STM32U031C6U6, STM32U031C8T6, STM32U031C8U6, STM32U031F4P6, STM32U031F6P6, STM32U031F8P6, STM32U031G6Y6TR, STM32U031G8Y6TR, STM32U031K4U6, STM32U031K6U6, STM32U031K8U6, STM32U031R6I6, STM32U031R6T6, STM32U031R8I6, STM32U031R8T6, STM32U073C8T6, STM32U073C8U6, STM32U073CBT6, STM32U073CBU6, STM32U073CCT6, STM32U073CCU6, STM32U073H8Y6TR, STM32U073HBY6TR, STM32U073HCY6TR, STM32U073K8U6, STM32U073KBU6, STM32U073KCU6, STM32U073M8I6, STM32U073M8T6, STM32U073MBI6, STM32U073MBT6, STM32U073MCI6, STM32U073MCT6, STM32U073R8I6, STM32U073R8T6, STM32U073RBI6, STM32U073RBT6, STM32U073RCI6, STM32U073RCT6, STM32U083C-DK, STM32U083CCT6, STM32U083CCU6, STM32U083HCY6TR, STM32U083KCU6, STM32U083MCI6, STM32U083MCT6, STM32U083RCI6, STM32U083RCT6, STM32U535CBT6, STM32U535CBT6Q, STM32U535CBU6, STM32U535CBU6Q, STM32U535CCT6, STM32U535CCT6Q, STM32U535CCU6, STM32U535CCU6Q, STM32U535CET6, STM32U535CET6Q, STM32U535CEU6, STM32U535CEU6Q, STM32U535JEY6QTR, STM32U535NCY6QTR, STM32U535NEY6QTR, STM32U535RBI6, STM32U535RBI6Q, STM32U535RBT6, STM32U535RBT6Q, STM32U535RCI6, STM32U535RCI6Q, STM32U535RCT6, STM32U535RCT6Q, STM32U535REI6, STM32U535REI6Q, STM32U535RET6, STM32U535RET6Q, STM32U535VCI6, STM32U535VCI6Q, STM32U535VCT6, STM32U535VCT6Q, STM32U535VEI6, STM32U535VEI6Q, STM32U535VET6, STM32U535VET6Q, STM32U545CET6, STM32U545CET6Q, STM32U545CEU6, STM32U545CEU6Q, STM32U545JEY6QTR, STM32U545NEY6QTR, STM32U545REI6, STM32U545REI6Q, STM32U545RET6, STM32U545RET6Q, STM32U545VEI6, STM32U545VEI6Q, STM32U545VET6, STM32U545VET6Q, STM32U595AIH6, STM32U595AIH6Q, STM32U595AJH6, STM32U595AJH6Q, STM32U595QII6, STM32U595QII6Q, STM32U595QJI6, STM32U595QJI6Q, STM32U595RIT6, STM32U595RIT6Q, STM32U595RJT6, STM32U595RJT6Q, STM32U595VIT6, STM32U595VIT6Q, STM32U595VJT6, STM32U595VJT6Q, STM32U595ZIT6, STM32U595ZIT6Q, STM32U595ZIY6QTR, STM32U595ZJT6, STM32U595ZJT6Q, STM32U595ZJY6QTR, STM32U599BJY6QTR, STM32U599NIH6Q, STM32U599NJH6Q, STM32U599VIT6Q, STM32U599VJT6, STM32U599VJT6Q, STM32U599ZIT6Q, STM32U599ZIY6QTR, STM32U599ZJT6Q, STM32U599ZJY6QTR, STM32U5A5AJH6, STM32U5A5AJH6Q, STM32U5A5QII3Q , STM32U5A5QJI6, STM32U5A5QJI6Q, STM32U5A5RJT6, STM32U5A5RJT6Q, STM32U5A5VJT6, STM32U5A5VJT6Q, STM32U5A5ZJT6, STM32U5A5ZJT6Q, STM32U5A5ZJY6QTR, STM32U5A9BJY6QTR, STM32U5A9J-DK, STM32U5A9NJH6Q, STM32U5A9VJT6Q, STM32U5A9ZJT6Q, STM32U5A9ZJY6QTR, STM32U5F7VIT6, STM32U5F7VIT6Q, STM32U5F7VJT6, STM32U5F7VJT6Q, STM32U5F9BJY6QTR, STM32U5F9NJH6Q, STM32U5F9VIT6Q, STM32U5F9VJT6Q, STM32U5F9ZIJ6QTR, STM32U5F9ZIT6Q, STM32U5F9ZJJ6QTR, STM32U5F9ZJT6Q, STM32U5G7VJT6, STM32U5G7VJT6Q, STM32U5G9BJY6QTR, STM32U5G9J-DK1, STM32U5G9J-DK2, STM32U5G9NJH6Q, STM32U5G9VJT6Q, STM32U5G9ZJJ6QTR, STM32U5G9ZJT6Q, STM32WB05KZV6TR, STM32WB05KZV7TR, STM32WB05TZF6TR, STM32WB05TZF7TR, STM32WB06CCF6TR, STM32WB06CCF7TR, STM32WB06CCV6TR, STM32WB06CCV7TR, STM32WB06KCV6TR, STM32WB06KCV7TR, STM32WB07CCF6TR, STM32WB07CCF7TR, STM32WB07CCV6TR, STM32WB07CCV7TR, STM32WB07KCV6TR, STM32WB07KCV7TR, STM32WB09KEV6TR, STM32WB09KEV7TR, STM32WB09TEF6TR, STM32WB09TEF7TR, STM32WB1MMCH6, STM32WBA50KGU6, STM32WBA50KGU6TR, STM32WBA52CEU6, STM32WBA52CEU6TR, STM32WBA52CEU7, STM32WBA52CEU7TR, STM32WBA52CGU6, STM32WBA52CGU6TR, STM32WBA52CGU6U, STM32WBA52CGU7, STM32WBA52CGU7TR, STM32WBA52KEU6, STM32WBA52KEU6TR, STM32WBA52KGU6, STM32WBA52KGU6TR, STM32WBA54CEU6, STM32WBA54CEU6TR, STM32WBA54CEU7, STM32WBA54CEU7TR, STM32WBA54CGU6, STM32WBA54CGU6TR, STM32WBA54CGU7, STM32WBA54CGU7TR, STM32WBA54KEU6, STM32WBA54KEU6TR, STM32WBA54KEU7, STM32WBA54KEU7TR, STM32WBA54KGU6, STM32WBA54KGU6TR, STM32WBA54KGU7, STM32WBA54KGU7TR, STM32WBA55CEU6, STM32WBA55CEU6TR, STM32WBA55CEU7, STM32WBA55CEU7TR, STM32WBA55CGU6, STM32WBA55CGU6TR, STM32WBA55CGU6U, STM32WBA55CGU7, STM32WBA55CGU7TR, STM32WBA55G-DK1, STM32WBA55HEF6, STM32WBA55HEF7, STM32WBA55HGF6, STM32WBA55HGF7, STM32WBA55UEI6, STM32WBA55UEI6TR, STM32WBA55UEI7, STM32WBA55UEI7TR, STM32WBA55UGI6, STM32WBA55UGI6TR, STM32WBA55UGI7, STM32WBA55UGI7TR, STM32WL5MOCH6, STM32WL5MOCH6TR]
2026-03-25 19:31:34,156 [INFO] DbMcus:218 - Found 5045 MCUs, 4958 are supported
2026-03-25 19:31:34,158 [INFO] ApiDb:423 - Load user favorites file C:\Users\DELL/.stm32cubeide/favorites.mcus.txt: 0 item(s)
2026-03-25 19:31:34,159 [INFO] ApiDb:427 - User favorites MCUs=[]
2026-03-25 19:31:34,159 [INFO] DbMcus:224 - Set 0 / 0 favorites MCUs
2026-03-25 19:31:36,707 [INFO] BoardInfo:889 - No configuration file found for board B-WBA5M-WPAN
2026-03-25 19:31:36,708 [INFO] DbBoards:161 - Board is not supported: B-WBA5M-WPAN
2026-03-25 19:31:36,715 [INFO] BoardInfo:889 - No configuration file found for board NUCLEO-C051C8
2026-03-25 19:31:36,716 [INFO] DbBoards:161 - Board is not supported: NUCLEO-C051C8
2026-03-25 19:31:36,722 [INFO] BoardInfo:889 - No configuration file found for board NUCLEO-C092RC
2026-03-25 19:31:36,723 [INFO] DbBoards:161 - Board is not supported: NUCLEO-C092RC
2026-03-25 19:31:36,826 [INFO] BoardInfo:889 - No configuration file found for board NUCLEO-H5E5ZJ
2026-03-25 19:31:36,826 [INFO] DbBoards:161 - Board is not supported: NUCLEO-H5E5ZJ
2026-03-25 19:31:36,880 [INFO] BoardInfo:889 - No configuration file found for board NUCLEO-N657X0-Q
2026-03-25 19:31:36,880 [INFO] DbBoards:161 - Board is not supported: NUCLEO-N657X0-Q
2026-03-25 19:31:36,885 [INFO] BoardInfo:889 - No configuration file found for board NUCLEO-U385RG-Q
2026-03-25 19:31:36,886 [INFO] DbBoards:161 - Board is not supported: NUCLEO-U385RG-Q
2026-03-25 19:31:36,888 [INFO] BoardInfo:889 - No configuration file found for board NUCLEO-U3C5ZI-Q
2026-03-25 19:31:36,889 [INFO] DbBoards:161 - Board is not supported: NUCLEO-U3C5ZI-Q
2026-03-25 19:31:36,908 [INFO] BoardInfo:889 - No configuration file found for board NUCLEO-WBA25CE1
2026-03-25 19:31:36,909 [INFO] DbBoards:161 - Board is not supported: NUCLEO-WBA25CE1
2026-03-25 19:31:36,915 [INFO] BoardInfo:889 - No configuration file found for board NUCLEO-WBA65RI
2026-03-25 19:31:36,916 [INFO] DbBoards:161 - Board is not supported: NUCLEO-WBA65RI
2026-03-25 19:31:36,918 [INFO] BoardInfo:889 - No configuration file found for board NUCLEO-WL33CC1
2026-03-25 19:31:36,919 [INFO] DbBoards:161 - Board is not supported: NUCLEO-WL33CC1
2026-03-25 19:31:36,921 [INFO] BoardInfo:889 - No configuration file found for board NUCLEO-WL33CC2
2026-03-25 19:31:36,922 [INFO] DbBoards:161 - Board is not supported: NUCLEO-WL33CC2
2026-03-25 19:31:36,924 [INFO] BoardInfo:889 - No configuration file found for board NUCLEO-WL3RKB1
2026-03-25 19:31:36,925 [INFO] DbBoards:161 - Board is not supported: NUCLEO-WL3RKB1
2026-03-25 19:31:36,926 [INFO] BoardInfo:889 - No configuration file found for board NUCLEO-WL3RKB2
2026-03-25 19:31:36,927 [INFO] DbBoards:161 - Board is not supported: NUCLEO-WL3RKB2
2026-03-25 19:31:36,937 [INFO] BoardInfo:889 - No configuration file found for board P-NUCLEO-WB55
2026-03-25 19:31:36,938 [INFO] DbBoards:161 - Kit is not supported: P-NUCLEO-WB55
2026-03-25 19:31:36,946 [INFO] BoardInfo:889 - No configuration file found for board STEVAL-BFA001V1B
2026-03-25 19:31:36,947 [INFO] DbBoards:161 - Kit is not supported: STEVAL-BFA001V1B
2026-03-25 19:31:36,948 [INFO] BoardInfo:889 - No configuration file found for board STEVAL-BFA001V2B
2026-03-25 19:31:36,950 [INFO] DbBoards:161 - Kit is not supported: STEVAL-BFA001V2B
2026-03-25 19:31:37,115 [INFO] BoardInfo:889 - No configuration file found for board STM32H5F5J-DK
2026-03-25 19:31:37,116 [INFO] DbBoards:161 - Board is not supported: STM32H5F5J-DK
2026-03-25 19:31:37,210 [INFO] BoardInfo:889 - No configuration file found for board STM32MP215F-DK
2026-03-25 19:31:37,212 [INFO] DbBoards:161 - Board is not supported: STM32MP215F-DK
2026-03-25 19:31:37,218 [INFO] BoardInfo:889 - No configuration file found for board STM32N6570-DK
2026-03-25 19:31:37,219 [INFO] DbBoards:161 - Board is not supported: STM32N6570-DK
2026-03-25 19:31:37,242 [INFO] BoardInfo:889 - No configuration file found for board STM32WBA65I-DK1
2026-03-25 19:31:37,244 [INFO] DbBoards:161 - Board is not supported: STM32WBA65I-DK1
2026-03-25 19:31:37,245 [INFO] DbBoards:168 - Found 218 boards, 198 are supported
2026-03-25 19:31:37,246 [INFO] DbBoards:169 - Found 218 boards, 25 of them is supported for  Bsp
2026-03-25 19:31:37,259 [INFO] ApiDb:414 - User favorites file not found: C:\Users\DELL/.stm32cubeide/favorites.boards.txt
2026-03-25 19:31:37,260 [INFO] DbBoards:198 - Set 0 / 0 favorites Boards
2026-03-25 19:31:37,261 [INFO] McuFinderGlobals:76 - Set McuFinderConnectedMode to true
2026-03-25 19:31:37,297 [INFO] MultiScanPanel:200 - Auto-refresh data requested => check proxy status ongoing
2026-03-25 19:31:37,303 [INFO] FinderPluginLoader:95 - Searching for filters in installed packs
2026-03-25 19:31:40,450 [INFO] LoadUrlFilesThread:185 - End of LoadServerUrlFiles without Thread
2026-03-25 19:31:40,507 [INFO] DetailPanel:341 - Set advertising image to E:\STM32Cube\Repository\en.prom-stm32c5-0326.jpg
2026-03-25 19:33:25,272 [INFO] MainUpdater:2873 - connection check result : 10
2026-03-25 19:33:25,273 [INFO] MainUpdater:2873 - connection check result : 10
2026-03-25 19:33:25,439 [INFO] RulesReader:64 - Compatibility file has been processed (297 Rules)
2026-03-25 19:33:25,464 [INFO] RulesReader:64 - Compatibility file has been processed (297 Rules)
2026-03-25 19:33:25,503 [INFO] MicroXplorer:468 - Change Database Path : 
2026-03-25 19:33:25,503 [INFO] MicroXplorer:498 - Change Database Version : DB.6.0.121
2026-03-25 19:33:25,544 [WARN] ThirdParty:871 - waiting for thirdparty lock release [close project]
2026-03-25 19:33:25,544 [INFO] ThirdParty:873 - entering critical section [close project]
2026-03-25 19:33:25,546 [INFO] ThirdParty:883 - exiting critical section [close project]
2026-03-25 19:33:25,560 [INFO] PinOutPanel:1561 - setPackage(No Configuration,No Configuration)
2026-03-25 19:33:25,573 [INFO] UtilMem:75 - Begin LoadConfig() Used Memory: 644190848 Bytes (1001390080)
2026-03-25 19:33:25,585 [INFO] MicroXplorer:468 - Change Database Path : 
2026-03-25 19:33:25,585 [INFO] MicroXplorer:498 - Change Database Version : DB.6.0.121
2026-03-25 19:33:25,585 [INFO] OpenFileManager:332 - Change cursor
2026-03-25 19:33:25,938 [INFO] Mcu:2032 - Initializing MCU STM32F103C6Tx STM32F103C6Tx STM32F103C6T6A
2026-03-25 19:33:28,845 [INFO] Context:742 - Trying to add GPIOservice into a context  which must be forbidden
2026-03-25 19:33:29,543 [INFO] ImportTextPane:205 - (OptionalMessage_ERROR) Unable to find key (Mcu.ThirdPartyNb) in loaded IOC file
2026-03-25 19:33:29,546 [INFO] ImportTextPane:205 - (OptionalMessage_ERROR) Unable to find key (Mcu.PinsNb) in loaded IOC file
2026-03-25 19:33:29,547 [INFO] ImportTextPane:205 - (OptionalMessage_ERROR) Unable to find key (Mcu.IPNb) in loaded IOC file
2026-03-25 19:33:30,097 [INFO] RtosManager:555 - Registered RTOS mode: class=CMSIS, group=RTOS, mode=CMSIS_V1, owner=FREERTOS
2026-03-25 19:33:30,098 [INFO] RtosManager:555 - Registered RTOS mode: class=CMSIS, group=RTOS2, mode=CMSIS_V2, owner=FREERTOS
2026-03-25 19:33:30,099 [INFO] RtosManager:555 - Registered RTOS mode: class=RTOS, group=Core, mode=CMSIS_V1, owner=FREERTOS
2026-03-25 19:33:30,099 [INFO] RtosManager:555 - Registered RTOS mode: class=RTOS, group=Core, mode=CMSIS_V2, owner=FREERTOS
2026-03-25 19:33:30,100 [WARN] ModelIntegratedComponent:184 - Missing modes for component STMicroelectronics:FreeRTOS:0.0.1:STMicroelectronics:RTOS:FreeRTOS:Core:::10.2.0:
2026-03-25 19:33:30,132 [WARN] ModelIntegratedComponent:63 - No mode defined for component null
2026-03-25 19:33:30,133 [WARN] ModelIntegratedComponent:63 - No mode defined for component null
2026-03-25 19:33:30,133 [WARN] ModelIntegratedComponent:63 - No mode defined for component null
2026-03-25 19:33:30,133 [WARN] ModelIntegratedComponent:63 - No mode defined for component null
2026-03-25 19:33:30,133 [WARN] ModelIntegratedComponent:63 - No mode defined for component null
2026-03-25 19:33:30,134 [WARN] ModelIntegratedComponent:63 - No mode defined for component null
2026-03-25 19:33:30,134 [WARN] ModelIntegratedComponent:63 - No mode defined for component null
2026-03-25 19:33:30,134 [WARN] ModelIntegratedComponent:63 - No mode defined for component null
2026-03-25 19:33:30,134 [WARN] ModelIntegratedComponent:63 - No mode defined for component null
2026-03-25 19:33:30,134 [WARN] ModelIntegratedComponent:63 - No mode defined for component null
2026-03-25 19:33:30,136 [WARN] ModelIntegratedComponent:63 - No mode defined for component null
2026-03-25 19:33:30,136 [WARN] ModelIntegratedComponent:63 - No mode defined for component null
2026-03-25 19:33:30,136 [WARN] ModelIntegratedComponent:63 - No mode defined for component null
2026-03-25 19:33:30,136 [WARN] ModelIntegratedComponent:63 - No mode defined for component null
2026-03-25 19:33:30,136 [WARN] ModelIntegratedComponent:63 - No mode defined for component null
2026-03-25 19:33:30,136 [WARN] ModelIntegratedComponent:63 - No mode defined for component null
2026-03-25 19:33:30,136 [WARN] ModelIntegratedComponent:63 - No mode defined for component null
2026-03-25 19:33:30,136 [WARN] ModelIntegratedComponent:63 - No mode defined for component null
2026-03-25 19:33:30,136 [WARN] ModelIntegratedComponent:63 - No mode defined for component null
2026-03-25 19:33:30,136 [WARN] ModelIntegratedComponent:63 - No mode defined for component null
2026-03-25 19:33:30,137 [WARN] ModelIntegratedComponent:63 - No mode defined for component null
2026-03-25 19:33:30,137 [WARN] ModelIntegratedComponent:63 - No mode defined for component null
2026-03-25 19:33:30,137 [WARN] ModelIntegratedComponent:63 - No mode defined for component null
2026-03-25 19:33:30,138 [WARN] ModelIntegratedComponent:63 - No mode defined for component null
2026-03-25 19:33:30,138 [WARN] ModelIntegratedComponent:63 - No mode defined for component null
2026-03-25 19:33:30,139 [WARN] ModelIntegratedComponent:63 - No mode defined for component null
2026-03-25 19:33:30,139 [WARN] ModelIntegratedComponent:63 - No mode defined for component null
2026-03-25 19:33:30,139 [WARN] ModelIntegratedComponent:63 - No mode defined for component null
2026-03-25 19:33:30,139 [WARN] ModelIntegratedComponent:63 - No mode defined for component null
2026-03-25 19:33:30,139 [WARN] ModelIntegratedComponent:63 - No mode defined for component null
2026-03-25 19:33:30,140 [WARN] ModelIntegratedComponent:63 - No mode defined for component null
2026-03-25 19:33:30,140 [WARN] ModelIntegratedComponent:63 - No mode defined for component null
2026-03-25 19:33:30,140 [WARN] ModelIntegratedComponent:63 - No mode defined for component null
2026-03-25 19:33:30,140 [WARN] ModelIntegratedComponent:63 - No mode defined for component null
2026-03-25 19:33:30,140 [WARN] ModelIntegratedComponent:63 - No mode defined for component null
2026-03-25 19:33:30,141 [WARN] ModelPack:524 - Component already loaded: STMicroelectronics:HAL Drivers:0.0.0:STMicroelectronics:Device:STMicro_Driver:XSPI:HAL::0.0.1:HAL_XSPI
2026-03-25 19:33:30,214 [INFO] ThirdPartyModel:298 - Start build external matchings
2026-03-25 19:33:30,944 [INFO] ThirdPartyModel:316 - End build external matchings
2026-03-25 19:33:31,334 [INFO] UtilMem:75 - End LoadConfig() Used Memory: 814777968 Bytes (1073741824)
2026-03-25 19:33:31,412 [WARN] ThirdParty:833 - waiting for thirdparty lock release [change project]
2026-03-25 19:33:31,413 [INFO] ThirdParty:835 - entering critical section [change project]
2026-03-25 19:33:31,414 [INFO] ThirdParty:1030 - CMSIS Pack Vendor :STMicroelectronics X-CUBE-AZRTOS-H7 3.5.0
2026-03-25 19:33:31,415 [INFO] ThirdParty:1030 - CMSIS Pack Vendor :STMicroelectronics X-CUBE-PM33A1 1.0.0
2026-03-25 19:33:31,415 [INFO] ThirdParty:1030 - CMSIS Pack Vendor :STMicroelectronics USBPD 4.1
2026-03-25 19:33:31,415 [INFO] ThirdParty:1030 - CMSIS Pack Vendor :STMicroelectronics X-CUBE-NFC9 1.0.0
2026-03-25 19:33:31,415 [INFO] ThirdParty:1030 - CMSIS Pack Vendor :STMicroelectronics USB_HOST 2.0.0
2026-03-25 19:33:31,416 [INFO] ThirdParty:1030 - CMSIS Pack Vendor :STMicroelectronics X-CUBE-AZRTOS-F4 1.1.0
2026-03-25 19:33:31,416 [INFO] ThirdParty:1030 - CMSIS Pack Vendor :STMicroelectronics LIBJPEG 8.0.0
2026-03-25 19:33:31,416 [INFO] ThirdParty:1030 - CMSIS Pack Vendor :STMicroelectronics FP-ATR-ASTRA1 2.0.2
2026-03-25 19:33:31,416 [INFO] ThirdParty:1030 - CMSIS Pack Vendor :STMicroelectronics X-CUBE-BLE1 7.1.0
2026-03-25 19:33:31,417 [INFO] ThirdParty:1030 - CMSIS Pack Vendor :STMicroelectronics X-CUBE-SMBUS 2.1.0
2026-03-25 19:33:31,417 [INFO] ThirdParty:1030 - CMSIS Pack Vendor :wolfSSL I-CUBE-wolfMQTT 1.19.2
2026-03-25 19:33:31,418 [INFO] ThirdParty:1030 - CMSIS Pack Vendor :STMicroelectronics USB_DEVICE 3.0.0
2026-03-25 19:33:31,418 [INFO] ThirdParty:1030 - CMSIS Pack Vendor :STMicroelectronics X-CUBE-ISPU 2.1.0
2026-03-25 19:33:31,418 [INFO] ThirdParty:1030 - CMSIS Pack Vendor :STMicroelectronics X-CUBE-EEPRMA1 5.2.0
2026-03-25 19:33:31,418 [INFO] ThirdParty:1030 - CMSIS Pack Vendor :STMicroelectronics X-CUBE-AZRTOS-WB 2.0.0
2026-03-25 19:33:31,418 [INFO] ThirdParty:1030 - CMSIS Pack Vendor :wolfSSL I-CUBE-wolfSSL 5.8.4
2026-03-25 19:33:31,418 [INFO] ThirdParty:1030 - CMSIS Pack Vendor :STMicroelectronics X-CUBE-NFC12 1.0.0
2026-03-25 19:33:31,418 [INFO] ThirdParty:1030 - CMSIS Pack Vendor :STMicroelectronics X-CUBE-AZRTOS-F7 1.1.0
2026-03-25 19:33:31,419 [INFO] ThirdParty:1030 - CMSIS Pack Vendor :STMicroelectronics X-CUBE-AZRTOS-L5 2.0.0
2026-03-25 19:33:31,419 [INFO] ThirdParty:1030 - CMSIS Pack Vendor :STMicroelectronics USB_DEVICE 2.0.0
2026-03-25 19:33:31,420 [INFO] ThirdParty:1030 - CMSIS Pack Vendor :quantropi X-CUBE-qispace-sdk-base 2.1.0
2026-03-25 19:33:31,421 [INFO] ThirdParty:1030 - CMSIS Pack Vendor :STMicroelectronics X-CUBE-MEMS1 12.0.0
2026-03-25 19:33:31,422 [INFO] ThirdParty:1030 - CMSIS Pack Vendor :STMicroelectronics X-CUBE-STSE01 2.0.0
2026-03-25 19:33:31,423 [INFO] ThirdParty:1030 - CMSIS Pack Vendor :STMicroelectronics FreeRTOS 0.0.1
2026-03-25 19:33:31,424 [INFO] ThirdParty:1030 - CMSIS Pack Vendor :STMicroelectronics X-CUBE-AZRTOS-G0 1.1.0
2026-03-25 19:33:31,424 [INFO] ThirdParty:1030 - CMSIS Pack Vendor :STMicroelectronics X-CUBE-NFC4 3.0.0
2026-03-25 19:33:31,425 [INFO] ThirdParty:1030 - CMSIS Pack Vendor :STMicroelectronics X-CUBE-SUBG2 5.0.0
2026-03-25 19:33:31,425 [INFO] ThirdParty:1030 - CMSIS Pack Vendor :STMicroelectronics STM32_WPAN 1.0.0
2026-03-25 19:33:31,425 [INFO] ThirdParty:1030 - CMSIS Pack Vendor :EmbeddedOffice I-CUBE-FS-RTOS 1.0.1
2026-03-25 19:33:31,425 [INFO] ThirdParty:1030 - CMSIS Pack Vendor :STMicroelectronics lwIP 2.0.3
2026-03-25 19:33:31,425 [INFO] ThirdParty:1030 - CMSIS Pack Vendor :STMicroelectronics USB_HOST 1.0.0
2026-03-25 19:33:31,426 [INFO] ThirdParty:1030 - CMSIS Pack Vendor :STMicroelectronics X-CUBE-AZRTOS-G4 2.0.0
2026-03-25 19:33:31,426 [INFO] ThirdParty:1030 - CMSIS Pack Vendor :STMicroelectronics X-CUBE-WB05N 2.0.0
2026-03-25 19:33:31,426 [INFO] ThirdParty:1030 - CMSIS Pack Vendor :STMicroelectronics PDM2PCM 3.1.0
2026-03-25 19:33:31,426 [INFO] ThirdParty:1030 - CMSIS Pack Vendor :STMicroelectronics PDM2PCM 3.3.0
2026-03-25 19:33:31,426 [INFO] ThirdParty:1030 - CMSIS Pack Vendor :wolfSSL I-CUBE-wolfTPM 3.8.0
2026-03-25 19:33:31,426 [INFO] ThirdParty:1030 - CMSIS Pack Vendor :STMicroelectronics X-CUBE-DISPLAY 3.0.0
2026-03-25 19:33:31,427 [INFO] ThirdParty:1030 - CMSIS Pack Vendor :wolfSSL I-CUBE-wolfSSH 1.4.20
2026-03-25 19:33:31,427 [INFO] ThirdParty:1030 - CMSIS Pack Vendor :STMicroelectronics X-CUBE-NFC7 2.0.0
2026-03-25 19:33:31,427 [INFO] ThirdParty:1030 - CMSIS Pack Vendor :RealThread X-CUBE-RT-Thread_Nano 4.1.1
2026-03-25 19:33:31,427 [INFO] ThirdParty:1030 - CMSIS Pack Vendor :STMicroelectronics FP-ATR-SIGFOX1 3.2.0
2026-03-25 19:33:31,427 [INFO] ThirdParty:1030 - CMSIS Pack Vendor :STMicroelectronics X-CUBE-NFC10 1.0.0
2026-03-25 19:33:31,427 [INFO] ThirdParty:1030 - CMSIS Pack Vendor :STMicroelectronics HAL Drivers 0.0.0
2026-03-25 19:33:31,428 [INFO] ThirdParty:1030 - CMSIS Pack Vendor :STMicroelectronics MBEDTLS 2.16.2
2026-03-25 19:33:31,428 [INFO] ThirdParty:1030 - CMSIS Pack Vendor :STMicroelectronics X-CUBE-ALS 1.0.2
2026-03-25 19:33:31,428 [INFO] ThirdParty:1030 - CMSIS Pack Vendor :emotas I-CUBE-CANOPEN 1.3.0
2026-03-25 19:33:31,428 [INFO] ThirdParty:1030 - CMSIS Pack Vendor :STMicroelectronics MBEDTLS 2.14.1
2026-03-25 19:33:31,428 [INFO] ThirdParty:1030 - CMSIS Pack Vendor :STMicroelectronics X-CUBE-GNSS1 7.1.0
2026-03-25 19:33:31,428 [INFO] ThirdParty:1030 - CMSIS Pack Vendor :ITTIA_DB I-CUBE-ITTIADB 8.9.0
2026-03-25 19:33:31,429 [INFO] ThirdParty:1030 - CMSIS Pack Vendor :STMicroelectronics X-CUBE-TOUCHGFX 4.26.1
2026-03-25 19:33:31,429 [INFO] ThirdParty:1030 - CMSIS Pack Vendor :STMicroelectronics X-CUBE-NFC6 3.2.0
2026-03-25 19:33:31,429 [INFO] ThirdParty:1030 - CMSIS Pack Vendor :STMicroelectronics X-CUBE-AI 10.2.0
2026-03-25 19:33:31,429 [INFO] ThirdParty:1030 - CMSIS Pack Vendor :STMicroelectronics ThreadX 1.0.0
2026-03-25 19:33:31,429 [INFO] ThirdParty:1030 - CMSIS Pack Vendor :STMicroelectronics FP-SNS-SMARTAG2 1.2.0
2026-03-25 19:33:31,429 [INFO] ThirdParty:1030 - CMSIS Pack Vendor :STMicroelectronics X-CUBE-AZRTOS-WL 2.0.0
2026-03-25 19:33:31,429 [INFO] ThirdParty:1030 - CMSIS Pack Vendor :SEGGER I-CUBE-embOS 1.3.1
2026-03-25 19:33:31,429 [INFO] ThirdParty:1030 - CMSIS Pack Vendor :STMicroelectronics X-CUBE-ALGOBUILD 1.4.0
2026-03-25 19:33:31,429 [INFO] ThirdParty:1030 - CMSIS Pack Vendor :STMicroelectronics X-CUBE-DPower 1.3.0
2026-03-25 19:33:31,430 [INFO] ThirdParty:1030 - CMSIS Pack Vendor :STMicroelectronics USB_DEVICE 1.0.0
2026-03-25 19:33:31,430 [INFO] ThirdParty:1030 - CMSIS Pack Vendor :STMicroelectronics X-CUBE-AZRTOS-H7RS 1.2.0
2026-03-25 19:33:31,430 [INFO] ThirdParty:1030 - CMSIS Pack Vendor :STMicroelectronics X-CUBE-AZRTOS-L4 2.0.0
2026-03-25 19:33:31,430 [INFO] ThirdParty:1030 - CMSIS Pack Vendor :STMicroelectronics ThreadX 0.0.2
2026-03-25 19:33:31,430 [INFO] ThirdParty:1030 - CMSIS Pack Vendor :STMicroelectronics lwIP 2.1.2
2026-03-25 19:33:31,431 [INFO] ThirdParty:1030 - CMSIS Pack Vendor :STMicroelectronics X-CUBE-SFXS2LP1 4.0.0
2026-03-25 19:33:31,431 [INFO] ThirdParty:1030 - CMSIS Pack Vendor :STMicroelectronics X-CUBE-BLE2 3.3.0
2026-03-25 19:33:31,431 [INFO] ThirdParty:1030 - CMSIS Pack Vendor :Infineon AIROC-Wi-Fi-Bluetooth-STM32 1.8.0
2026-03-25 19:33:31,431 [INFO] ThirdParty:1030 - CMSIS Pack Vendor :STMicroelectronics PDM2PCM 3.2.0
2026-03-25 19:33:31,431 [INFO] ThirdParty:841 - exiting critical section [change project]
2026-03-25 19:33:32,288 [INFO] PinOutPanel:1561 - setPackage(No Configuration,No Configuration)
2026-03-25 19:33:32,292 [INFO] PinOutPanel:1561 - setPackage(STM32F103C6Tx,LQFP48)
2026-03-25 19:33:33,771 [INFO] UtilMem:75 - Before build in PCC Used Memory: 776267816 Bytes (1073741824)
2026-03-25 19:33:36,400 [INFO] UtilMem:75 - After build in PCC Used Memory: 749689104 Bytes (1073741824)
2026-03-25 19:33:36,464 [INFO] IPUIPlugin:80 - create IPUIPlugin
2026-03-25 19:33:36,465 [INFO] IPUIPlugin:80 - create IPUIPlugin
2026-03-25 19:33:36,465 [INFO] IPUIPlugin:80 - create IPUIPlugin
2026-03-25 19:33:36,466 [INFO] IPUIPlugin:80 - create IPUIPlugin
2026-03-25 19:33:36,467 [INFO] IPUIPlugin:80 - create IPUIPlugin
2026-03-25 19:33:36,467 [INFO] IPUIPlugin:80 - create IPUIPlugin
2026-03-25 19:33:36,468 [INFO] IPUIPlugin:80 - create IPUIPlugin
2026-03-25 19:33:36,468 [INFO] IPUIPlugin:80 - create IPUIPlugin
2026-03-25 19:33:36,469 [INFO] IPUIPlugin:80 - create IPUIPlugin
2026-03-25 19:33:36,470 [INFO] IPUIPlugin:80 - create IPUIPlugin
2026-03-25 19:33:36,470 [INFO] IPUIPlugin:80 - create IPUIPlugin
2026-03-25 19:33:36,471 [INFO] IPUIPlugin:80 - create IPUIPlugin
2026-03-25 19:33:36,472 [INFO] IPUIPlugin:80 - create IPUIPlugin
2026-03-25 19:33:36,473 [INFO] IPUIPlugin:80 - create IPUIPlugin
2026-03-25 19:33:36,474 [INFO] IPUIPlugin:80 - create IPUIPlugin
2026-03-25 19:33:36,475 [INFO] IPUIPlugin:80 - create IPUIPlugin
2026-03-25 19:33:36,476 [INFO] IPUIPlugin:80 - create IPUIPlugin
2026-03-25 19:33:36,477 [INFO] IPUIPlugin:80 - create IPUIPlugin
2026-03-25 19:33:36,478 [INFO] IPUIPlugin:80 - create IPUIPlugin
2026-03-25 19:33:36,479 [INFO] IPUIPlugin:80 - create IPUIPlugin
2026-03-25 19:33:36,480 [INFO] IPUIPlugin:80 - create IPUIPlugin
2026-03-25 19:33:36,482 [INFO] IPUIPlugin:80 - create IPUIPlugin
2026-03-25 19:33:36,483 [INFO] IPUIPlugin:80 - create IPUIPlugin
2026-03-25 19:33:37,044 [INFO] CADModel:165 - CPN selected for project levelSTM32F103C6T6A
2026-03-25 19:33:37,045 [INFO] CADModel:114 - Register for checkConnection events
2026-03-25 19:33:37,087 [INFO] OpenFileManager:363 - Restore cursor
2026-03-25 19:33:40,259 [INFO] UtilMem:75 - End SaveConfig() Used Memory: 812646400 Bytes (1073741824)
2026-03-25 19:33:40,411 [INFO] UtilMem:75 - End SaveConfig() Used Memory: 827659080 Bytes (1073741824)
2026-03-25 19:33:41,913 [INFO] BlockDiagram:2766 - set Specific Code input for plugin: NVIC
2026-03-25 19:33:41,914 [INFO] BlockDiagram:2766 - set Specific Code input for plugin: RCC
2026-03-25 19:33:41,922 [INFO] CodeGenerator:807 - code generatio: config db path: E:\App Download\ST\STM32CubeIDE_1.16.1\STM32CubeIDE\plugins\com.st.stm32cube.common.mx_6.12.1.202409122256\\db\
2026-03-25 19:33:42,460 [INFO] CodeEngine:255 - oldGeneratedFile, E:\STM32CubeIDE\workspace_1.16.1\mspa3_mrunali\MXTmpFiles\license.tmp_save
2026-03-25 19:33:43,846 [INFO] CodeEngine:279 - Generated code: E:\STM32CubeIDE\workspace_1.16.1\mspa3_mrunali\MXTmpFiles\license.tmp
2026-03-25 19:33:43,942 [INFO] CodeEngine:255 - oldGeneratedFile, E:\STM32CubeIDE\workspace_1.16.1\mspa3_mrunali\Core\Src\stm32f1xx_it.c_save
2026-03-25 19:33:44,352 [INFO] CodeEngine:279 - Generated code: E:\STM32CubeIDE\workspace_1.16.1\mspa3_mrunali\Core\Src\stm32f1xx_it.c
2026-03-25 19:33:44,388 [INFO] CodeEngine:255 - oldGeneratedFile, E:\STM32CubeIDE\workspace_1.16.1\mspa3_mrunali\Core\Inc\stm32f1xx_it.h_save
2026-03-25 19:33:44,639 [INFO] CodeEngine:279 - Generated code: E:\STM32CubeIDE\workspace_1.16.1\mspa3_mrunali\Core\Inc\stm32f1xx_it.h
2026-03-25 19:33:45,016 [INFO] CodeEngine:255 - oldGeneratedFile, E:\STM32CubeIDE\workspace_1.16.1\mspa3_mrunali\Core\Src\stm32f1xx_hal_msp.c_save
2026-03-25 19:33:45,410 [INFO] CodeEngine:279 - Generated code: E:\STM32CubeIDE\workspace_1.16.1\mspa3_mrunali\Core\Src\stm32f1xx_hal_msp.c
2026-03-25 19:33:45,450 [INFO] CodeEngine:255 - oldGeneratedFile, E:\STM32CubeIDE\workspace_1.16.1\mspa3_mrunali\MXTmpFiles\system.tmp_save
2026-03-25 19:33:45,698 [INFO] CodeEngine:279 - Generated code: E:\STM32CubeIDE\workspace_1.16.1\mspa3_mrunali\MXTmpFiles\system.tmp
2026-03-25 19:33:45,748 [INFO] CodeEngine:311 - oldGeneratedFile, E:\STM32CubeIDE\workspace_1.16.1\mspa3_mrunali\Core\Inc\stm32f1xx_hal_conf.h_save
2026-03-25 19:33:45,993 [INFO] CodeEngine:335 - Generated code: E:\STM32CubeIDE\workspace_1.16.1\mspa3_mrunali\Core\Inc\stm32f1xx_hal_conf.h
2026-03-25 19:33:46,155 [INFO] CodeEngine:255 - oldGeneratedFile, E:\STM32CubeIDE\workspace_1.16.1\mspa3_mrunali\Core\Inc\main.h_save
2026-03-25 19:33:46,446 [INFO] CodeEngine:279 - Generated code: E:\STM32CubeIDE\workspace_1.16.1\mspa3_mrunali\Core\Inc\main.h
2026-03-25 19:33:46,471 [INFO] CodeEngine:255 - oldGeneratedFile, E:\STM32CubeIDE\workspace_1.16.1\mspa3_mrunali\Core\Src\main.c_save
2026-03-25 19:33:46,874 [INFO] CodeEngine:279 - Generated code: E:\STM32CubeIDE\workspace_1.16.1\mspa3_mrunali\Core\Src\main.c
2026-03-25 19:33:49,138 [INFO] ProjectBuilder:3249 - Time for Copy HAL[1] : 1415mS.
2026-03-25 19:33:49,161 [INFO] ProjectBuilder:4828 - Project Generator version: 4.5.0-B34
2026-03-25 19:33:49,463 [INFO] ConfigFileManager:1531 - The Die is : DIE412
2026-03-25 19:33:49,527 [INFO] ApiDbMcu:508 - Load IP Config File for FATFS
2026-03-25 19:33:49,597 [INFO] ApiDbMcu:508 - Load IP Config File for FREERTOS
2026-03-25 19:33:49,645 [INFO] ApiDbMcu:508 - Load IP Config File for USB_DEVICE
2026-03-25 19:33:51,363 [INFO] LogOutputStream:77 - [STDOUT_REDIRECT] 
2026-03-25 19:34:00,280 [INFO] ProjectBuilder:5097 - Time for Generating toolchain IDE Files: 11101mS.
2026-03-25 19:34:00,310 [INFO] ProjectBuilder:3107 - Time for Copy CMSIS : 29mS.
2026-03-25 19:34:00,320 [INFO] ProjectBuilder:3107 - Time for Copy CMSIS : 0mS.
2026-03-25 19:34:03,565 [INFO] McuFinderGlobals:76 - Set McuFinderConnectedMode to true
2026-03-25 19:34:03,579 [INFO] ApiDb:448 - Save user favorites file C:\Users\DELL/.stm32cubeide/favorites.mcus.txt: 0 item(s)
2026-03-25 19:34:03,580 [INFO] ApiDb:452 - User favorites MCUs=[]
2026-03-25 19:34:47,683 [INFO] ParamManager:896 - [Generic UI] PropertyChangeEvent: TAB_STATUS_CHANGED , "dont care", "never mind"
2026-03-25 19:34:47,718 [INFO] ParamManager:896 - [Generic UI] PropertyChangeEvent: TAB_STATUS_CHANGED , "dont care", "never mind"
2026-03-25 19:34:47,732 [INFO] ADCParametersView:116 -                Rank 1 : false
2026-03-25 19:34:47,834 [INFO] ADCParametersView:116 -                Rank 1 : false
2026-03-25 19:34:47,834 [INFO] ADCParametersView:116 -                Rank 1 : false
2026-03-25 19:34:47,835 [INFO] ADCParametersView:116 -                Rank 1 : false
2026-03-25 19:34:47,835 [INFO] ADCParametersView:116 -                Rank 1 : false
2026-03-25 19:34:47,836 [INFO] ADCParametersView:116 -                Rank 1 : false
2026-03-25 19:34:47,836 [INFO] ADCParametersView:116 -                Rank 1 : false
2026-03-25 19:34:47,836 [INFO] ADCParametersView:116 -                Rank 1 : false
2026-03-25 19:34:47,836 [INFO] ADCParametersView:116 -                Rank 1 : false
2026-03-25 19:34:47,837 [INFO] ADCParametersView:116 -                Rank 1 : false
2026-03-25 19:34:47,837 [INFO] ADCParametersView:116 -                Rank 1 : false
2026-03-25 19:34:47,848 [INFO] ADCParametersView:116 -                Rank 1 : false
2026-03-25 19:34:47,980 [INFO] NvicIntPanel:101 - NVIC parent = com.st.microxplorer.plugins.ip.nvic.MultiNvicIntPanel[,0,0,0x0,invalid,layout=javax.swing.BoxLayout,alignmentX=0.0,alignmentY=0.0,border=,flags=9,maximumSize=,minimumSize=,preferredSize=]
2026-03-25 19:34:48,090 [INFO] NvicIntPanel:101 - NVIC parent = com.st.microxplorer.plugins.ip.nvic.MultiNvicIntPanel[,0,0,0x0,invalid,layout=javax.swing.BoxLayout,alignmentX=0.0,alignmentY=0.0,border=,flags=9,maximumSize=,minimumSize=,preferredSize=]
2026-03-25 19:34:48,165 [INFO] ADCParametersView:116 -                Rank 1 : false
2026-03-25 19:34:48,166 [INFO] ADCParametersView:116 -                Rank 1 : false
2026-03-25 19:34:48,166 [INFO] ADCParametersView:116 -                Rank 1 : false
2026-03-25 19:34:48,167 [INFO] ADCParametersView:116 -                Rank 1 : false
2026-03-25 19:34:48,167 [INFO] ADCParametersView:116 -                Rank 1 : false
2026-03-25 19:34:48,168 [INFO] ADCParametersView:116 -                Rank 1 : false
2026-03-25 19:34:48,168 [INFO] ADCParametersView:116 -                Rank 1 : false
2026-03-25 19:34:48,168 [INFO] ADCParametersView:116 -                Rank 1 : false
2026-03-25 19:34:48,169 [INFO] ADCParametersView:116 -                Rank 1 : false
2026-03-25 19:34:48,169 [INFO] ADCParametersView:116 -                Rank 1 : false
2026-03-25 19:34:48,182 [INFO] ADCParametersView:116 -                Rank 1 : false
2026-03-25 19:34:48,215 [INFO] ADCParametersView:116 -                Rank 1 : false
2026-03-25 19:34:48,215 [INFO] ADCParametersView:116 -                Rank 1 : false
2026-03-25 19:34:48,216 [INFO] ADCParametersView:116 -                Rank 1 : false
2026-03-25 19:34:48,217 [INFO] ADCParametersView:116 -                Rank 1 : false
2026-03-25 19:34:48,217 [INFO] ADCParametersView:116 -                Rank 1 : false
2026-03-25 19:34:48,218 [INFO] ADCParametersView:116 -                Rank 1 : false
2026-03-25 19:34:48,218 [INFO] ADCParametersView:116 -                Rank 1 : false
2026-03-25 19:34:48,218 [INFO] ADCParametersView:116 -                Rank 1 : false
2026-03-25 19:34:48,219 [INFO] ADCParametersView:116 -                Rank 1 : false
2026-03-25 19:34:48,220 [INFO] ADCParametersView:116 -                Rank 1 : false
2026-03-25 19:34:48,230 [INFO] ADCParametersView:116 -                Rank 1 : false
2026-03-25 19:34:54,591 [INFO] ADCParametersView:116 -                Rank 1 : false
2026-03-25 19:34:54,592 [INFO] ADCParametersView:116 -                Rank 1 : false
2026-03-25 19:34:54,592 [INFO] ADCParametersView:116 -                Rank 1 : false
2026-03-25 19:34:54,592 [INFO] ADCParametersView:116 -                Rank 1 : false
2026-03-25 19:34:54,592 [INFO] ADCParametersView:116 -                Rank 1 : false
2026-03-25 19:34:54,593 [INFO] ADCParametersView:116 -                Rank 1 : false
2026-03-25 19:34:54,593 [INFO] ADCParametersView:116 -                Rank 1 : false
2026-03-25 19:34:54,593 [INFO] ADCParametersView:116 -                Rank 1 : false
2026-03-25 19:34:54,593 [INFO] ADCParametersView:116 -                Rank 1 : false
2026-03-25 19:34:54,593 [INFO] ADCParametersView:116 -                Rank 1 : false
2026-03-25 19:34:54,602 [INFO] ADCParametersView:116 -                Rank 1 : false
2026-03-25 19:34:54,626 [INFO] ADCParametersView:116 -                Rank 1 : false
2026-03-25 19:34:54,626 [INFO] ADCParametersView:116 -                Rank 1 : false
2026-03-25 19:34:54,627 [INFO] ADCParametersView:116 -                Rank 1 : false
2026-03-25 19:34:54,627 [INFO] ADCParametersView:116 -                Rank 1 : false
2026-03-25 19:34:54,627 [INFO] ADCParametersView:116 -                Rank 1 : false
2026-03-25 19:34:54,627 [INFO] ADCParametersView:116 -                Rank 1 : false
2026-03-25 19:34:54,627 [INFO] ADCParametersView:116 -                Rank 1 : false
2026-03-25 19:34:54,627 [INFO] ADCParametersView:116 -                Rank 1 : false
2026-03-25 19:34:54,628 [INFO] ADCParametersView:116 -                Rank 1 : false
2026-03-25 19:34:54,628 [INFO] ADCParametersView:116 -                Rank 1 : false
2026-03-25 19:34:54,637 [INFO] ADCParametersView:116 -                Rank 1 : false
2026-03-25 19:34:54,732 [INFO] NvicIntPanel:101 - NVIC parent = com.st.microxplorer.plugins.ip.nvic.MultiNvicIntPanel[,0,0,0x0,invalid,layout=javax.swing.BoxLayout,alignmentX=0.0,alignmentY=0.0,border=,flags=9,maximumSize=,minimumSize=,preferredSize=]
2026-03-25 19:34:54,856 [INFO] NvicIntPanel:101 - NVIC parent = com.st.microxplorer.plugins.ip.nvic.MultiNvicIntPanel[,0,0,0x0,invalid,layout=javax.swing.BoxLayout,alignmentX=0.0,alignmentY=0.0,border=,flags=9,maximumSize=,minimumSize=,preferredSize=]
2026-03-25 19:34:54,960 [INFO] NvicIntPanel:101 - NVIC parent = com.st.microxplorer.plugins.ip.nvic.MultiNvicIntPanel[,0,0,0x0,invalid,layout=javax.swing.BoxLayout,alignmentX=0.0,alignmentY=0.0,border=,flags=9,maximumSize=,minimumSize=,preferredSize=]
2026-03-25 19:34:55,037 [INFO] ADCParametersView:116 -                Rank 1 : false
2026-03-25 19:34:55,037 [INFO] ADCParametersView:116 -                Rank 1 : false
2026-03-25 19:34:55,038 [INFO] ADCParametersView:116 -                Rank 1 : false
2026-03-25 19:34:55,038 [INFO] ADCParametersView:116 -                Rank 1 : false
2026-03-25 19:34:55,038 [INFO] ADCParametersView:116 -                Rank 1 : false
2026-03-25 19:34:55,039 [INFO] ADCParametersView:116 -                Rank 1 : false
2026-03-25 19:34:55,039 [INFO] ADCParametersView:116 -                Rank 1 : false
2026-03-25 19:34:55,040 [INFO] ADCParametersView:116 -                Rank 1 : false
2026-03-25 19:34:55,040 [INFO] ADCParametersView:116 -                Rank 1 : false
2026-03-25 19:34:55,040 [INFO] ADCParametersView:116 -                Rank 1 : false
2026-03-25 19:34:55,050 [INFO] ADCParametersView:116 -                Rank 1 : false
2026-03-25 19:34:55,081 [INFO] ADCParametersView:116 -                Rank 1 : false
2026-03-25 19:34:55,082 [INFO] ADCParametersView:116 -                Rank 1 : false
2026-03-25 19:34:55,082 [INFO] ADCParametersView:116 -                Rank 1 : false
2026-03-25 19:34:55,083 [INFO] ADCParametersView:116 -                Rank 1 : false
2026-03-25 19:34:55,083 [INFO] ADCParametersView:116 -                Rank 1 : false
2026-03-25 19:34:55,083 [INFO] ADCParametersView:116 -                Rank 1 : false
2026-03-25 19:34:55,083 [INFO] ADCParametersView:116 -                Rank 1 : false
2026-03-25 19:34:55,083 [INFO] ADCParametersView:116 -                Rank 1 : false
2026-03-25 19:34:55,083 [INFO] ADCParametersView:116 -                Rank 1 : false
2026-03-25 19:34:55,083 [INFO] ADCParametersView:116 -                Rank 1 : false
2026-03-25 19:34:55,093 [INFO] ADCParametersView:116 -                Rank 1 : false
2026-03-25 19:35:58,577 [INFO] NvicIntPanel:101 - NVIC parent = com.st.microxplorer.plugins.ip.nvic.MultiNvicIntPanel[,0,0,450x309,layout=javax.swing.BoxLayout,alignmentX=0.0,alignmentY=0.0,border=,flags=9,maximumSize=,minimumSize=,preferredSize=]
2026-03-25 19:36:01,518 [INFO] ADCParametersView:116 -                Rank 1 : false
2026-03-25 19:36:01,518 [INFO] ADCParametersView:116 -                Rank 1 : false
2026-03-25 19:36:01,519 [INFO] ADCParametersView:116 -                Rank 1 : false
2026-03-25 19:36:01,519 [INFO] ADCParametersView:116 -                Rank 1 : false
2026-03-25 19:36:01,519 [INFO] ADCParametersView:116 -                Rank 1 : false
2026-03-25 19:36:01,519 [INFO] ADCParametersView:116 -                Rank 1 : false
2026-03-25 19:36:01,519 [INFO] ADCParametersView:116 -                Rank 1 : false
2026-03-25 19:36:01,519 [INFO] ADCParametersView:116 -                Rank 1 : false
2026-03-25 19:36:01,519 [INFO] ADCParametersView:116 -                Rank 1 : false
2026-03-25 19:36:01,520 [INFO] ADCParametersView:116 -                Rank 1 : false
2026-03-25 19:36:01,525 [INFO] ADCParametersView:116 -                Rank 1 : false
2026-03-25 19:36:40,314 [INFO] ADCParametersView:116 -                Rank 1 : false
2026-03-25 19:36:43,373 [INFO] ADCParametersView:116 -                Rank 1 : false
2026-03-25 19:36:43,383 [INFO] ADCParametersView:116 -                Rank 1 : false
2026-03-25 19:36:43,384 [INFO] ADCParametersView:116 -                Rank 1 : false
2026-03-25 19:36:43,384 [INFO] ADCParametersView:116 -                Rank 1 : false
2026-03-25 19:36:43,384 [INFO] ADCParametersView:116 -                Rank 1 : false
2026-03-25 19:36:43,385 [INFO] ADCParametersView:116 -                Rank 1 : false
2026-03-25 19:36:43,385 [INFO] ADCParametersView:116 -                Rank 1 : false
2026-03-25 19:36:43,385 [INFO] ADCParametersView:116 -                Rank 1 : false
2026-03-25 19:36:43,385 [INFO] ADCParametersView:116 -                Rank 1 : false
2026-03-25 19:36:43,385 [INFO] ADCParametersView:116 -                Rank 1 : false
2026-03-25 19:36:43,393 [INFO] ADCParametersView:116 -                Rank 1 : false
2026-03-25 19:36:43,421 [INFO] ADCParametersView:116 -                Rank 1 : false
2026-03-25 19:36:43,424 [INFO] ADCParametersView:116 -                Rank 1 : false
2026-03-25 19:36:43,425 [INFO] ADCParametersView:116 -                Rank 1 : false
2026-03-25 19:36:43,425 [INFO] ADCParametersView:116 -                Rank 1 : false
2026-03-25 19:36:43,425 [INFO] ADCParametersView:116 -                Rank 1 : false
2026-03-25 19:36:43,425 [INFO] ADCParametersView:116 -                Rank 1 : false
2026-03-25 19:36:43,425 [INFO] ADCParametersView:116 -                Rank 1 : false
2026-03-25 19:36:43,426 [INFO] ADCParametersView:116 -                Rank 1 : false
2026-03-25 19:36:43,426 [INFO] ADCParametersView:116 -                Rank 1 : false
2026-03-25 19:36:43,426 [INFO] ADCParametersView:116 -                Rank 1 : false
2026-03-25 19:36:43,436 [INFO] ADCParametersView:116 -                Rank 1 : false
2026-03-25 19:36:43,482 [INFO] ADCParametersView:116 -                Rank 1 : false
2026-03-25 19:36:43,485 [INFO] ADCParametersView:116 -                Rank 1 : false
2026-03-25 19:36:43,485 [INFO] ADCParametersView:116 -                Rank 1 : false
2026-03-25 19:36:43,486 [INFO] ADCParametersView:116 -                Rank 1 : false
2026-03-25 19:36:43,486 [INFO] ADCParametersView:116 -                Rank 1 : false
2026-03-25 19:36:43,486 [INFO] ADCParametersView:116 -                Rank 1 : false
2026-03-25 19:36:43,486 [INFO] ADCParametersView:116 -                Rank 1 : false
2026-03-25 19:36:43,486 [INFO] ADCParametersView:116 -                Rank 1 : false
2026-03-25 19:36:43,486 [INFO] ADCParametersView:116 -                Rank 1 : false
2026-03-25 19:36:43,486 [INFO] ADCParametersView:116 -                Rank 1 : false
2026-03-25 19:36:43,509 [INFO] ADCParametersView:116 -                Rank 1 : false
2026-03-25 19:38:56,797 [INFO] NvicIntPanel:101 - NVIC parent = com.st.microxplorer.plugins.ip.nvic.MultiNvicIntPanel[,0,0,0x0,invalid,layout=javax.swing.BoxLayout,alignmentX=0.0,alignmentY=0.0,border=,flags=9,maximumSize=,minimumSize=,preferredSize=]
2026-03-25 19:39:08,983 [INFO] NvicIntPanel:101 - NVIC parent = com.st.microxplorer.plugins.ip.nvic.MultiNvicIntPanel[,0,0,0x0,invalid,layout=javax.swing.BoxLayout,alignmentX=0.0,alignmentY=0.0,border=,flags=9,maximumSize=,minimumSize=,preferredSize=]
2026-03-25 19:40:11,394 [ERROR] LogOutputStream:75 - [STDERR_REDIRECT] Exception in thread "AWT-EventQueue-0" java.awt.IllegalComponentStateException: component must be showing on the screen to determine its location
2026-03-25 19:40:11,398 [ERROR] LogOutputStream:75 - [STDERR_REDIRECT] 	at java.desktop/java.awt.Component.getLocationOnScreen_NoTreeLock(Component.java:2113)
2026-03-25 19:40:11,401 [ERROR] LogOutputStream:75 - [STDERR_REDIRECT] 	at java.desktop/java.awt.Component.getLocationOnScreen(Component.java:2087)
2026-03-25 19:40:11,404 [ERROR] LogOutputStream:75 - [STDERR_REDIRECT] 	at java.desktop/javax.swing.JPopupMenu.show(JPopupMenu.java:960)
2026-03-25 19:40:11,407 [ERROR] LogOutputStream:75 - [STDERR_REDIRECT] 	at java.desktop/javax.swing.plaf.basic.BasicComboPopup.show(BasicComboPopup.java:235)
2026-03-25 19:40:11,408 [ERROR] LogOutputStream:75 - [STDERR_REDIRECT] 	at java.desktop/javax.swing.plaf.basic.BasicComboPopup.togglePopup(BasicComboPopup.java:1257)
2026-03-25 19:40:11,410 [ERROR] LogOutputStream:75 - [STDERR_REDIRECT] 	at java.desktop/javax.swing.plaf.basic.BasicComboPopup$Handler.mousePressed(BasicComboPopup.java:936)
2026-03-25 19:40:11,412 [ERROR] LogOutputStream:75 - [STDERR_REDIRECT] 	at java.desktop/java.awt.Component.processMouseEvent(Component.java:6623)
2026-03-25 19:40:11,414 [ERROR] LogOutputStream:75 - [STDERR_REDIRECT] 	at java.desktop/javax.swing.JComponent.processMouseEvent(JComponent.java:3389)
2026-03-25 19:40:11,415 [ERROR] LogOutputStream:75 - [STDERR_REDIRECT] 	at java.desktop/java.awt.Component.processEvent(Component.java:6391)
2026-03-25 19:40:11,416 [ERROR] LogOutputStream:75 - [STDERR_REDIRECT] 	at java.desktop/java.awt.Container.processEvent(Container.java:2266)
2026-03-25 19:40:11,417 [ERROR] LogOutputStream:75 - [STDERR_REDIRECT] 	at java.desktop/java.awt.Component.dispatchEventImpl(Component.java:5001)
2026-03-25 19:40:11,419 [ERROR] LogOutputStream:75 - [STDERR_REDIRECT] 	at java.desktop/java.awt.Container.dispatchEventImpl(Container.java:2324)
2026-03-25 19:40:11,420 [ERROR] LogOutputStream:75 - [STDERR_REDIRECT] 	at java.desktop/java.awt.Component.dispatchEvent(Component.java:4833)
2026-03-25 19:40:11,422 [ERROR] LogOutputStream:75 - [STDERR_REDIRECT] 	at java.desktop/javax.swing.plaf.basic.BasicTableUI$Handler.repostEvent(BasicTableUI.java:987)
2026-03-25 19:40:11,423 [ERROR] LogOutputStream:75 - [STDERR_REDIRECT] 	at java.desktop/javax.swing.plaf.basic.BasicTableUI$Handler.adjustSelection(BasicTableUI.java:1149)
2026-03-25 19:40:11,425 [ERROR] LogOutputStream:75 - [STDERR_REDIRECT] 	at java.desktop/javax.swing.plaf.basic.BasicTableUI$Handler.mousePressed(BasicTableUI.java:1077)
2026-03-25 19:40:11,427 [ERROR] LogOutputStream:75 - [STDERR_REDIRECT] 	at java.desktop/java.awt.AWTEventMulticaster.mousePressed(AWTEventMulticaster.java:288)
2026-03-25 19:40:11,428 [ERROR] LogOutputStream:75 - [STDERR_REDIRECT] 	at java.desktop/java.awt.AWTEventMulticaster.mousePressed(AWTEventMulticaster.java:287)
2026-03-25 19:40:11,430 [ERROR] LogOutputStream:75 - [STDERR_REDIRECT] 	at java.desktop/java.awt.AWTEventMulticaster.mousePressed(AWTEventMulticaster.java:287)
2026-03-25 19:40:11,431 [ERROR] LogOutputStream:75 - [STDERR_REDIRECT] 	at java.desktop/java.awt.AWTEventMulticaster.mousePressed(AWTEventMulticaster.java:287)
2026-03-25 19:40:11,433 [ERROR] LogOutputStream:75 - [STDERR_REDIRECT] 	at java.desktop/java.awt.Component.processMouseEvent(Component.java:6623)
2026-03-25 19:40:11,434 [ERROR] LogOutputStream:75 - [STDERR_REDIRECT] 	at java.desktop/javax.swing.JComponent.processMouseEvent(JComponent.java:3389)
2026-03-25 19:40:11,435 [ERROR] LogOutputStream:75 - [STDERR_REDIRECT] 	at java.desktop/java.awt.Component.processEvent(Component.java:6391)
2026-03-25 19:40:11,437 [ERROR] LogOutputStream:75 - [STDERR_REDIRECT] 	at java.desktop/java.awt.Container.processEvent(Container.java:2266)
2026-03-25 19:40:11,438 [ERROR] LogOutputStream:75 - [STDERR_REDIRECT] 	at java.desktop/java.awt.Component.dispatchEventImpl(Component.java:5001)
2026-03-25 19:40:11,439 [ERROR] LogOutputStream:75 - [STDERR_REDIRECT] 	at java.desktop/java.awt.Container.dispatchEventImpl(Container.java:2324)
2026-03-25 19:40:11,440 [ERROR] LogOutputStream:75 - [STDERR_REDIRECT] 	at java.desktop/java.awt.Component.dispatchEvent(Component.java:4833)
2026-03-25 19:40:11,442 [ERROR] LogOutputStream:75 - [STDERR_REDIRECT] 	at java.desktop/java.awt.LightweightDispatcher.retargetMouseEvent(Container.java:4948)
2026-03-25 19:40:11,444 [ERROR] LogOutputStream:75 - [STDERR_REDIRECT] 	at java.desktop/java.awt.LightweightDispatcher.processMouseEvent(Container.java:4572)
2026-03-25 19:40:11,446 [ERROR] LogOutputStream:75 - [STDERR_REDIRECT] 	at java.desktop/java.awt.LightweightDispatcher.dispatchEvent(Container.java:4516)
2026-03-25 19:40:11,447 [ERROR] LogOutputStream:75 - [STDERR_REDIRECT] 	at java.desktop/java.awt.Container.dispatchEventImpl(Container.java:2310)
2026-03-25 19:40:11,448 [ERROR] LogOutputStream:75 - [STDERR_REDIRECT] 	at java.desktop/java.awt.Component.dispatchEvent(Component.java:4833)
2026-03-25 19:40:11,450 [ERROR] LogOutputStream:75 - [STDERR_REDIRECT] 	at java.desktop/java.awt.EventQueue.dispatchEventImpl(EventQueue.java:775)
2026-03-25 19:40:11,451 [ERROR] LogOutputStream:75 - [STDERR_REDIRECT] 	at java.desktop/java.awt.EventQueue$4.run(EventQueue.java:720)
2026-03-25 19:40:11,452 [ERROR] LogOutputStream:75 - [STDERR_REDIRECT] 	at java.desktop/java.awt.EventQueue$4.run(EventQueue.java:714)
2026-03-25 19:40:11,454 [ERROR] LogOutputStream:75 - [STDERR_REDIRECT] 	at java.base/java.security.AccessController.doPrivileged(AccessController.java:399)
2026-03-25 19:40:11,456 [ERROR] LogOutputStream:75 - [STDERR_REDIRECT] 	at java.base/java.security.ProtectionDomain$JavaSecurityAccessImpl.doIntersectionPrivilege(ProtectionDomain.java:86)
2026-03-25 19:40:11,458 [ERROR] LogOutputStream:75 - [STDERR_REDIRECT] 	at java.base/java.security.ProtectionDomain$JavaSecurityAccessImpl.doIntersectionPrivilege(ProtectionDomain.java:97)
2026-03-25 19:40:11,459 [ERROR] LogOutputStream:75 - [STDERR_REDIRECT] 	at java.desktop/java.awt.EventQueue$5.run(EventQueue.java:747)
2026-03-25 19:40:11,460 [ERROR] LogOutputStream:75 - [STDERR_REDIRECT] 	at java.desktop/java.awt.EventQueue$5.run(EventQueue.java:745)
2026-03-25 19:40:11,462 [ERROR] LogOutputStream:75 - [STDERR_REDIRECT] 	at java.base/java.security.AccessController.doPrivileged(AccessController.java:399)
2026-03-25 19:40:11,463 [ERROR] LogOutputStream:75 - [STDERR_REDIRECT] 	at java.base/java.security.ProtectionDomain$JavaSecurityAccessImpl.doIntersectionPrivilege(ProtectionDomain.java:86)
2026-03-25 19:40:11,465 [ERROR] LogOutputStream:75 - [STDERR_REDIRECT] 	at java.desktop/java.awt.EventQueue.dispatchEvent(EventQueue.java:744)
2026-03-25 19:40:11,466 [ERROR] LogOutputStream:75 - [STDERR_REDIRECT] 	at java.desktop/java.awt.EventDispatchThread.pumpOneEventForFilters(EventDispatchThread.java:203)
2026-03-25 19:40:11,468 [ERROR] LogOutputStream:75 - [STDERR_REDIRECT] 	at java.desktop/java.awt.EventDispatchThread.pumpEventsForFilter(EventDispatchThread.java:124)
2026-03-25 19:40:11,469 [ERROR] LogOutputStream:75 - [STDERR_REDIRECT] 	at java.desktop/java.awt.EventDispatchThread.pumpEventsForHierarchy(EventDispatchThread.java:113)
2026-03-25 19:40:11,471 [ERROR] LogOutputStream:75 - [STDERR_REDIRECT] 	at java.desktop/java.awt.EventDispatchThread.pumpEvents(EventDispatchThread.java:109)
2026-03-25 19:40:11,472 [ERROR] LogOutputStream:75 - [STDERR_REDIRECT] 	at java.desktop/java.awt.EventDispatchThread.pumpEvents(EventDispatchThread.java:101)
2026-03-25 19:40:11,474 [ERROR] LogOutputStream:75 - [STDERR_REDIRECT] 	at java.desktop/java.awt.EventDispatchThread.run(EventDispatchThread.java:90)
2026-03-25 19:40:35,747 [INFO] NvicIntPanel:101 - NVIC parent = com.st.microxplorer.plugins.ip.nvic.MultiNvicIntPanel[,0,0,0x0,invalid,layout=javax.swing.BoxLayout,alignmentX=0.0,alignmentY=0.0,border=,flags=9,maximumSize=,minimumSize=,preferredSize=]
2026-03-25 19:40:42,645 [WARN] IP:2191 - I2C_Coeff_DF not found: check if there is a RefParameter without a condition.
2026-03-25 19:40:42,645 [WARN] IP:2191 - Analog_Filter not found: check if there is a RefParameter without a condition.
2026-03-25 19:40:42,658 [WARN] IP:2191 - I2C_Coeff_DF not found: check if there is a RefParameter without a condition.
2026-03-25 19:40:42,658 [WARN] IP:2191 - Analog_Filter not found: check if there is a RefParameter without a condition.
2026-03-25 19:40:42,659 [WARN] IP:2191 - I2C_Coeff_DF not found: check if there is a RefParameter without a condition.
2026-03-25 19:40:42,659 [WARN] IP:2191 - Analog_Filter not found: check if there is a RefParameter without a condition.
2026-03-25 19:40:42,717 [WARN] IP:2191 - I2C_Coeff_DF not found: check if there is a RefParameter without a condition.
2026-03-25 19:40:42,718 [WARN] IP:2191 - Analog_Filter not found: check if there is a RefParameter without a condition.
2026-03-25 19:40:42,722 [WARN] IP:2191 - I2C_Coeff_DF not found: check if there is a RefParameter without a condition.
2026-03-25 19:40:42,722 [WARN] IP:2191 - Analog_Filter not found: check if there is a RefParameter without a condition.
2026-03-25 19:41:43,763 [WARN] IP:2191 - I2C_Coeff_DF not found: check if there is a RefParameter without a condition.
2026-03-25 19:41:43,764 [WARN] IP:2191 - Analog_Filter not found: check if there is a RefParameter without a condition.
2026-03-25 19:41:43,849 [WARN] IP:2191 - I2C_Coeff_DF not found: check if there is a RefParameter without a condition.
2026-03-25 19:41:43,850 [WARN] IP:2191 - Analog_Filter not found: check if there is a RefParameter without a condition.
2026-03-25 19:41:43,851 [WARN] IP:2191 - I2C_Coeff_DF not found: check if there is a RefParameter without a condition.
2026-03-25 19:41:43,852 [WARN] IP:2191 - Analog_Filter not found: check if there is a RefParameter without a condition.
2026-03-25 19:41:43,899 [WARN] IP:2191 - I2C_Coeff_DF not found: check if there is a RefParameter without a condition.
2026-03-25 19:41:43,900 [WARN] IP:2191 - Analog_Filter not found: check if there is a RefParameter without a condition.
2026-03-25 19:41:43,941 [WARN] IP:2191 - I2C_Coeff_DF not found: check if there is a RefParameter without a condition.
2026-03-25 19:41:43,941 [WARN] IP:2191 - Analog_Filter not found: check if there is a RefParameter without a condition.
2026-03-25 19:43:36,912 [INFO] Gpio:277 - dependency for GPIO [ADC1, I2C1, RCC, SYS, TIM1, TIM2]
2026-03-25 19:45:00,212 [WARN] IP:2191 - I2C_Coeff_DF not found: check if there is a RefParameter without a condition.
2026-03-25 19:45:00,212 [WARN] IP:2191 - Analog_Filter not found: check if there is a RefParameter without a condition.
2026-03-25 19:45:00,213 [WARN] IP:2191 - I2C_Coeff_DF not found: check if there is a RefParameter without a condition.
2026-03-25 19:45:00,213 [WARN] IP:2191 - Analog_Filter not found: check if there is a RefParameter without a condition.
2026-03-25 19:45:00,298 [INFO] Gpio:277 - dependency for GPIO [ADC1, I2C1, RCC, SYS, TIM1, TIM2]
2026-03-25 19:45:37,858 [WARN] IP:2191 - I2C_Coeff_DF not found: check if there is a RefParameter without a condition.
2026-03-25 19:45:37,858 [WARN] IP:2191 - Analog_Filter not found: check if there is a RefParameter without a condition.
2026-03-25 19:45:37,859 [WARN] IP:2191 - I2C_Coeff_DF not found: check if there is a RefParameter without a condition.
2026-03-25 19:45:37,859 [WARN] IP:2191 - Analog_Filter not found: check if there is a RefParameter without a condition.
2026-03-25 19:45:37,916 [INFO] Gpio:277 - dependency for GPIO [ADC1, I2C1, RCC, SYS, TIM1, TIM2]
2026-03-25 19:45:48,113 [INFO] UtilMem:75 - End SaveConfig() Used Memory: 927741184 Bytes (1073741824)
2026-03-25 19:45:50,134 [INFO] UtilMem:75 - End SaveConfig() Used Memory: 893223496 Bytes (1073741824)
2026-03-25 19:45:54,994 [INFO] UtilMem:75 - End SaveConfig() Used Memory: 997910056 Bytes (1073741824)
2026-03-25 19:45:55,602 [INFO] BlockDiagram:2766 - set Specific Code input for plugin: NVIC
2026-03-25 19:45:55,603 [INFO] BlockDiagram:2766 - set Specific Code input for plugin: SYS
2026-03-25 19:45:55,604 [INFO] BlockDiagram:2766 - set Specific Code input for plugin: GPIO
2026-03-25 19:45:55,604 [INFO] BlockDiagram:2766 - set Specific Code input for plugin: ADC
2026-03-25 19:45:55,604 [INFO] BlockDiagram:2766 - set Specific Code input for plugin: RCC
2026-03-25 19:45:55,604 [INFO] BlockDiagram:2766 - set Specific Code input for plugin: I2C
2026-03-25 19:45:55,604 [INFO] BlockDiagram:2766 - set Specific Code input for plugin: TIM1_8F1
2026-03-25 19:45:55,605 [INFO] BlockDiagram:2766 - set Specific Code input for plugin: TIM1_8F1
2026-03-25 19:45:55,631 [INFO] CodeGenerator:807 - code generatio: config db path: E:\App Download\ST\STM32CubeIDE_1.16.1\STM32CubeIDE\plugins\com.st.stm32cube.common.mx_6.12.1.202409122256\\db\
2026-03-25 19:45:55,639 [WARN] IP:2191 - I2C_Coeff_DF not found: check if there is a RefParameter without a condition.
2026-03-25 19:45:55,639 [WARN] IP:2191 - Analog_Filter not found: check if there is a RefParameter without a condition.
2026-03-25 19:45:55,854 [INFO] CodeEngine:255 - oldGeneratedFile, E:\STM32CubeIDE\workspace_1.16.1\mspa3_mrunali\MXTmpFiles\license.tmp_save
2026-03-25 19:45:56,193 [INFO] CodeEngine:279 - Generated code: E:\STM32CubeIDE\workspace_1.16.1\mspa3_mrunali\MXTmpFiles\license.tmp
2026-03-25 19:45:56,376 [INFO] CodeEngine:255 - oldGeneratedFile, E:\STM32CubeIDE\workspace_1.16.1\mspa3_mrunali\MXTmpFiles\gpio.tmp_save
2026-03-25 19:45:56,582 [INFO] CodeEngine:279 - Generated code: E:\STM32CubeIDE\workspace_1.16.1\mspa3_mrunali\MXTmpFiles\gpio.tmp
2026-03-25 19:45:56,953 [INFO] CodeEngine:255 - oldGeneratedFile, E:\STM32CubeIDE\workspace_1.16.1\mspa3_mrunali\Core\Src\stm32f1xx_it.c_save
2026-03-25 19:45:57,342 [INFO] CodeEngine:279 - Generated code: E:\STM32CubeIDE\workspace_1.16.1\mspa3_mrunali\Core\Src\stm32f1xx_it.c
2026-03-25 19:45:57,369 [INFO] CodeEngine:255 - oldGeneratedFile, E:\STM32CubeIDE\workspace_1.16.1\mspa3_mrunali\Core\Inc\stm32f1xx_it.h_save
2026-03-25 19:45:57,547 [INFO] CodeEngine:279 - Generated code: E:\STM32CubeIDE\workspace_1.16.1\mspa3_mrunali\Core\Inc\stm32f1xx_it.h
2026-03-25 19:45:57,594 [INFO] CodeEngine:255 - oldGeneratedFile, E:\STM32CubeIDE\workspace_1.16.1\mspa3_mrunali\Core\Src\stm32f1xx_hal_msp.c_save
2026-03-25 19:45:57,900 [INFO] CodeEngine:279 - Generated code: E:\STM32CubeIDE\workspace_1.16.1\mspa3_mrunali\Core\Src\stm32f1xx_hal_msp.c
2026-03-25 19:45:57,916 [INFO] CodeEngine:255 - oldGeneratedFile, E:\STM32CubeIDE\workspace_1.16.1\mspa3_mrunali\MXTmpFiles\system.tmp_save
2026-03-25 19:45:58,037 [INFO] CodeEngine:279 - Generated code: E:\STM32CubeIDE\workspace_1.16.1\mspa3_mrunali\MXTmpFiles\system.tmp
2026-03-25 19:45:58,069 [INFO] CodeEngine:311 - oldGeneratedFile, E:\STM32CubeIDE\workspace_1.16.1\mspa3_mrunali\Core\Inc\stm32f1xx_hal_conf.h_save
2026-03-25 19:45:58,224 [INFO] CodeEngine:335 - Generated code: E:\STM32CubeIDE\workspace_1.16.1\mspa3_mrunali\Core\Inc\stm32f1xx_hal_conf.h
2026-03-25 19:45:58,263 [WARN] IPConfigManager:3554 - IP not found : TIM
2026-03-25 19:45:58,265 [WARN] CodeGenerator:4002 - IP not found : null
2026-03-25 19:45:58,292 [INFO] CodeEngine:255 - oldGeneratedFile, E:\STM32CubeIDE\workspace_1.16.1\mspa3_mrunali\Core\Inc\main.h_save
2026-03-25 19:45:58,505 [INFO] CodeEngine:279 - Generated code: E:\STM32CubeIDE\workspace_1.16.1\mspa3_mrunali\Core\Inc\main.h
2026-03-25 19:45:58,539 [INFO] CodeEngine:255 - oldGeneratedFile, E:\STM32CubeIDE\workspace_1.16.1\mspa3_mrunali\Core\Src\main.c_save
2026-03-25 19:45:58,942 [INFO] CodeEngine:279 - Generated code: E:\STM32CubeIDE\workspace_1.16.1\mspa3_mrunali\Core\Src\main.c
2026-03-25 19:46:00,267 [INFO] ProjectBuilder:3249 - Time for Copy HAL[1] : 805mS.
2026-03-25 19:46:00,272 [INFO] ProjectBuilder:4828 - Project Generator version: 4.5.0-B34
2026-03-25 19:46:00,382 [INFO] ConfigFileManager:1531 - The Die is : DIE412
2026-03-25 19:46:03,482 [INFO] ProjectBuilder:5097 - Time for Generating toolchain IDE Files: 3211mS.
2026-03-25 19:46:03,508 [INFO] ProjectBuilder:3107 - Time for Copy CMSIS : 26mS.
2026-03-25 19:46:03,517 [INFO] ProjectBuilder:3107 - Time for Copy CMSIS : 1mS.
2026-03-25 19:56:37,153 [INFO] WebApp:189 - Connection lost
2026-03-25 19:56:39,239 [INFO] WebApp:186 - Connection restablished
2026-03-25 19:59:44,810 [INFO] WebApp:189 - Connection lost
2026-03-25 19:59:46,410 [INFO] WebApp:186 - Connection restablished
2026-03-25 20:09:46,292 [INFO] WebApp:189 - Connection lost
2026-03-25 20:09:49,587 [INFO] WebApp:186 - Connection restablished
2026-03-25 20:12:51,831 [INFO] WebApp:189 - Connection lost
2026-03-25 20:12:55,664 [INFO] WebApp:186 - Connection restablished
2026-03-25 20:16:00,302 [INFO] WebApp:189 - Connection lost
2026-03-25 20:16:06,375 [INFO] WebApp:186 - Connection restablished
2026-03-25 20:19:46,281 [INFO] WebApp:189 - Connection lost
2026-03-25 20:19:47,675 [INFO] WebApp:186 - Connection restablished
2026-03-25 20:24:05,084 [INFO] WebApp:189 - Connection lost
2026-03-25 20:24:06,530 [INFO] WebApp:186 - Connection restablished
2026-03-25 20:25:06,306 [INFO] WebApp:189 - Connection lost
2026-03-25 20:25:07,431 [INFO] WebApp:186 - Connection restablished
2026-03-25 20:35:11,796 [INFO] WebApp:189 - Connection lost
2026-03-25 20:35:13,809 [INFO] WebApp:186 - Connection restablished
2026-03-25 20:40:11,320 [INFO] WebApp:189 - Connection lost
2026-03-25 20:40:13,296 [INFO] WebApp:186 - Connection restablished
2026-03-25 20:45:24,796 [INFO] WebApp:189 - Connection lost
2026-03-25 20:45:26,949 [INFO] WebApp:186 - Connection restablished
2026-03-25 21:01:30,963 [ERROR] LogOutputStream:75 - [STDERR_REDIRECT] 
