2026-03-16 18:03:20,794 [INFO] Activator:176 - 


2026-03-16 18:03:20,802 [INFO] Activator:177 - !SESSION log4j initialized
2026-03-16 18:03:38,775 [INFO] LogOutputStream:77 - [STDOUT_REDIRECT] 
2026-03-16 18:03:48,370 [INFO] ApplicationProperties:184 - Using Application install path: E:\App Download\ST\STM32CubeIDE_1.16.1\STM32CubeIDE\plugins\com.st.stm32cube.common.mx_6.12.1.202409122256
2026-03-16 18:03:48,448 [INFO] DbMcusXml:78 - Set database path to: E:\App Download\ST\STM32CubeIDE_1.16.1\STM32CubeIDE\plugins\com.st.stm32cube.common.mx_6.12.1.202409122256\\db\/mcu/
2026-03-16 18:03:48,450 [INFO] ApiDb:274 - Set plugin database path to: E:\App Download\ST\STM32CubeIDE_1.16.1\STM32CubeIDE\plugins\com.st.stm32cube.common.mx_6.12.1.202409122256\\db\/plugins/boardmanager/
2026-03-16 18:03:48,452 [WARN] ApiDb:259 - Overriding images path with different value:  => E:\App Download\ST\STM32CubeIDE_1.16.1\STM32CubeIDE\plugins\com.st.stm32cube.common.mx_6.12.1.202409122256\\db\/plugins/mcufinder/images/
2026-03-16 18:03:56,234 [WARN] ApiFinderProperties:113 - C:\Users\DELL\.stmcufinder\plugins\mcufinder\mcu\mcuFinder.mfd doesn't exist
2026-03-16 18:03:56,237 [INFO] ApiDb:250 - Set database path to: C:\Users\DELL\.stmcufinder\plugins\mcufinder//mcu/
2026-03-16 18:03:56,241 [INFO] DbMcusAds:125 - Set database path to: C:\Users\DELL\.stmcufinder\plugins\mcufinder//mcu/
2026-03-16 18:03:56,332 [INFO] CrossReferenceDbSqlite:203 - Set database path to: C:\Users\DELL\.stmcufinder\plugins\mcufinder//mcu/cs/
2026-03-16 18:03:56,881 [INFO] RulesReader:64 - Compatibility file has been processed (297 Rules)
2026-03-16 18:03:57,585 [INFO] DbMcusXml:78 - Set database path to: E:\App Download\ST\STM32CubeIDE_1.16.1\STM32CubeIDE\plugins\com.st.stm32cube.common.mx_6.12.1.202409122256\\db\/mcu/
2026-03-16 18:03:57,586 [INFO] ApiDb:274 - Set plugin database path to: E:\App Download\ST\STM32CubeIDE_1.16.1\STM32CubeIDE\plugins\com.st.stm32cube.common.mx_6.12.1.202409122256\\db\/plugins/boardmanager/
2026-03-16 18:03:57,587 [INFO] ApiDb:261 - Set plugin images path to: E:\App Download\ST\STM32CubeIDE_1.16.1\STM32CubeIDE\plugins\com.st.stm32cube.common.mx_6.12.1.202409122256\\db\/plugins/mcufinder/images/
2026-03-16 18:03:57,587 [WARN] DbFile:41 - Overriding database path with different value: C:\Users\DELL\.stmcufinder\plugins\mcufinder/ => C:\Users\DELL\.stmcufinder\plugins\mcufinder
2026-03-16 18:03:57,587 [INFO] ApiDb:250 - Set database path to: C:\Users\DELL\.stmcufinder\plugins\mcufinder//mcu/
2026-03-16 18:03:57,588 [WARN] DbFile:41 - Overriding database path with different value: C:\Users\DELL\.stmcufinder\plugins\mcufinder/ => C:\Users\DELL\.stmcufinder\plugins\mcufinder
2026-03-16 18:03:57,588 [INFO] DbMcusAds:125 - Set database path to: C:\Users\DELL\.stmcufinder\plugins\mcufinder//mcu/
2026-03-16 18:03:57,588 [WARN] DbFile:41 - Overriding database path with different value: C:\Users\DELL\.stmcufinder\plugins\mcufinder/ => C:\Users\DELL\.stmcufinder\plugins\mcufinder
2026-03-16 18:03:57,588 [WARN] DbFile:41 - Overriding database path with different value: C:\Users\DELL\.stmcufinder\plugins\mcufinder/ => C:\Users\DELL\.stmcufinder\plugins\mcufinder
2026-03-16 18:03:57,588 [INFO] CrossReferenceDbSqlite:203 - Set database path to: C:\Users\DELL\.stmcufinder\plugins\mcufinder//mcu/cs/
2026-03-16 18:03:58,201 [INFO] MainPanel:268 - HeapMemory: 268435456
2026-03-16 18:03:58,792 [INFO] DbMcusXml:78 - Set database path to: E:\App Download\ST\STM32CubeIDE_1.16.1\STM32CubeIDE\plugins\com.st.stm32cube.common.mx_6.12.1.202409122256\\db\/mcu/
2026-03-16 18:03:58,792 [INFO] ApiDb:274 - Set plugin database path to: E:\App Download\ST\STM32CubeIDE_1.16.1\STM32CubeIDE\plugins\com.st.stm32cube.common.mx_6.12.1.202409122256\\db\/plugins/boardmanager/
2026-03-16 18:03:58,793 [INFO] ApiDb:261 - Set plugin images path to: E:\App Download\ST\STM32CubeIDE_1.16.1\STM32CubeIDE\plugins\com.st.stm32cube.common.mx_6.12.1.202409122256\\db\/plugins/mcufinder/images/
2026-03-16 18:03:58,795 [WARN] DbFile:41 - Overriding database path with different value: C:\Users\DELL\.stmcufinder\plugins\mcufinder/ => C:\Users\DELL\.stmcufinder\plugins\mcufinder
2026-03-16 18:03:58,796 [INFO] ApiDb:250 - Set database path to: C:\Users\DELL\.stmcufinder\plugins\mcufinder//mcu/
2026-03-16 18:03:58,796 [WARN] DbFile:41 - Overriding database path with different value: C:\Users\DELL\.stmcufinder\plugins\mcufinder/ => C:\Users\DELL\.stmcufinder\plugins\mcufinder
2026-03-16 18:03:58,797 [INFO] DbMcusAds:125 - Set database path to: C:\Users\DELL\.stmcufinder\plugins\mcufinder//mcu/
2026-03-16 18:03:58,797 [WARN] DbFile:41 - Overriding database path with different value: C:\Users\DELL\.stmcufinder\plugins\mcufinder/ => C:\Users\DELL\.stmcufinder\plugins\mcufinder
2026-03-16 18:03:58,798 [WARN] DbFile:41 - Overriding database path with different value: C:\Users\DELL\.stmcufinder\plugins\mcufinder/ => C:\Users\DELL\.stmcufinder\plugins\mcufinder
2026-03-16 18:03:58,798 [INFO] CrossReferenceDbSqlite:203 - Set database path to: C:\Users\DELL\.stmcufinder\plugins\mcufinder//mcu/cs/
2026-03-16 18:03:58,912 [INFO] ApplicationProperties:184 - Using Application install path: E:\App Download\ST\STM32CubeIDE_1.16.1\STM32CubeIDE\plugins\com.st.stm32cube.common.mx_6.12.1.202409122256
2026-03-16 18:03:58,917 [INFO] PluginManage:196 - Search for loadable plugins [exclusion list=, ]
2026-03-16 18:03:58,922 [INFO] PluginManage:310 - Check plugin analytics
2026-03-16 18:04:00,105 [INFO] AnalyticsPlugin:253 - Accepted Software Licenses: 
2026-03-16 18:04:00,107 [INFO] AnalyticsPlugin:255 - Accepted CMSIS Pack Licenses: 
2026-03-16 18:04:00,109 [INFO] AnalyticsPlugin:257 - Accepted Firmware Licenses: 
2026-03-16 18:04:00,129 [INFO] PluginManage:359 - Loaded plugin analytics (category:tool,tabindex:-1)
2026-03-16 18:04:00,130 [INFO] PluginManage:310 - Check plugin cadmodel
2026-03-16 18:04:00,177 [INFO] CADModel:105 - Init CAD model plugin
2026-03-16 18:04:00,178 [INFO] PluginManage:359 - Loaded plugin cadmodel (category:power,tabindex:5)
2026-03-16 18:04:00,179 [INFO] PluginManage:310 - Check plugin clock
2026-03-16 18:04:00,280 [INFO] PluginManage:359 - Loaded plugin clock (category:base,tabindex:2)
2026-03-16 18:04:00,282 [INFO] PluginManage:310 - Check plugin ddr
2026-03-16 18:04:00,316 [INFO] PluginManage:359 - Loaded plugin ddr (category:tool,tabindex:6)
2026-03-16 18:04:00,317 [INFO] PluginManage:310 - Check plugin filemanager
2026-03-16 18:04:01,061 [INFO] PluginManage:359 - Loaded plugin filemanager (category:base,tabindex:10)
2026-03-16 18:04:01,062 [INFO] PluginManage:310 - Check plugin ipmanager
2026-03-16 18:04:01,165 [INFO] PluginManage:359 - Loaded plugin ipmanager (category:base,tabindex:5)
2026-03-16 18:04:01,165 [INFO] PluginManage:310 - Check plugin lpbam
2026-03-16 18:04:01,220 [INFO] PluginManage:359 - Loaded plugin lpbam (category:base,tabindex:0)
2026-03-16 18:04:01,221 [INFO] PluginManage:310 - Check plugin memorymap
2026-03-16 18:04:01,372 [INFO] PluginManage:359 - Loaded plugin memorymap (category:base,tabindex:4)
2026-03-16 18:04:01,374 [INFO] PluginManage:310 - Check plugin pinoutandconfiguration
2026-03-16 18:04:01,439 [INFO] PluginManage:359 - Loaded plugin pinoutandconfiguration (category:base,tabindex:1)
2026-03-16 18:04:01,440 [INFO] PluginManage:310 - Check plugin pinoutconfig
2026-03-16 18:04:01,905 [WARN] SupportedApi:132 - Cannot load RTOS API schema: s4s-elt-must-match.1: The content of 'definitions' must match (annotation?, (simpleType | complexType)?, (unique | key | keyref)*)). A problem was found starting at: attribute.
2026-03-16 18:04:02,489 [INFO] PluginManage:359 - Loaded plugin pinoutconfig (category:base,tabindex:0)
2026-03-16 18:04:02,490 [INFO] PluginManage:310 - Check plugin power
2026-03-16 18:04:02,615 [INFO] PluginManage:359 - Loaded plugin power (category:power,tabindex:4)
2026-03-16 18:04:02,616 [INFO] PluginManage:310 - Check plugin projectmanager
2026-03-16 18:04:02,734 [INFO] PluginManage:359 - Loaded plugin projectmanager (category:projectmanager,tabindex:4)
2026-03-16 18:04:02,735 [INFO] PluginManage:310 - Check plugin rif
2026-03-16 18:04:02,805 [INFO] PluginManage:359 - Loaded plugin rif (category:base,tabindex:3)
2026-03-16 18:04:02,806 [INFO] PluginManage:310 - Check plugin thirdparty
2026-03-16 18:04:03,514 [INFO] PluginManage:359 - Loaded plugin thirdparty (category:base,tabindex:-1)
2026-03-16 18:04:03,514 [WARN] IntegrityCheckThread:84 - waiting for thirdparty lock release [integrity check]
2026-03-16 18:04:03,515 [INFO] IntegrityCheckThread:86 - entering critical section [integrity check]
2026-03-16 18:04:03,515 [INFO] PluginManage:310 - Check plugin tools
2026-03-16 18:04:03,517 [INFO] ThirdPartyUpdaterWithRetryManager:70 - Updater plugin not ready yet. [1/15]
2026-03-16 18:04:03,548 [INFO] PluginManage:359 - Loaded plugin tools (category:base,tabindex:7)
2026-03-16 18:04:03,549 [INFO] PluginManage:310 - Check plugin tutovideos
2026-03-16 18:04:04,221 [INFO] PluginManage:359 - Loaded plugin tutovideos (category:base,tabindex:-1)
2026-03-16 18:04:04,221 [INFO] PluginManage:310 - Check plugin updater
2026-03-16 18:04:04,300 [INFO] PluginManage:359 - Loaded plugin updater (category:base,tabindex:12)
2026-03-16 18:04:04,301 [INFO] PluginManage:310 - Check plugin userauth
2026-03-16 18:04:04,333 [INFO] UserAuth:113 - Init User Auth plugin
2026-03-16 18:04:04,333 [INFO] PluginManage:359 - Loaded plugin userauth (category:base,tabindex:14)
2026-03-16 18:04:04,335 [INFO] PluginManage:283 - PluginManage : Loaded plugins [18]
2026-03-16 18:04:05,353 [INFO] PinOutPanel:1561 - setPackage(No Configuration,No Configuration)
2026-03-16 18:04:05,851 [INFO] CADModel:165 - CPN selected for project level
2026-03-16 18:04:05,852 [INFO] CADModel:114 - Register for checkConnection events
2026-03-16 18:04:05,965 [INFO] IPUIPlugin:80 - create IPUIPlugin
2026-03-16 18:04:05,967 [INFO] PluginManager:220 - loadIPPluginJar : add adc
2026-03-16 18:04:05,998 [INFO] IPUIPlugin:80 - create IPUIPlugin
2026-03-16 18:04:05,999 [INFO] PluginManager:220 - loadIPPluginJar : add aes
2026-03-16 18:04:06,037 [INFO] IPUIPlugin:80 - create IPUIPlugin
2026-03-16 18:04:06,038 [INFO] PluginManager:220 - loadIPPluginJar : add can
2026-03-16 18:04:06,046 [INFO] IPUIPlugin:80 - create IPUIPlugin
2026-03-16 18:04:06,047 [INFO] PluginManager:220 - loadIPPluginJar : add comp
2026-03-16 18:04:06,064 [INFO] IPUIPlugin:80 - create IPUIPlugin
2026-03-16 18:04:06,065 [INFO] PluginManager:220 - loadIPPluginJar : add cryp
2026-03-16 18:04:06,107 [INFO] IPUIPlugin:80 - create IPUIPlugin
2026-03-16 18:04:06,108 [INFO] PluginManager:220 - loadIPPluginJar : add ddr_ctrl_phy
2026-03-16 18:04:06,116 [INFO] IPUIPlugin:80 - create IPUIPlugin
2026-03-16 18:04:06,117 [INFO] PluginManager:220 - loadIPPluginJar : add dfsdm
2026-03-16 18:04:06,133 [INFO] IPUIPlugin:80 - create IPUIPlugin
2026-03-16 18:04:06,135 [INFO] PluginManager:220 - loadIPPluginJar : add dma
2026-03-16 18:04:06,169 [INFO] IPUIPlugin:80 - create IPUIPlugin
2026-03-16 18:04:06,171 [INFO] PluginManager:220 - loadIPPluginJar : add dma3
2026-03-16 18:04:06,179 [INFO] IPUIPlugin:80 - create IPUIPlugin
2026-03-16 18:04:06,179 [INFO] PluginManager:220 - loadIPPluginJar : add extmemmanager
2026-03-16 18:04:06,185 [INFO] IPUIPlugin:80 - create IPUIPlugin
2026-03-16 18:04:06,186 [INFO] PluginManager:220 - loadIPPluginJar : add fatfs
2026-03-16 18:04:06,199 [INFO] IPUIPlugin:80 - create IPUIPlugin
2026-03-16 18:04:06,200 [INFO] PluginManager:220 - loadIPPluginJar : add fmc
2026-03-16 18:04:06,250 [INFO] IPUIPlugin:80 - create IPUIPlugin
2026-03-16 18:04:06,251 [INFO] PluginManager:220 - loadIPPluginJar : add freertos
2026-03-16 18:04:06,257 [INFO] IPUIPlugin:80 - create IPUIPlugin
2026-03-16 18:04:06,258 [INFO] PluginManager:220 - loadIPPluginJar : add genericplugin
2026-03-16 18:04:06,270 [INFO] IPUIPlugin:80 - create IPUIPlugin
2026-03-16 18:04:06,270 [INFO] PluginManager:220 - loadIPPluginJar : add gfxmmu
2026-03-16 18:04:06,300 [INFO] IPUIPlugin:80 - create IPUIPlugin
2026-03-16 18:04:06,301 [INFO] PluginManager:220 - loadIPPluginJar : add gic
2026-03-16 18:04:06,324 [INFO] IPUIPlugin:80 - create IPUIPlugin
2026-03-16 18:04:06,325 [INFO] PluginManager:220 - loadIPPluginJar : add gpio
2026-03-16 18:04:06,335 [INFO] IPUIPlugin:80 - create IPUIPlugin
2026-03-16 18:04:06,335 [INFO] PluginManager:220 - loadIPPluginJar : add gtzc
2026-03-16 18:04:06,344 [INFO] IPUIPlugin:80 - create IPUIPlugin
2026-03-16 18:04:06,345 [INFO] PluginManager:220 - loadIPPluginJar : add hash
2026-03-16 18:04:06,356 [INFO] IPUIPlugin:80 - create IPUIPlugin
2026-03-16 18:04:06,356 [INFO] PluginManager:220 - loadIPPluginJar : add i2c
2026-03-16 18:04:06,376 [INFO] IPUIPlugin:80 - create IPUIPlugin
2026-03-16 18:04:06,377 [INFO] PluginManager:220 - loadIPPluginJar : add i2s
2026-03-16 18:04:06,389 [INFO] IPUIPlugin:80 - create IPUIPlugin
2026-03-16 18:04:06,391 [INFO] PluginManager:220 - loadIPPluginJar : add i3c
2026-03-16 18:04:06,433 [INFO] IPUIPlugin:80 - create IPUIPlugin
2026-03-16 18:04:06,434 [INFO] PluginManager:220 - loadIPPluginJar : add ipddr
2026-03-16 18:04:06,457 [INFO] IPUIPlugin:80 - create IPUIPlugin
2026-03-16 18:04:06,457 [INFO] PluginManager:220 - loadIPPluginJar : add linkedlist
2026-03-16 18:04:06,503 [INFO] IPUIPlugin:80 - create IPUIPlugin
2026-03-16 18:04:06,504 [INFO] PluginManager:220 - loadIPPluginJar : add lorawan
2026-03-16 18:04:06,509 [INFO] IPUIPlugin:80 - create IPUIPlugin
2026-03-16 18:04:06,510 [INFO] PluginManager:220 - loadIPPluginJar : add ltdc
2026-03-16 18:04:06,519 [INFO] ThirdPartyUpdaterWithRetryManager:70 - Updater plugin not ready yet. [2/15]
2026-03-16 18:04:06,523 [INFO] IPUIPlugin:80 - create IPUIPlugin
2026-03-16 18:04:06,524 [INFO] PluginManager:220 - loadIPPluginJar : add mdma
2026-03-16 18:04:06,546 [INFO] IPUIPlugin:80 - create IPUIPlugin
2026-03-16 18:04:06,546 [INFO] PluginManager:220 - loadIPPluginJar : add nvic
2026-03-16 18:04:06,585 [INFO] IPUIPlugin:80 - create IPUIPlugin
2026-03-16 18:04:06,585 [INFO] PluginManager:220 - loadIPPluginJar : add opamp
2026-03-16 18:04:06,593 [INFO] IPUIPlugin:80 - create IPUIPlugin
2026-03-16 18:04:06,594 [INFO] PluginManager:220 - loadIPPluginJar : add openamp
2026-03-16 18:04:06,605 [INFO] IPUIPlugin:80 - create IPUIPlugin
2026-03-16 18:04:06,606 [INFO] PluginManager:220 - loadIPPluginJar : add pdm2pcm
2026-03-16 18:04:06,621 [INFO] IPUIPlugin:80 - create IPUIPlugin
2026-03-16 18:04:06,627 [INFO] PluginManager:220 - loadIPPluginJar : add plateformsettings
2026-03-16 18:04:06,651 [INFO] IPUIPlugin:80 - create IPUIPlugin
2026-03-16 18:04:06,652 [INFO] PluginManager:220 - loadIPPluginJar : add quadspi
2026-03-16 18:04:06,666 [INFO] IPUIPlugin:80 - create IPUIPlugin
2026-03-16 18:04:06,668 [INFO] PluginManager:220 - loadIPPluginJar : add radio
2026-03-16 18:04:06,678 [INFO] IPUIPlugin:80 - create IPUIPlugin
2026-03-16 18:04:06,679 [INFO] PluginManager:220 - loadIPPluginJar : add resmgrutility
2026-03-16 18:04:06,698 [INFO] IPUIPlugin:80 - create IPUIPlugin
2026-03-16 18:04:06,698 [INFO] PluginManager:220 - loadIPPluginJar : add sai
2026-03-16 18:04:06,716 [INFO] IPUIPlugin:80 - create IPUIPlugin
2026-03-16 18:04:06,716 [INFO] PluginManager:220 - loadIPPluginJar : add spi
2026-03-16 18:04:06,728 [INFO] IPUIPlugin:80 - create IPUIPlugin
2026-03-16 18:04:06,728 [INFO] PluginManager:220 - loadIPPluginJar : add stm32_wpan
2026-03-16 18:04:06,746 [INFO] IPUIPlugin:80 - create IPUIPlugin
2026-03-16 18:04:06,747 [INFO] PluginManager:220 - loadIPPluginJar : add tim
2026-03-16 18:04:06,757 [INFO] IPUIPlugin:80 - create IPUIPlugin
2026-03-16 18:04:06,757 [INFO] PluginManager:220 - loadIPPluginJar : add touchsensing
2026-03-16 18:04:06,770 [INFO] IPUIPlugin:80 - create IPUIPlugin
2026-03-16 18:04:06,771 [INFO] PluginManager:220 - loadIPPluginJar : add tracer_emb
2026-03-16 18:04:06,778 [INFO] IPUIPlugin:80 - create IPUIPlugin
2026-03-16 18:04:06,778 [INFO] PluginManager:220 - loadIPPluginJar : add ts
2026-03-16 18:04:06,784 [INFO] IPUIPlugin:80 - create IPUIPlugin
2026-03-16 18:04:06,785 [INFO] PluginManager:220 - loadIPPluginJar : add tsc
2026-03-16 18:04:06,792 [INFO] IPUIPlugin:80 - create IPUIPlugin
2026-03-16 18:04:06,792 [INFO] PluginManager:220 - loadIPPluginJar : add ucpd
2026-03-16 18:04:06,805 [INFO] IPUIPlugin:80 - create IPUIPlugin
2026-03-16 18:04:06,807 [INFO] PluginManager:220 - loadIPPluginJar : add usart
2026-03-16 18:04:06,815 [INFO] IPUIPlugin:80 - create IPUIPlugin
2026-03-16 18:04:06,817 [INFO] PluginManager:220 - loadIPPluginJar : add usbx
2026-03-16 18:04:07,107 [INFO] CADModel:165 - CPN selected for project level
2026-03-16 18:04:07,108 [INFO] CADModel:114 - Register for checkConnection events
2026-03-16 18:04:07,108 [FATAL] Updater:334 - Updater called before beeing initialized
2026-03-16 18:04:07,108 [ERROR] CADModel:125 - Updater not yet initialized, retry later 
2026-03-16 18:04:07,734 [INFO] CADModel:165 - CPN selected for project level
2026-03-16 18:04:07,735 [INFO] CADModel:114 - Register for checkConnection events
2026-03-16 18:04:07,736 [FATAL] Updater:334 - Updater called before beeing initialized
2026-03-16 18:04:07,736 [ERROR] CADModel:125 - Updater not yet initialized, retry later 
2026-03-16 18:04:07,744 [FATAL] Updater:334 - Updater called before beeing initialized
2026-03-16 18:04:08,108 [FATAL] Updater:334 - Updater called before beeing initialized
2026-03-16 18:04:08,119 [INFO] DbMcusAds:53 - JSON generation date=Thu Sep 30 12:25:09 IST 2021 (1632984909247)
2026-03-16 18:04:08,120 [FATAL] Updater:334 - Updater called before beeing initialized
2026-03-16 18:04:08,347 [WARN] DetailPanel:346 - Failed to get advertising image, set to default
2026-03-16 18:04:08,694 [FATAL] Updater:334 - Updater called before beeing initialized
2026-03-16 18:04:08,700 [FATAL] Updater:334 - Updater called before beeing initialized
2026-03-16 18:04:08,701 [FATAL] Updater:334 - Updater called before beeing initialized
2026-03-16 18:04:08,701 [WARN] DetailPanel:346 - Failed to get advertising image, set to default
2026-03-16 18:04:08,704 [FATAL] Updater:334 - Updater called before beeing initialized
2026-03-16 18:04:08,916 [ERROR] Updater:1164 - MainUpdater not yet initialized. External WinMGr cannot be set.
2026-03-16 18:04:08,933 [INFO] Updater:1100 - Updater Version found : 6.12.1
2026-03-16 18:04:09,008 [INFO] ApplicationProperties:184 - Using Application install path: E:\App Download\ST\STM32CubeIDE_1.16.1\STM32CubeIDE\plugins\com.st.stm32cube.common.mx_6.12.1.202409122256
2026-03-16 18:04:09,520 [INFO] ThirdPartyUpdaterWithRetryManager:70 - Updater plugin not ready yet. [3/15]
2026-03-16 18:04:10,824 [ERROR] LogOutputStream:75 - [STDERR_REDIRECT] Mar 16, 2026 6:04:10 PM java.util.prefs.WindowsPreferences <init>
2026-03-16 18:04:10,832 [ERROR] LogOutputStream:75 - [STDERR_REDIRECT] WARNING: Could not open/create prefs root node Software\JavaSoft\Prefs at root 0xffffffff80000002. Windows RegCreateKeyEx(...) returned error code 5.
2026-03-16 18:04:10,833 [ERROR] LogOutputStream:75 - [STDERR_REDIRECT] 
2026-03-16 18:04:11,076 [INFO] MainUpdater:526 - Copy updater definitions from MX database
2026-03-16 18:04:11,525 [INFO] MainUpdater:559 - Copy flag file definitions from MX database
2026-03-16 18:04:11,548 [INFO] MainUpdater:575 - Copy thirdparty index definitions from MX database
2026-03-16 18:04:11,563 [INFO] MainUpdater:594 - Copy default thirdparty db definitions from MX database
2026-03-16 18:04:12,383 [INFO] MainUpdater:2873 - connection check result : 10
2026-03-16 18:04:12,383 [INFO] MainUpdater:3567 - Updater definition file requires update
2026-03-16 18:04:12,390 [INFO] MainUpdater:290 - Updater Check For Update Now.
2026-03-16 18:04:12,390 [INFO] MicroXplorer:498 - Change Database Version : DB.6.0.121
2026-03-16 18:04:12,522 [WARN] MainUpdater:1194 - Updater busy. Cannot search thirdparties
2026-03-16 18:04:12,522 [INFO] ThirdPartyUpdaterWithRetryManager:96 - Updater plugin is busy. [1/15]
2026-03-16 18:04:12,727 [INFO] ServerAccessManage:473 - Download File updaters.zip
2026-03-16 18:04:13,320 [INFO] FileExtend:240 - Unzip File : updaters.zip
2026-03-16 18:04:13,321 [INFO] FileExtend:255 - Standard Zip Deflate
2026-03-16 18:04:15,523 [WARN] MainUpdater:1194 - Updater busy. Cannot search thirdparties
2026-03-16 18:04:15,523 [INFO] ThirdPartyUpdaterWithRetryManager:96 - Updater plugin is busy. [2/15]
2026-03-16 18:04:16,046 [INFO] ServerAccessManage:473 - Download File PacksControlFlags.xml
2026-03-16 18:04:16,523 [INFO] ServerAccessManage:473 - Download File cubemx.pidx
2026-03-16 18:04:18,192 [INFO] ServerAccessManage:473 - Download File STMicroelectronics.FP-ATR-ASTRA1.pdsc
2026-03-16 18:04:18,525 [WARN] MainUpdater:1194 - Updater busy. Cannot search thirdparties
2026-03-16 18:04:18,525 [INFO] ThirdPartyUpdaterWithRetryManager:96 - Updater plugin is busy. [3/15]
2026-03-16 18:04:21,058 [INFO] ServerAccessManage:473 - Download File STMicroelectronics.FP-ATR-SIGFOX1.pdsc
2026-03-16 18:04:21,526 [WARN] MainUpdater:1194 - Updater busy. Cannot search thirdparties
2026-03-16 18:04:21,527 [INFO] ThirdPartyUpdaterWithRetryManager:96 - Updater plugin is busy. [4/15]
2026-03-16 18:04:21,881 [INFO] ServerAccessManage:473 - Download File STMicroelectronics.FP-SNS-STBOX1.pdsc
2026-03-16 18:04:22,986 [INFO] ServerAccessManage:473 - Download File STMicroelectronics.FP-SNS-FLIGHT1.pdsc
2026-03-16 18:04:24,458 [INFO] ServerAccessManage:473 - Download File STMicroelectronics.FP-SNS-MOTENV1.pdsc
2026-03-16 18:04:24,528 [WARN] MainUpdater:1194 - Updater busy. Cannot search thirdparties
2026-03-16 18:04:24,528 [INFO] ThirdPartyUpdaterWithRetryManager:96 - Updater plugin is busy. [5/15]
2026-03-16 18:04:25,634 [INFO] ServerAccessManage:473 - Download File STMicroelectronics.FP-SNS-MOTENVWB1.pdsc
2026-03-16 18:04:26,636 [INFO] ServerAccessManage:473 - Download File STMicroelectronics.FP-SNS-SMARTAG2.pdsc
2026-03-16 18:04:27,075 [INFO] ServerAccessManage:473 - Download File STMicroelectronics.FP-SNS-STAIOTCFT.pdsc
2026-03-16 18:04:27,523 [INFO] ServerAccessManage:473 - Download File STMicroelectronics.X-CUBE-AI.pdsc
2026-03-16 18:04:27,529 [WARN] MainUpdater:1194 - Updater busy. Cannot search thirdparties
2026-03-16 18:04:27,530 [INFO] ThirdPartyUpdaterWithRetryManager:96 - Updater plugin is busy. [6/15]
2026-03-16 18:04:30,533 [WARN] MainUpdater:1194 - Updater busy. Cannot search thirdparties
2026-03-16 18:04:30,533 [INFO] ThirdPartyUpdaterWithRetryManager:96 - Updater plugin is busy. [7/15]
2026-03-16 18:04:31,761 [INFO] ServerAccessManage:473 - Download File STMicroelectronics.X-CUBE-ALS.pdsc
2026-03-16 18:04:32,503 [INFO] MainUpdater:2873 - connection check result : 10
2026-03-16 18:04:32,574 [INFO] ServerAccessManage:473 - Download File STMicroelectronics.X-CUBE-BLE1.pdsc
2026-03-16 18:04:33,535 [WARN] MainUpdater:1194 - Updater busy. Cannot search thirdparties
2026-03-16 18:04:33,536 [INFO] ThirdPartyUpdaterWithRetryManager:96 - Updater plugin is busy. [8/15]
2026-03-16 18:04:36,537 [WARN] MainUpdater:1194 - Updater busy. Cannot search thirdparties
2026-03-16 18:04:36,537 [INFO] ThirdPartyUpdaterWithRetryManager:96 - Updater plugin is busy. [9/15]
2026-03-16 18:04:36,741 [ERROR] ServerAccessManage:1089 - Problem, file not found on Server
2026-03-16 18:04:36,992 [INFO] ServerAccessManage:473 - Download File STMicroelectronics.X-CUBE-BLE2.pdsc
2026-03-16 18:04:39,249 [INFO] ServerAccessManage:473 - Download File STMicroelectronics.X-CUBE-BLEMGR.pdsc
2026-03-16 18:04:39,539 [WARN] MainUpdater:1194 - Updater busy. Cannot search thirdparties
2026-03-16 18:04:39,539 [INFO] ThirdPartyUpdaterWithRetryManager:96 - Updater plugin is busy. [10/15]
2026-03-16 18:04:40,274 [ERROR] ServerAccessManage:1089 - Problem, file not found on Server
2026-03-16 18:04:42,271 [INFO] ServerAccessManage:473 - Download File STMicroelectronics.X-CUBE-DISPLAY.pdsc
2026-03-16 18:04:42,540 [WARN] MainUpdater:1194 - Updater busy. Cannot search thirdparties
2026-03-16 18:04:42,541 [INFO] ThirdPartyUpdaterWithRetryManager:96 - Updater plugin is busy. [11/15]
2026-03-16 18:04:43,840 [INFO] ServerAccessManage:473 - Download File STMicroelectronics.X-CUBE-DPOWER.pdsc
2026-03-16 18:04:45,019 [ERROR] ServerAccessManage:1089 - Problem, file not found on Server
2026-03-16 18:04:45,347 [ERROR] ServerAccessManage:1089 - Problem, file not found on Server
2026-03-16 18:04:45,543 [WARN] MainUpdater:1194 - Updater busy. Cannot search thirdparties
2026-03-16 18:04:45,543 [INFO] ThirdPartyUpdaterWithRetryManager:96 - Updater plugin is busy. [12/15]
2026-03-16 18:04:45,748 [ERROR] ServerAccessManage:1089 - Problem, file not found on Server
2026-03-16 18:04:46,103 [ERROR] ServerAccessManage:1089 - Problem, file not found on Server
2026-03-16 18:04:46,474 [ERROR] ServerAccessManage:1089 - Problem, file not found on Server
2026-03-16 18:04:47,279 [ERROR] ServerAccessManage:1089 - Problem, file not found on Server
2026-03-16 18:04:47,859 [ERROR] ServerAccessManage:1089 - Problem, file not found on Server
2026-03-16 18:04:48,422 [ERROR] ServerAccessManage:1089 - Problem, file not found on Server
2026-03-16 18:04:48,544 [WARN] MainUpdater:1194 - Updater busy. Cannot search thirdparties
2026-03-16 18:04:48,544 [INFO] ThirdPartyUpdaterWithRetryManager:96 - Updater plugin is busy. [13/15]
2026-03-16 18:04:49,122 [ERROR] ServerAccessManage:1089 - Problem, file not found on Server
2026-03-16 18:04:49,941 [ERROR] ServerAccessManage:1089 - Problem, file not found on Server
2026-03-16 18:04:50,758 [ERROR] ServerAccessManage:1089 - Problem, file not found on Server
2026-03-16 18:04:50,991 [INFO] ServerAccessManage:473 - Download File STMicroelectronics.X-CUBE-EEPRMA1.pdsc
2026-03-16 18:04:51,546 [WARN] MainUpdater:1194 - Updater busy. Cannot search thirdparties
2026-03-16 18:04:51,546 [INFO] ThirdPartyUpdaterWithRetryManager:96 - Updater plugin is busy. [14/15]
2026-03-16 18:04:52,023 [ERROR] ServerAccessManage:1089 - Problem, file not found on Server
2026-03-16 18:04:53,014 [ERROR] ServerAccessManage:1089 - Problem, file not found on Server
2026-03-16 18:04:54,548 [WARN] MainUpdater:1194 - Updater busy. Cannot search thirdparties
2026-03-16 18:04:54,549 [INFO] ThirdPartyUpdaterWithRetryManager:96 - Updater plugin is busy. [15/15]
2026-03-16 18:04:54,550 [ERROR] IntegrityCheckThread:130 - Cannot retrieve database content from updater: error -1
2026-03-16 18:04:54,551 [INFO] ThirdParty:978 - Integrity check success = false
2026-03-16 18:04:54,551 [INFO] IntegrityCheckThread:100 - exiting critical section [integrity check]
2026-03-16 18:04:54,551 [INFO] IntegrityCheckThread:103 - End integrity checks thread
2026-03-16 18:04:55,028 [INFO] ServerAccessManage:473 - Download File STMicroelectronics.X-CUBE-FREERTOS.pdsc
2026-03-16 18:04:57,569 [INFO] ServerAccessManage:473 - Download File STMicroelectronics.X-CUBE-GNSS1.pdsc
2026-03-16 18:05:04,508 [ERROR] ServerAccessManage:1089 - Problem, file not found on Server
2026-03-16 18:05:05,027 [ERROR] ServerAccessManage:1089 - Problem, file not found on Server
2026-03-16 18:05:05,400 [ERROR] ServerAccessManage:1089 - Problem, file not found on Server
2026-03-16 18:05:05,751 [ERROR] ServerAccessManage:1089 - Problem, file not found on Server
2026-03-16 18:05:06,131 [ERROR] ServerAccessManage:1089 - Problem, file not found on Server
2026-03-16 18:05:06,854 [ERROR] ServerAccessManage:1089 - Problem, file not found on Server
2026-03-16 18:05:07,664 [INFO] ServerAccessManage:473 - Download File STMicroelectronics.X-CUBE-ISPU.pdsc
2026-03-16 18:05:09,585 [INFO] ServerAccessManage:473 - Download File STMicroelectronics.X-CUBE-IPS.pdsc
2026-03-16 18:05:10,662 [INFO] ServerAccessManage:473 - Download File STMicroelectronics.X-CUBE-MEMS1.pdsc
2026-03-16 18:05:22,266 [INFO] ServerAccessManage:473 - Download File STMicroelectronics.X-CUBE-NFC4.pdsc
2026-03-16 18:05:25,876 [INFO] ServerAccessManage:473 - Download File STMicroelectronics.X-CUBE-NFC6.pdsc
2026-03-16 18:05:26,829 [INFO] ServerAccessManage:473 - Download File STMicroelectronics.X-CUBE-NFC7.pdsc
2026-03-16 18:05:28,126 [INFO] ServerAccessManage:473 - Download File STMicroelectronics.X-CUBE-NFC9.pdsc
2026-03-16 18:05:28,750 [INFO] ServerAccessManage:473 - Download File STMicroelectronics.X-CUBE-NFC10.pdsc
2026-03-16 18:05:29,242 [INFO] ServerAccessManage:473 - Download File STMicroelectronics.X-CUBE-NFC12.pdsc
2026-03-16 18:05:29,976 [INFO] ServerAccessManage:473 - Download File STMicroelectronics.X-CUBE-SFXS2LP1.pdsc
2026-03-16 18:05:31,047 [INFO] ServerAccessManage:473 - Download File STMicroelectronics.X-CUBE-SUBG2.pdsc
2026-03-16 18:05:32,649 [INFO] McuFinderGlobals:63 - Set McuFinder mode to 2 (CubeIDE integrated)
2026-03-16 18:05:32,651 [INFO] UserAuth:179 - activating auth plugin
2026-03-16 18:05:32,675 [INFO] UserAuth:417 - Internet connection configuration mode: 1
2026-03-16 18:05:32,869 [INFO] JxBrowserEngine:152 - Initiate JxBrowser Engine with user profile folder
2026-03-16 18:05:34,142 [INFO] ApiDb:581 - Connected to CubeFinder SQLite database (C:\Users\DELL\.stmcufinder\plugins\mcufinder\mcu\cube-finder-db.db)
2026-03-16 18:05:34,447 [INFO] ApiDb:668 - CubeFinder database Data Model version=2.1
2026-03-16 18:05:34,448 [INFO] ApiDb:669 - CubeFinder database Configuration version=3.0.39
2026-03-16 18:05:34,450 [INFO] ApiDb:670 - CubeFinder database generation date=2024-08-28 (1724861534)
2026-03-16 18:05:34,451 [INFO] ApiDb:671 - CubeFinder database FW Pack versions=[FP-ATR-ASTRA1_V2.0.0, FP-SNS-FLIGHT1_V5.0.2, FP-SNS-MOTENV1_V5.0.0, FP-SNS-MOTENVWB1_V1.4.0, FP-SNS-SMARTAG2_V1.2.0, FP-SNS-STBOX1_V2.0.0, STM32Cube_FW_C0_V1.2.0, STM32Cube_FW_F4_V1.28.0, STM32Cube_FW_F7_V1.17.2, STM32Cube_FW_G0_V1.6.2, STM32Cube_FW_G4_V1.6.0, STM32Cube_FW_H5_V1.3.0, STM32Cube_FW_H7RS_V1.1.0, STM32Cube_FW_H7_V1.11.2, STM32Cube_FW_L0_V1.12.2, STM32Cube_FW_L5_V1.5.1, STM32Cube_FW_U0_V1.1.0, STM32Cube_FW_U5_V1.6.0, STM32Cube_FW_WB0_V1.0.0, STM32Cube_FW_WBA_V1.4.1, STM32Cube_FW_WB_V1.20.0, STM32Cube_FW_WL_V1.3.0, X-CUBE-ALGOBUILD_V1.4.0, X-CUBE-ALS_V1.0.2, X-CUBE-AZRTOS-F4_V1.1.0, X-CUBE-AZRTOS-F7_V1.1.0, X-CUBE-AZRTOS-G0_V1.1.0, X-CUBE-AZRTOS-G4_V2.0.0, X-CUBE-AZRTOS-H7RS_V1.0.0, X-CUBE-AZRTOS-H7_V3.2.0, X-CUBE-AZRTOS-L4_V2.0.0, X-CUBE-AZRTOS-L5_V1.1.0, X-CUBE-AZRTOS-WB_V2.0.0, X-CUBE-AZRTOS-WL_V2.0.0, X-CUBE-BLE1_V7.0.0, X-CUBE-BLE2_V3.3.0, X-CUBE-BLEMGR_V3.1.0, X-CUBE-EEPRMA1_V5.1.0, X-CUBE-FREERTOS_V1.2.0, X-CUBE-GNSS1_V6.0.0, X-CUBE-MEMS1_V10.0.0, X-CUBE-NFC4_V3.0.0, X-CUBE-NFC7_V1.0.1, X-CUBE-SFXS2LP1_V4.0.0, X-CUBE-SUBG2_V5.0.0, X-CUBE-TOF1_V3.4.2]
2026-03-16 18:05:34,645 [INFO] ServerAccessManage:473 - Download File STMicroelectronics.X-CUBE-SMBUS.pdsc
2026-03-16 18:05:34,830 [INFO] DbBoardsSqlite:226 - include board P-NUCLEO-WB55-NUCLEO as a kit item of type 'Nucleo-64'
2026-03-16 18:05:34,832 [INFO] DbBoardsSqlite:226 - include board P-NUCLEO-WB55-USBDONGLE as a kit item of type 'Nucleo USB Dongle'
2026-03-16 18:05:34,834 [INFO] DbBoardsSqlite:226 - include board STEVAL-IDP005V1 as a kit item of type 'Evaluation Board'
2026-03-16 18:05:34,836 [INFO] DbBoardsSqlite:226 - include board STEVAL-IDP005V2 as a kit item of type 'Evaluation Board'
2026-03-16 18:05:35,170 [INFO] ApiDb:240 - Found 646 in-development CPN: [B-G473E-ZEST1S, B-WB1M-WPAN1, B-WL5M-SUBG1, NUCLEO-C031C6, NUCLEO-C071RB, NUCLEO-H503RB, NUCLEO-H533RE, NUCLEO-H563ZI, NUCLEO-H7S3L8, NUCLEO-U031R8, NUCLEO-U083RC, NUCLEO-U545RE-Q, NUCLEO-U5A5ZJ-Q, NUCLEO-WB05KZ, NUCLEO-WB07CC, NUCLEO-WB09KE, NUCLEO-WBA52CG, NUCLEO-WBA55CG, STEVAL-PROTEUS1, STEVAL-SMARTAG2, STEVAL-STWINBX1, STM320518-EVAL, STM32C0116-DK, STM32C011D6Y3TR, STM32C011D6Y6TR, STM32C011F4P3, STM32C011F4P6, STM32C011F4U3, STM32C011F4U6TR, STM32C011F6P3, STM32C011F6P6, STM32C011F6U3, STM32C011F6U6TR, STM32C011J4M3, STM32C011J4M6, STM32C011J6M3, STM32C011J6M6, STM32C0316-DK, STM32C031C4T3, STM32C031C4T6, STM32C031C4U3, STM32C031C4U6, STM32C031C6T3, STM32C031C6T6, STM32C031C6U3, STM32C031C6U6, STM32C031F4P3, STM32C031F4P6, STM32C031F6P3, STM32C031F6P6, STM32C031G4U3, STM32C031G4U6, STM32C031G6U3, STM32C031G6U6, STM32C031K4T3, STM32C031K4T6, STM32C031K4U3, STM32C031K4U6, STM32C031K6T3, STM32C031K6T6, STM32C031K6U3, STM32C031K6U6, STM32C071C8T6, STM32C071C8T6N, STM32C071C8U6, STM32C071C8U6N, STM32C071CBT6, STM32C071CBT6N, STM32C071CBU6, STM32C071CBU6N, STM32C071F8P6, STM32C071F8P6N, STM32C071FBP6, STM32C071FBP6N, STM32C071FBY6TR, STM32C071G8U6, STM32C071G8U6N, STM32C071GBU6, STM32C071GBU6N, STM32C071K8T6, STM32C071K8T6N, STM32C071K8U6, STM32C071K8U6N, STM32C071KBT6, STM32C071KBT6N, STM32C071KBU6, STM32C071KBU6N, STM32C071R8T6, STM32C071R8T6N, STM32C071RBI6N, STM32C071RBT6, STM32C071RBT6N, STM32G071K8TXN, STM32G071K8UXN, STM32G081GBU6N, STM32G081KBT6N, STM32G081KBUXN, STM32G0B1CCT6N, STM32G0B1KCT6, STM32G0B1NEY6TR, STM32G0B1RCT6N, STM32G0C1CCT6, STM32G0C1CCT6N, STM32G0C1CCU6N, STM32G0C1CET6N, STM32G0C1CEU6N, STM32G0C1KCT6, STM32G0C1NEY6TR, STM32G0C1RCI6N, STM32G0C1RCT6N, STM32G0C1REI6N, STM32G0C1RET6N, STM32G0C1VCI6, STM32G0C1VEI6, STM32G411C6T3, STM32G411C6T6, STM32G411C6U3, STM32G411C6U6, STM32G411C8T3, STM32G411C8T6, STM32G411C8U3, STM32G411C8U6, STM32G411CBT3, STM32G411CBT6, STM32G411CBU3, STM32G411CBU6, STM32G411K6T3, STM32G411K6T6, STM32G411K6U3, STM32G411K6U6, STM32G411K8T3, STM32G411K8T6, STM32G411K8U3, STM32G411K8U6, STM32G411KBT3, STM32G411KBT6, STM32G411KBU3, STM32G411KBU6, STM32G411M6T3, STM32G411M6T6, STM32G411M8T3, STM32G411M8T6, STM32G411MBT3, STM32G411MBT6, STM32G411R6T3, STM32G411R6T6, STM32G411R8T3, STM32G411R8T6, STM32G411RBT3, STM32G411RBT6, STM32G414CBT3, STM32G414CBT6, STM32G414CBU3, STM32G414CBU6, STM32G414CCT3, STM32G414CCT6, STM32G414CCU3, STM32G414CCU6, STM32G414MBT3, STM32G414MBT6, STM32G414MCT3, STM32G414MCT6, STM32G414RBT3, STM32G414RBT6, STM32G414RCT3, STM32G414RCT6, STM32G414VBT3, STM32G414VBT6, STM32G414VCT3, STM32G414VCT6, STM32G431CBT3Z, STM32G431RBT3Z, STM32G471CCT6, STM32G471CCU6, STM32G471CET3, STM32G471CET6, STM32G471CEU3, STM32G471CEU6, STM32G471MCT6, STM32G471MET3, STM32G471MET6, STM32G471MEY6TR, STM32G471QCT6, STM32G471QET3, STM32G471RCT6, STM32G471RET3, STM32G471RET6, STM32G471VCH6, STM32G471VCI6, STM32G471VCT6, STM32G471VEH3, STM32G471VEH6, STM32G471VEI3, STM32G471VEI6, STM32G471VET3, STM32G471VET6, STM32G473QET3Z, STM32G473RET3Z, STM32G474CCT6, STM32G491RET3Z, STM32H503CBT6, STM32H503CBU6, STM32H503EBY6TR, STM32H503KBU6, STM32H503RBT6, STM32H523CCT6, STM32H523CCU6, STM32H523CET6, STM32H523CEU6, STM32H523HEY6TR, STM32H523RCT6, STM32H523RET6, STM32H523VCI6, STM32H523VCT6, STM32H523VEI6, STM32H523VET6, STM32H523ZCJ6, STM32H523ZCT6, STM32H523ZEJ6, STM32H523ZET6, STM32H533CET6, STM32H533CEU6, STM32H533HEY6TR, STM32H533RET6, STM32H533VEI6, STM32H533VET6, STM32H533ZEJ6, STM32H533ZET6, STM32H562AGI6, STM32H562AII6, STM32H562IGK6, STM32H562IGT6, STM32H562IIK6, STM32H562IIT6, STM32H562RGT6, STM32H562RGV6, STM32H562RIT6, STM32H562RIV6, STM32H562VGT6, STM32H562VIT6, STM32H562ZGT6, STM32H562ZIT6, STM32H563AGI6, STM32H563AII3Q, STM32H563AII6, STM32H563IGK6, STM32H563IGT6, STM32H563IIK3Q, STM32H563IIK6, STM32H563IIT3Q, STM32H563IIT6, STM32H563MIY3QTR, STM32H563RGT6, STM32H563RGV6, STM32H563RIT6, STM32H563RIV6, STM32H563VGT6, STM32H563VIT3Q, STM32H563VIT6, STM32H563ZGT6, STM32H563ZIT3Q, STM32H563ZIT6, STM32H573AII3Q, STM32H573AII6, STM32H573I-DK, STM32H573IIK3Q, STM32H573IIK6, STM32H573IIT3Q, STM32H573IIT6, STM32H573MIY3QTR, STM32H573RIT6, STM32H573RIV6, STM32H573VIT3Q, STM32H573VIT6, STM32H573ZIT3Q, STM32H573ZIT6, STM32H7R3A8I6, STM32H7R3I8K6, STM32H7R3I8T6, STM32H7R3L8H6, STM32H7R3L8H6H, STM32H7R3R8V6, STM32H7R3V8H6, STM32H7R3V8T6, STM32H7R3V8Y6TR, STM32H7R3Z8J6, STM32H7R3Z8T6, STM32H7R7A8I6, STM32H7R7I8K6, STM32H7R7I8T6, STM32H7R7L8H6, STM32H7R7L8H6H, STM32H7R7Z8J6, STM32H7S3A8I6, STM32H7S3I8K6, STM32H7S3I8T6, STM32H7S3L8H6, STM32H7S3L8H6H, STM32H7S3R8V6, STM32H7S3V8H6, STM32H7S3V8T6, STM32H7S3V8Y6TR, STM32H7S3Z8J6, STM32H7S3Z8T6, STM32H7S78-DK, STM32H7S7A8I6, STM32H7S7I8K6, STM32H7S7I8T6, STM32H7S7L8H6, STM32H7S7L8H6H, STM32H7S7Z8J6, STM32L4R5QGI6STR, STM32MP131AAE3, STM32MP131AAF3, STM32MP131AAG3, STM32MP131CAE3, STM32MP131CAF3, STM32MP131CAG3, STM32MP131DAE7, STM32MP131DAF7, STM32MP131DAG7, STM32MP131FAE7, STM32MP131FAF7, STM32MP131FAG7, STM32MP133AAE3, STM32MP133AAF3, STM32MP133AAG3, STM32MP133CAE3, STM32MP133CAF3, STM32MP133CAG3, STM32MP133DAE7, STM32MP133DAF7, STM32MP133DAG7, STM32MP133FAE7, STM32MP133FAF7, STM32MP133FAG7, STM32MP135AAE3, STM32MP135AAF3, STM32MP135AAG3, STM32MP135CAE3, STM32MP135CAF3, STM32MP135CAG3, STM32MP135DAE7, STM32MP135DAF7, STM32MP135DAG7, STM32MP135F-DK, STM32MP135FAE7, STM32MP135FAF7, STM32MP135FAF7T, STM32MP135FAF7U, STM32MP135FAG7, STM32MP251AAI3, STM32MP251AAK3, STM32MP251AAL3, STM32MP251CAI3, STM32MP251CAK3, STM32MP251CAL3, STM32MP251DAI3, STM32MP251DAK3, STM32MP251DAL3, STM32MP251FAI3, STM32MP251FAK3, STM32MP251FAL3, STM32MP253AAI3, STM32MP253AAK3, STM32MP253AAL3, STM32MP253CAI3, STM32MP253CAK3, STM32MP253CAL3, STM32MP253DAI3, STM32MP253DAK3, STM32MP253DAL3, STM32MP253FAI3, STM32MP253FAK3, STM32MP253FAL3, STM32MP255AAI3, STM32MP255AAK3, STM32MP255AAL3, STM32MP255CAI3, STM32MP255CAK3, STM32MP255CAL3, STM32MP255DAI3, STM32MP255DAK3, STM32MP255DAL3, STM32MP255FAI3, STM32MP255FAK3, STM32MP255FAL3, STM32MP257AAI3, STM32MP257AAK3, STM32MP257AAL3, STM32MP257CAI3, STM32MP257CAK3, STM32MP257CAL3, STM32MP257DAI3, STM32MP257DAK3, STM32MP257DAL3, STM32MP257F-DK, STM32MP257F-EV1, STM32MP257FAI3, STM32MP257FAK3, STM32MP257FAL3, STM32U031C6T6, STM32U031C6U6, STM32U031C8T6, STM32U031C8U6, STM32U031F4P6, STM32U031F6P6, STM32U031F8P6, STM32U031G6Y6TR, STM32U031G8Y6TR, STM32U031K4U6, STM32U031K6U6, STM32U031K8U6, STM32U031R6I6, STM32U031R6T6, STM32U031R8I6, STM32U031R8T6, STM32U073C8T6, STM32U073C8U6, STM32U073CBT6, STM32U073CBU6, STM32U073CCT6, STM32U073CCU6, STM32U073H8Y6TR, STM32U073HBY6TR, STM32U073HCY6TR, STM32U073K8U6, STM32U073KBU6, STM32U073KCU6, STM32U073M8I6, STM32U073M8T6, STM32U073MBI6, STM32U073MBT6, STM32U073MCI6, STM32U073MCT6, STM32U073R8I6, STM32U073R8T6, STM32U073RBI6, STM32U073RBT6, STM32U073RCI6, STM32U073RCT6, STM32U083C-DK, STM32U083CCT6, STM32U083CCU6, STM32U083HCY6TR, STM32U083KCU6, STM32U083MCI6, STM32U083MCT6, STM32U083RCI6, STM32U083RCT6, STM32U535CBT6, STM32U535CBT6Q, STM32U535CBU6, STM32U535CBU6Q, STM32U535CCT6, STM32U535CCT6Q, STM32U535CCU6, STM32U535CCU6Q, STM32U535CET6, STM32U535CET6Q, STM32U535CEU6, STM32U535CEU6Q, STM32U535JEY6QTR, STM32U535NCY6QTR, STM32U535NEY6QTR, STM32U535RBI6, STM32U535RBI6Q, STM32U535RBT6, STM32U535RBT6Q, STM32U535RCI6, STM32U535RCI6Q, STM32U535RCT6, STM32U535RCT6Q, STM32U535REI6, STM32U535REI6Q, STM32U535RET6, STM32U535RET6Q, STM32U535VCI6, STM32U535VCI6Q, STM32U535VCT6, STM32U535VCT6Q, STM32U535VEI6, STM32U535VEI6Q, STM32U535VET6, STM32U535VET6Q, STM32U545CET6, STM32U545CET6Q, STM32U545CEU6, STM32U545CEU6Q, STM32U545JEY6QTR, STM32U545NEY6QTR, STM32U545REI6, STM32U545REI6Q, STM32U545RET6, STM32U545RET6Q, STM32U545VEI6, STM32U545VEI6Q, STM32U545VET6, STM32U545VET6Q, STM32U595AIH6, STM32U595AIH6Q, STM32U595AJH6, STM32U595AJH6Q, STM32U595QII6, STM32U595QII6Q, STM32U595QJI6, STM32U595QJI6Q, STM32U595RIT6, STM32U595RIT6Q, STM32U595RJT6, STM32U595RJT6Q, STM32U595VIT6, STM32U595VIT6Q, STM32U595VJT6, STM32U595VJT6Q, STM32U595ZIT6, STM32U595ZIT6Q, STM32U595ZIY6QTR, STM32U595ZJT6, STM32U595ZJT6Q, STM32U595ZJY6QTR, STM32U599BJY6QTR, STM32U599NIH6Q, STM32U599NJH6Q, STM32U599VIT6Q, STM32U599VJT6, STM32U599VJT6Q, STM32U599ZIT6Q, STM32U599ZIY6QTR, STM32U599ZJT6Q, STM32U599ZJY6QTR, STM32U5A5AJH6, STM32U5A5AJH6Q, STM32U5A5QII3Q , STM32U5A5QJI6, STM32U5A5QJI6Q, STM32U5A5RJT6, STM32U5A5RJT6Q, STM32U5A5VJT6, STM32U5A5VJT6Q, STM32U5A5ZJT6, STM32U5A5ZJT6Q, STM32U5A5ZJY6QTR, STM32U5A9BJY6QTR, STM32U5A9J-DK, STM32U5A9NJH6Q, STM32U5A9VJT6Q, STM32U5A9ZJT6Q, STM32U5A9ZJY6QTR, STM32U5F7VIT6, STM32U5F7VIT6Q, STM32U5F7VJT6, STM32U5F7VJT6Q, STM32U5F9BJY6QTR, STM32U5F9NJH6Q, STM32U5F9VIT6Q, STM32U5F9VJT6Q, STM32U5F9ZIJ6QTR, STM32U5F9ZIT6Q, STM32U5F9ZJJ6QTR, STM32U5F9ZJT6Q, STM32U5G7VJT6, STM32U5G7VJT6Q, STM32U5G9BJY6QTR, STM32U5G9J-DK1, STM32U5G9J-DK2, STM32U5G9NJH6Q, STM32U5G9VJT6Q, STM32U5G9ZJJ6QTR, STM32U5G9ZJT6Q, STM32WB05KZV6TR, STM32WB05KZV7TR, STM32WB05TZF6TR, STM32WB05TZF7TR, STM32WB06CCF6TR, STM32WB06CCF7TR, STM32WB06CCV6TR, STM32WB06CCV7TR, STM32WB06KCV6TR, STM32WB06KCV7TR, STM32WB07CCF6TR, STM32WB07CCF7TR, STM32WB07CCV6TR, STM32WB07CCV7TR, STM32WB07KCV6TR, STM32WB07KCV7TR, STM32WB09KEV6TR, STM32WB09KEV7TR, STM32WB09TEF6TR, STM32WB09TEF7TR, STM32WB1MMCH6, STM32WBA50KGU6, STM32WBA50KGU6TR, STM32WBA52CEU6, STM32WBA52CEU6TR, STM32WBA52CEU7, STM32WBA52CEU7TR, STM32WBA52CGU6, STM32WBA52CGU6TR, STM32WBA52CGU6U, STM32WBA52CGU7, STM32WBA52CGU7TR, STM32WBA52KEU6, STM32WBA52KEU6TR, STM32WBA52KGU6, STM32WBA52KGU6TR, STM32WBA54CEU6, STM32WBA54CEU6TR, STM32WBA54CEU7, STM32WBA54CEU7TR, STM32WBA54CGU6, STM32WBA54CGU6TR, STM32WBA54CGU7, STM32WBA54CGU7TR, STM32WBA54KEU6, STM32WBA54KEU6TR, STM32WBA54KEU7, STM32WBA54KEU7TR, STM32WBA54KGU6, STM32WBA54KGU6TR, STM32WBA54KGU7, STM32WBA54KGU7TR, STM32WBA55CEU6, STM32WBA55CEU6TR, STM32WBA55CEU7, STM32WBA55CEU7TR, STM32WBA55CGU6, STM32WBA55CGU6TR, STM32WBA55CGU6U, STM32WBA55CGU7, STM32WBA55CGU7TR, STM32WBA55G-DK1, STM32WBA55HEF6, STM32WBA55HEF7, STM32WBA55HGF6, STM32WBA55HGF7, STM32WBA55UEI6, STM32WBA55UEI6TR, STM32WBA55UEI7, STM32WBA55UEI7TR, STM32WBA55UGI6, STM32WBA55UGI6TR, STM32WBA55UGI7, STM32WBA55UGI7TR, STM32WL5MOCH6, STM32WL5MOCH6TR]
2026-03-16 18:05:35,451 [ERROR] ServerAccessManage:1089 - Problem, file not found on Server
2026-03-16 18:05:35,658 [INFO] ServerAccessManage:473 - Download File STMicroelectronics.X-CUBE-ST60.pdsc
2026-03-16 18:05:35,875 [INFO] BoardInfo:889 - No configuration file found for board P-NUCLEO-WB55
2026-03-16 18:05:35,877 [INFO] DbBoards:161 - Kit is not supported: P-NUCLEO-WB55
2026-03-16 18:05:35,890 [INFO] BoardInfo:889 - No configuration file found for board STEVAL-BFA001V1B
2026-03-16 18:05:35,891 [INFO] DbBoards:161 - Kit is not supported: STEVAL-BFA001V1B
2026-03-16 18:05:35,894 [INFO] BoardInfo:889 - No configuration file found for board STEVAL-BFA001V2B
2026-03-16 18:05:35,895 [INFO] DbBoards:161 - Kit is not supported: STEVAL-BFA001V2B
2026-03-16 18:05:36,219 [INFO] DbBoards:168 - Found 201 boards, 198 are supported
2026-03-16 18:05:36,220 [INFO] DbBoards:169 - Found 201 boards, 25 of them is supported for  Bsp
2026-03-16 18:05:36,227 [INFO] ApiDb:668 - CubeFinder database Data Model version=2.1
2026-03-16 18:05:36,227 [INFO] ApiDb:669 - CubeFinder database Configuration version=3.0.39
2026-03-16 18:05:36,227 [INFO] ApiDb:670 - CubeFinder database generation date=2024-08-28 (1724861534)
2026-03-16 18:05:36,227 [INFO] ApiDb:671 - CubeFinder database FW Pack versions=[FP-ATR-ASTRA1_V2.0.0, FP-SNS-FLIGHT1_V5.0.2, FP-SNS-MOTENV1_V5.0.0, FP-SNS-MOTENVWB1_V1.4.0, FP-SNS-SMARTAG2_V1.2.0, FP-SNS-STBOX1_V2.0.0, STM32Cube_FW_C0_V1.2.0, STM32Cube_FW_F4_V1.28.0, STM32Cube_FW_F7_V1.17.2, STM32Cube_FW_G0_V1.6.2, STM32Cube_FW_G4_V1.6.0, STM32Cube_FW_H5_V1.3.0, STM32Cube_FW_H7RS_V1.1.0, STM32Cube_FW_H7_V1.11.2, STM32Cube_FW_L0_V1.12.2, STM32Cube_FW_L5_V1.5.1, STM32Cube_FW_U0_V1.1.0, STM32Cube_FW_U5_V1.6.0, STM32Cube_FW_WB0_V1.0.0, STM32Cube_FW_WBA_V1.4.1, STM32Cube_FW_WB_V1.20.0, STM32Cube_FW_WL_V1.3.0, X-CUBE-ALGOBUILD_V1.4.0, X-CUBE-ALS_V1.0.2, X-CUBE-AZRTOS-F4_V1.1.0, X-CUBE-AZRTOS-F7_V1.1.0, X-CUBE-AZRTOS-G0_V1.1.0, X-CUBE-AZRTOS-G4_V2.0.0, X-CUBE-AZRTOS-H7RS_V1.0.0, X-CUBE-AZRTOS-H7_V3.2.0, X-CUBE-AZRTOS-L4_V2.0.0, X-CUBE-AZRTOS-L5_V1.1.0, X-CUBE-AZRTOS-WB_V2.0.0, X-CUBE-AZRTOS-WL_V2.0.0, X-CUBE-BLE1_V7.0.0, X-CUBE-BLE2_V3.3.0, X-CUBE-BLEMGR_V3.1.0, X-CUBE-EEPRMA1_V5.1.0, X-CUBE-FREERTOS_V1.2.0, X-CUBE-GNSS1_V6.0.0, X-CUBE-MEMS1_V10.0.0, X-CUBE-NFC4_V3.0.0, X-CUBE-NFC7_V1.0.1, X-CUBE-SFXS2LP1_V4.0.0, X-CUBE-SUBG2_V5.0.0, X-CUBE-TOF1_V3.4.2]
2026-03-16 18:05:36,412 [INFO] ServerAccessManage:473 - Download File STMicroelectronics.X-CUBE-ST67W61.pdsc
2026-03-16 18:05:36,853 [INFO] ServerAccessManage:473 - Download File STMicroelectronics.X-CUBE-STSE01.pdsc
2026-03-16 18:05:37,844 [INFO] ServerAccessManage:473 - Download File STMicroelectronics.X-CUBE-PM33A1.pdsc
2026-03-16 18:05:38,616 [INFO] ServerAccessManage:473 - Download File STMicroelectronics.X-CUBE-TCPP.pdsc
2026-03-16 18:05:39,288 [INFO] ServerAccessManage:473 - Download File STMicroelectronics.X-CUBE-TOF1.pdsc
2026-03-16 18:05:42,325 [INFO] ApiDb:240 - Found 646 in-development CPN: [B-G473E-ZEST1S, B-WB1M-WPAN1, B-WL5M-SUBG1, NUCLEO-C031C6, NUCLEO-C071RB, NUCLEO-H503RB, NUCLEO-H533RE, NUCLEO-H563ZI, NUCLEO-H7S3L8, NUCLEO-U031R8, NUCLEO-U083RC, NUCLEO-U545RE-Q, NUCLEO-U5A5ZJ-Q, NUCLEO-WB05KZ, NUCLEO-WB07CC, NUCLEO-WB09KE, NUCLEO-WBA52CG, NUCLEO-WBA55CG, STEVAL-PROTEUS1, STEVAL-SMARTAG2, STEVAL-STWINBX1, STM320518-EVAL, STM32C0116-DK, STM32C011D6Y3TR, STM32C011D6Y6TR, STM32C011F4P3, STM32C011F4P6, STM32C011F4U3, STM32C011F4U6TR, STM32C011F6P3, STM32C011F6P6, STM32C011F6U3, STM32C011F6U6TR, STM32C011J4M3, STM32C011J4M6, STM32C011J6M3, STM32C011J6M6, STM32C0316-DK, STM32C031C4T3, STM32C031C4T6, STM32C031C4U3, STM32C031C4U6, STM32C031C6T3, STM32C031C6T6, STM32C031C6U3, STM32C031C6U6, STM32C031F4P3, STM32C031F4P6, STM32C031F6P3, STM32C031F6P6, STM32C031G4U3, STM32C031G4U6, STM32C031G6U3, STM32C031G6U6, STM32C031K4T3, STM32C031K4T6, STM32C031K4U3, STM32C031K4U6, STM32C031K6T3, STM32C031K6T6, STM32C031K6U3, STM32C031K6U6, STM32C071C8T6, STM32C071C8T6N, STM32C071C8U6, STM32C071C8U6N, STM32C071CBT6, STM32C071CBT6N, STM32C071CBU6, STM32C071CBU6N, STM32C071F8P6, STM32C071F8P6N, STM32C071FBP6, STM32C071FBP6N, STM32C071FBY6TR, STM32C071G8U6, STM32C071G8U6N, STM32C071GBU6, STM32C071GBU6N, STM32C071K8T6, STM32C071K8T6N, STM32C071K8U6, STM32C071K8U6N, STM32C071KBT6, STM32C071KBT6N, STM32C071KBU6, STM32C071KBU6N, STM32C071R8T6, STM32C071R8T6N, STM32C071RBI6N, STM32C071RBT6, STM32C071RBT6N, STM32G071K8TXN, STM32G071K8UXN, STM32G081GBU6N, STM32G081KBT6N, STM32G081KBUXN, STM32G0B1CCT6N, STM32G0B1KCT6, STM32G0B1NEY6TR, STM32G0B1RCT6N, STM32G0C1CCT6, STM32G0C1CCT6N, STM32G0C1CCU6N, STM32G0C1CET6N, STM32G0C1CEU6N, STM32G0C1KCT6, STM32G0C1NEY6TR, STM32G0C1RCI6N, STM32G0C1RCT6N, STM32G0C1REI6N, STM32G0C1RET6N, STM32G0C1VCI6, STM32G0C1VEI6, STM32G411C6T3, STM32G411C6T6, STM32G411C6U3, STM32G411C6U6, STM32G411C8T3, STM32G411C8T6, STM32G411C8U3, STM32G411C8U6, STM32G411CBT3, STM32G411CBT6, STM32G411CBU3, STM32G411CBU6, STM32G411K6T3, STM32G411K6T6, STM32G411K6U3, STM32G411K6U6, STM32G411K8T3, STM32G411K8T6, STM32G411K8U3, STM32G411K8U6, STM32G411KBT3, STM32G411KBT6, STM32G411KBU3, STM32G411KBU6, STM32G411M6T3, STM32G411M6T6, STM32G411M8T3, STM32G411M8T6, STM32G411MBT3, STM32G411MBT6, STM32G411R6T3, STM32G411R6T6, STM32G411R8T3, STM32G411R8T6, STM32G411RBT3, STM32G411RBT6, STM32G414CBT3, STM32G414CBT6, STM32G414CBU3, STM32G414CBU6, STM32G414CCT3, STM32G414CCT6, STM32G414CCU3, STM32G414CCU6, STM32G414MBT3, STM32G414MBT6, STM32G414MCT3, STM32G414MCT6, STM32G414RBT3, STM32G414RBT6, STM32G414RCT3, STM32G414RCT6, STM32G414VBT3, STM32G414VBT6, STM32G414VCT3, STM32G414VCT6, STM32G431CBT3Z, STM32G431RBT3Z, STM32G471CCT6, STM32G471CCU6, STM32G471CET3, STM32G471CET6, STM32G471CEU3, STM32G471CEU6, STM32G471MCT6, STM32G471MET3, STM32G471MET6, STM32G471MEY6TR, STM32G471QCT6, STM32G471QET3, STM32G471RCT6, STM32G471RET3, STM32G471RET6, STM32G471VCH6, STM32G471VCI6, STM32G471VCT6, STM32G471VEH3, STM32G471VEH6, STM32G471VEI3, STM32G471VEI6, STM32G471VET3, STM32G471VET6, STM32G473QET3Z, STM32G473RET3Z, STM32G474CCT6, STM32G491RET3Z, STM32H503CBT6, STM32H503CBU6, STM32H503EBY6TR, STM32H503KBU6, STM32H503RBT6, STM32H523CCT6, STM32H523CCU6, STM32H523CET6, STM32H523CEU6, STM32H523HEY6TR, STM32H523RCT6, STM32H523RET6, STM32H523VCI6, STM32H523VCT6, STM32H523VEI6, STM32H523VET6, STM32H523ZCJ6, STM32H523ZCT6, STM32H523ZEJ6, STM32H523ZET6, STM32H533CET6, STM32H533CEU6, STM32H533HEY6TR, STM32H533RET6, STM32H533VEI6, STM32H533VET6, STM32H533ZEJ6, STM32H533ZET6, STM32H562AGI6, STM32H562AII6, STM32H562IGK6, STM32H562IGT6, STM32H562IIK6, STM32H562IIT6, STM32H562RGT6, STM32H562RGV6, STM32H562RIT6, STM32H562RIV6, STM32H562VGT6, STM32H562VIT6, STM32H562ZGT6, STM32H562ZIT6, STM32H563AGI6, STM32H563AII3Q, STM32H563AII6, STM32H563IGK6, STM32H563IGT6, STM32H563IIK3Q, STM32H563IIK6, STM32H563IIT3Q, STM32H563IIT6, STM32H563MIY3QTR, STM32H563RGT6, STM32H563RGV6, STM32H563RIT6, STM32H563RIV6, STM32H563VGT6, STM32H563VIT3Q, STM32H563VIT6, STM32H563ZGT6, STM32H563ZIT3Q, STM32H563ZIT6, STM32H573AII3Q, STM32H573AII6, STM32H573I-DK, STM32H573IIK3Q, STM32H573IIK6, STM32H573IIT3Q, STM32H573IIT6, STM32H573MIY3QTR, STM32H573RIT6, STM32H573RIV6, STM32H573VIT3Q, STM32H573VIT6, STM32H573ZIT3Q, STM32H573ZIT6, STM32H7R3A8I6, STM32H7R3I8K6, STM32H7R3I8T6, STM32H7R3L8H6, STM32H7R3L8H6H, STM32H7R3R8V6, STM32H7R3V8H6, STM32H7R3V8T6, STM32H7R3V8Y6TR, STM32H7R3Z8J6, STM32H7R3Z8T6, STM32H7R7A8I6, STM32H7R7I8K6, STM32H7R7I8T6, STM32H7R7L8H6, STM32H7R7L8H6H, STM32H7R7Z8J6, STM32H7S3A8I6, STM32H7S3I8K6, STM32H7S3I8T6, STM32H7S3L8H6, STM32H7S3L8H6H, STM32H7S3R8V6, STM32H7S3V8H6, STM32H7S3V8T6, STM32H7S3V8Y6TR, STM32H7S3Z8J6, STM32H7S3Z8T6, STM32H7S78-DK, STM32H7S7A8I6, STM32H7S7I8K6, STM32H7S7I8T6, STM32H7S7L8H6, STM32H7S7L8H6H, STM32H7S7Z8J6, STM32L4R5QGI6STR, STM32MP131AAE3, STM32MP131AAF3, STM32MP131AAG3, STM32MP131CAE3, STM32MP131CAF3, STM32MP131CAG3, STM32MP131DAE7, STM32MP131DAF7, STM32MP131DAG7, STM32MP131FAE7, STM32MP131FAF7, STM32MP131FAG7, STM32MP133AAE3, STM32MP133AAF3, STM32MP133AAG3, STM32MP133CAE3, STM32MP133CAF3, STM32MP133CAG3, STM32MP133DAE7, STM32MP133DAF7, STM32MP133DAG7, STM32MP133FAE7, STM32MP133FAF7, STM32MP133FAG7, STM32MP135AAE3, STM32MP135AAF3, STM32MP135AAG3, STM32MP135CAE3, STM32MP135CAF3, STM32MP135CAG3, STM32MP135DAE7, STM32MP135DAF7, STM32MP135DAG7, STM32MP135F-DK, STM32MP135FAE7, STM32MP135FAF7, STM32MP135FAF7T, STM32MP135FAF7U, STM32MP135FAG7, STM32MP251AAI3, STM32MP251AAK3, STM32MP251AAL3, STM32MP251CAI3, STM32MP251CAK3, STM32MP251CAL3, STM32MP251DAI3, STM32MP251DAK3, STM32MP251DAL3, STM32MP251FAI3, STM32MP251FAK3, STM32MP251FAL3, STM32MP253AAI3, STM32MP253AAK3, STM32MP253AAL3, STM32MP253CAI3, STM32MP253CAK3, STM32MP253CAL3, STM32MP253DAI3, STM32MP253DAK3, STM32MP253DAL3, STM32MP253FAI3, STM32MP253FAK3, STM32MP253FAL3, STM32MP255AAI3, STM32MP255AAK3, STM32MP255AAL3, STM32MP255CAI3, STM32MP255CAK3, STM32MP255CAL3, STM32MP255DAI3, STM32MP255DAK3, STM32MP255DAL3, STM32MP255FAI3, STM32MP255FAK3, STM32MP255FAL3, STM32MP257AAI3, STM32MP257AAK3, STM32MP257AAL3, STM32MP257CAI3, STM32MP257CAK3, STM32MP257CAL3, STM32MP257DAI3, STM32MP257DAK3, STM32MP257DAL3, STM32MP257F-DK, STM32MP257F-EV1, STM32MP257FAI3, STM32MP257FAK3, STM32MP257FAL3, STM32U031C6T6, STM32U031C6U6, STM32U031C8T6, STM32U031C8U6, STM32U031F4P6, STM32U031F6P6, STM32U031F8P6, STM32U031G6Y6TR, STM32U031G8Y6TR, STM32U031K4U6, STM32U031K6U6, STM32U031K8U6, STM32U031R6I6, STM32U031R6T6, STM32U031R8I6, STM32U031R8T6, STM32U073C8T6, STM32U073C8U6, STM32U073CBT6, STM32U073CBU6, STM32U073CCT6, STM32U073CCU6, STM32U073H8Y6TR, STM32U073HBY6TR, STM32U073HCY6TR, STM32U073K8U6, STM32U073KBU6, STM32U073KCU6, STM32U073M8I6, STM32U073M8T6, STM32U073MBI6, STM32U073MBT6, STM32U073MCI6, STM32U073MCT6, STM32U073R8I6, STM32U073R8T6, STM32U073RBI6, STM32U073RBT6, STM32U073RCI6, STM32U073RCT6, STM32U083C-DK, STM32U083CCT6, STM32U083CCU6, STM32U083HCY6TR, STM32U083KCU6, STM32U083MCI6, STM32U083MCT6, STM32U083RCI6, STM32U083RCT6, STM32U535CBT6, STM32U535CBT6Q, STM32U535CBU6, STM32U535CBU6Q, STM32U535CCT6, STM32U535CCT6Q, STM32U535CCU6, STM32U535CCU6Q, STM32U535CET6, STM32U535CET6Q, STM32U535CEU6, STM32U535CEU6Q, STM32U535JEY6QTR, STM32U535NCY6QTR, STM32U535NEY6QTR, STM32U535RBI6, STM32U535RBI6Q, STM32U535RBT6, STM32U535RBT6Q, STM32U535RCI6, STM32U535RCI6Q, STM32U535RCT6, STM32U535RCT6Q, STM32U535REI6, STM32U535REI6Q, STM32U535RET6, STM32U535RET6Q, STM32U535VCI6, STM32U535VCI6Q, STM32U535VCT6, STM32U535VCT6Q, STM32U535VEI6, STM32U535VEI6Q, STM32U535VET6, STM32U535VET6Q, STM32U545CET6, STM32U545CET6Q, STM32U545CEU6, STM32U545CEU6Q, STM32U545JEY6QTR, STM32U545NEY6QTR, STM32U545REI6, STM32U545REI6Q, STM32U545RET6, STM32U545RET6Q, STM32U545VEI6, STM32U545VEI6Q, STM32U545VET6, STM32U545VET6Q, STM32U595AIH6, STM32U595AIH6Q, STM32U595AJH6, STM32U595AJH6Q, STM32U595QII6, STM32U595QII6Q, STM32U595QJI6, STM32U595QJI6Q, STM32U595RIT6, STM32U595RIT6Q, STM32U595RJT6, STM32U595RJT6Q, STM32U595VIT6, STM32U595VIT6Q, STM32U595VJT6, STM32U595VJT6Q, STM32U595ZIT6, STM32U595ZIT6Q, STM32U595ZIY6QTR, STM32U595ZJT6, STM32U595ZJT6Q, STM32U595ZJY6QTR, STM32U599BJY6QTR, STM32U599NIH6Q, STM32U599NJH6Q, STM32U599VIT6Q, STM32U599VJT6, STM32U599VJT6Q, STM32U599ZIT6Q, STM32U599ZIY6QTR, STM32U599ZJT6Q, STM32U599ZJY6QTR, STM32U5A5AJH6, STM32U5A5AJH6Q, STM32U5A5QII3Q , STM32U5A5QJI6, STM32U5A5QJI6Q, STM32U5A5RJT6, STM32U5A5RJT6Q, STM32U5A5VJT6, STM32U5A5VJT6Q, STM32U5A5ZJT6, STM32U5A5ZJT6Q, STM32U5A5ZJY6QTR, STM32U5A9BJY6QTR, STM32U5A9J-DK, STM32U5A9NJH6Q, STM32U5A9VJT6Q, STM32U5A9ZJT6Q, STM32U5A9ZJY6QTR, STM32U5F7VIT6, STM32U5F7VIT6Q, STM32U5F7VJT6, STM32U5F7VJT6Q, STM32U5F9BJY6QTR, STM32U5F9NJH6Q, STM32U5F9VIT6Q, STM32U5F9VJT6Q, STM32U5F9ZIJ6QTR, STM32U5F9ZIT6Q, STM32U5F9ZJJ6QTR, STM32U5F9ZJT6Q, STM32U5G7VJT6, STM32U5G7VJT6Q, STM32U5G9BJY6QTR, STM32U5G9J-DK1, STM32U5G9J-DK2, STM32U5G9NJH6Q, STM32U5G9VJT6Q, STM32U5G9ZJJ6QTR, STM32U5G9ZJT6Q, STM32WB05KZV6TR, STM32WB05KZV7TR, STM32WB05TZF6TR, STM32WB05TZF7TR, STM32WB06CCF6TR, STM32WB06CCF7TR, STM32WB06CCV6TR, STM32WB06CCV7TR, STM32WB06KCV6TR, STM32WB06KCV7TR, STM32WB07CCF6TR, STM32WB07CCF7TR, STM32WB07CCV6TR, STM32WB07CCV7TR, STM32WB07KCV6TR, STM32WB07KCV7TR, STM32WB09KEV6TR, STM32WB09KEV7TR, STM32WB09TEF6TR, STM32WB09TEF7TR, STM32WB1MMCH6, STM32WBA50KGU6, STM32WBA50KGU6TR, STM32WBA52CEU6, STM32WBA52CEU6TR, STM32WBA52CEU7, STM32WBA52CEU7TR, STM32WBA52CGU6, STM32WBA52CGU6TR, STM32WBA52CGU6U, STM32WBA52CGU7, STM32WBA52CGU7TR, STM32WBA52KEU6, STM32WBA52KEU6TR, STM32WBA52KGU6, STM32WBA52KGU6TR, STM32WBA54CEU6, STM32WBA54CEU6TR, STM32WBA54CEU7, STM32WBA54CEU7TR, STM32WBA54CGU6, STM32WBA54CGU6TR, STM32WBA54CGU7, STM32WBA54CGU7TR, STM32WBA54KEU6, STM32WBA54KEU6TR, STM32WBA54KEU7, STM32WBA54KEU7TR, STM32WBA54KGU6, STM32WBA54KGU6TR, STM32WBA54KGU7, STM32WBA54KGU7TR, STM32WBA55CEU6, STM32WBA55CEU6TR, STM32WBA55CEU7, STM32WBA55CEU7TR, STM32WBA55CGU6, STM32WBA55CGU6TR, STM32WBA55CGU6U, STM32WBA55CGU7, STM32WBA55CGU7TR, STM32WBA55G-DK1, STM32WBA55HEF6, STM32WBA55HEF7, STM32WBA55HGF6, STM32WBA55HGF7, STM32WBA55UEI6, STM32WBA55UEI6TR, STM32WBA55UEI7, STM32WBA55UEI7TR, STM32WBA55UGI6, STM32WBA55UGI6TR, STM32WBA55UGI7, STM32WBA55UGI7TR, STM32WL5MOCH6, STM32WL5MOCH6TR]
2026-03-16 18:05:42,338 [INFO] DbMcus:218 - Found 4252 MCUs, 4252 are supported
2026-03-16 18:05:42,341 [INFO] ApiDb:414 - User favorites file not found: C:\Users\DELL/.stm32cubeide/favorites.mcus.txt
2026-03-16 18:05:42,342 [INFO] DbMcus:224 - Set 0 / 0 favorites MCUs
2026-03-16 18:05:42,661 [ERROR] ServerAccessManage:1089 - Problem, file not found on Server
2026-03-16 18:05:43,196 [INFO] ApiDb:414 - User favorites file not found: C:\Users\DELL/.stm32cubeide/favorites.boards.txt
2026-03-16 18:05:43,259 [INFO] DbBoards:198 - Set 0 / 0 favorites Boards
2026-03-16 18:05:43,260 [INFO] McuFinderGlobals:76 - Set McuFinderConnectedMode to true
2026-03-16 18:05:43,301 [INFO] MultiScanPanel:200 - Auto-refresh data requested => check proxy status ongoing
2026-03-16 18:05:43,309 [INFO] FinderPluginLoader:95 - Searching for filters in installed packs
2026-03-16 18:05:43,422 [INFO] ServerAccessManage:473 - Download File STMicroelectronics.X-CUBE-TOUCHGFX.pdsc
2026-03-16 18:05:48,441 [ERROR] WebUtils:396 - Updater is busy
2026-03-16 18:05:48,442 [WARN] DetailPanel:346 - Failed to get advertising image, set to default
2026-03-16 18:05:49,299 [INFO] WebApp:167 - Instantiating new browser for Auth
2026-03-16 18:05:49,567 [INFO] ServerAccessManage:473 - Download File STMicroelectronics.X-CUBE-ALGOBUILD.pdsc
2026-03-16 18:05:51,305 [INFO] ServerAccessManage:473 - Download File STMicroelectronics.X-CUBE-AZRTOS-H7.pdsc
2026-03-16 18:05:54,238 [INFO] WebApp:448 - Apply proxy settings
2026-03-16 18:05:54,240 [INFO] WebApp:533 - Chromium requires no authentication
2026-03-16 18:05:54,313 [INFO] WebApp:476 - Direct internet connection detected
2026-03-16 18:05:54,488 [INFO] WebApp:869 - Register for checkConnection events
2026-03-16 18:05:54,489 [INFO] WebApp:448 - Apply proxy settings
2026-03-16 18:05:54,490 [INFO] WebApp:533 - Chromium requires no authentication
2026-03-16 18:05:54,491 [INFO] WebApp:476 - Direct internet connection detected
2026-03-16 18:05:54,846 [INFO] ServerAccessManage:473 - Download File STMicroelectronics.X-CUBE-AZRTOS-H7RS.pdsc
2026-03-16 18:05:55,312 [INFO] WebApp:220 - Starting web application
2026-03-16 18:05:55,313 [INFO] WebApp:578 - Web application path used E:\App Download\ST\STM32CubeIDE_1.16.1\STM32CubeIDE\plugins\com.st.stm32cube.common.mx_6.12.1.202409122256\db\plugins\mcufinder\reactClient1\index.html
2026-03-16 18:05:56,098 [INFO] WebApp:186 - Connection restablished
2026-03-16 18:05:57,891 [INFO] ServerAccessManage:473 - Download File STMicroelectronics.X-CUBE-AZRTOS-F4.pdsc
2026-03-16 18:06:01,076 [INFO] ServerAccessManage:473 - Download File STMicroelectronics.X-CUBE-AZRTOS-F7.pdsc
2026-03-16 18:06:03,017 [INFO] ServerAccessManage:473 - Download File STMicroelectronics.X-CUBE-AZRTOS-L4.pdsc
2026-03-16 18:06:05,572 [INFO] ServerAccessManage:473 - Download File STMicroelectronics.X-CUBE-AZRTOS-L5.pdsc
2026-03-16 18:06:07,413 [INFO] ServerAccessManage:473 - Download File STMicroelectronics.X-CUBE-AZRTOS-G0.pdsc
2026-03-16 18:06:09,234 [INFO] ServerAccessManage:473 - Download File STMicroelectronics.X-CUBE-AZRTOS-G4.pdsc
2026-03-16 18:06:10,656 [INFO] ServerAccessManage:473 - Download File STMicroelectronics.X-CUBE-AZRTOS-WB.pdsc
2026-03-16 18:06:12,278 [INFO] ServerAccessManage:473 - Download File STMicroelectronics.X-CUBE-AZRTOS-WL.pdsc
2026-03-16 18:06:13,407 [INFO] ServerAccessManage:473 - Download File STMicroelectronics.X-CUBE-WB05N.pdsc
2026-03-16 18:06:15,958 [INFO] ServerAccessManage:473 - Download File wolfSSL.I-CUBE-wolfSSL.pdsc
2026-03-16 18:06:31,036 [ERROR] ServerAccessManage:1089 - Problem, file not found on Server
2026-03-16 18:06:31,463 [ERROR] ServerAccessManage:1089 - Problem, file not found on Server
2026-03-16 18:06:31,975 [ERROR] ServerAccessManage:1089 - Problem, file not found on Server
2026-03-16 18:06:32,298 [INFO] ServerAccessManage:473 - Download File wolfSSL.I-CUBE-wolfMQTT.pdsc
2026-03-16 18:06:35,564 [ERROR] ServerAccessManage:1089 - Problem, file not found on Server
2026-03-16 18:06:35,875 [INFO] ServerAccessManage:473 - Download File wolfSSL.I-CUBE-wolfTPM.pdsc
2026-03-16 18:06:39,386 [INFO] ServerAccessManage:473 - Download File wolfSSL.I-CUBE-wolfSSH.pdsc
2026-03-16 18:06:44,435 [INFO] ServerAccessManage:473 - Download File RealThread.X-CUBE-RT-Thread_Nano.pdsc
2026-03-16 18:06:45,896 [INFO] ServerAccessManage:473 - Download File SEGGER.I-CUBE-embOS.pdsc
2026-03-16 18:06:50,186 [INFO] ServerAccessManage:473 - Download File emotas.I-CUBE-CANOPEN.pdsc
2026-03-16 18:06:53,373 [INFO] ServerAccessManage:473 - Download File WES.I-CUBE-Cesium.pdsc
2026-03-16 18:06:55,006 [ERROR] ServerAccessManage:1089 - Problem, file not found on Server
2026-03-16 18:06:55,420 [ERROR] ServerAccessManage:1089 - Problem, file not found on Server
2026-03-16 18:06:57,429 [INFO] ServerAccessManage:473 - Download File ITTIA_DB.I-CUBE-ITTIADB.pdsc
2026-03-16 18:07:08,524 [INFO] ServerAccessManage:473 - Download File Infineon.AIROC-Wi-Fi-Bluetooth-STM32.pdsc
2026-03-16 18:07:25,010 [INFO] ServerAccessManage:473 - Download File Cesanta.I-CUBE-Mongoose.pdsc
2026-03-16 18:07:33,319 [INFO] ServerAccessManage:473 - Download File EmbeddedOffice.I-CUBE-FS-RTOS.pdsc
2026-03-16 18:07:36,607 [INFO] ServerAccessManage:473 - Download File quantropi.X-CUBE-qispace-sdk-base.pdsc
2026-03-16 18:07:38,645 [INFO] ServerAccessManage:473 - Download File Avnet-IOTCONNECT.X-CUBE-iotc-st67-sdk.pdsc
2026-03-16 18:07:39,375 [WARN] CheckServerUpdateThread:151 - Open CheckUpdateFile Fail
2026-03-16 18:07:39,408 [WARN] PackLoader:240 - Cannot read IP mode file for STMicroelectronics.FP-ATR-ASTRA1.2.0.2
2026-03-16 18:07:39,437 [WARN] PackLoader:240 - Cannot read IP mode file for STMicroelectronics.FP-ATR-SIGFOX1.3.2.0
2026-03-16 18:07:39,454 [WARN] PopulateThirdPartyThread:106 - Error when creating pack: C:/Users/DELL/.stm32cubemx/thirdparties/pdsc/STMicroelectronics.FP-SNS-STBOX1.pdsc
2026-03-16 18:07:39,462 [WARN] PopulateThirdPartyThread:106 - Error when creating pack: C:/Users/DELL/.stm32cubemx/thirdparties/pdsc/STMicroelectronics.FP-SNS-FLIGHT1.pdsc
2026-03-16 18:07:39,470 [WARN] PopulateThirdPartyThread:106 - Error when creating pack: C:/Users/DELL/.stm32cubemx/thirdparties/pdsc/STMicroelectronics.FP-SNS-MOTENV1.pdsc
2026-03-16 18:07:39,486 [WARN] PopulateThirdPartyThread:106 - Error when creating pack: C:/Users/DELL/.stm32cubemx/thirdparties/pdsc/STMicroelectronics.FP-SNS-MOTENVWB1.pdsc
2026-03-16 18:07:39,499 [WARN] PackLoader:240 - Cannot read IP mode file for STMicroelectronics.FP-SNS-SMARTAG2.1.2.0
2026-03-16 18:07:39,508 [WARN] PopulateThirdPartyThread:106 - Error when creating pack: C:/Users/DELL/.stm32cubemx/thirdparties/pdsc/STMicroelectronics.FP-SNS-STAIOTCFT.pdsc
2026-03-16 18:07:39,525 [WARN] PackLoader:240 - Cannot read IP mode file for STMicroelectronics.X-CUBE-AI.10.2.0
2026-03-16 18:07:39,543 [WARN] PackLoader:240 - Cannot read IP mode file for STMicroelectronics.X-CUBE-ALS.1.0.2
2026-03-16 18:07:39,583 [WARN] PackLoader:240 - Cannot read IP mode file for STMicroelectronics.X-CUBE-BLE1.7.1.0
2026-03-16 18:07:39,605 [WARN] PackLoader:240 - Cannot read IP mode file for STMicroelectronics.X-CUBE-BLE2.3.3.0
2026-03-16 18:07:39,608 [INFO] CheckServerUpdateThread:120 - End of CheckServer Thread
2026-03-16 18:07:39,619 [WARN] PopulateThirdPartyThread:106 - Error when creating pack: C:/Users/DELL/.stm32cubemx/thirdparties/pdsc/STMicroelectronics.X-CUBE-BLEMGR.pdsc
2026-03-16 18:07:39,656 [WARN] PackLoader:240 - Cannot read IP mode file for STMicroelectronics.X-CUBE-DISPLAY.3.0.0
2026-03-16 18:07:39,703 [WARN] PackLoader:240 - Cannot read IP mode file for STMicroelectronics.X-CUBE-DPower.1.3.0
2026-03-16 18:07:39,739 [WARN] PackLoader:240 - Cannot read IP mode file for STMicroelectronics.X-CUBE-EEPRMA1.5.2.0
2026-03-16 18:07:39,756 [WARN] PopulateThirdPartyThread:106 - Error when creating pack: C:/Users/DELL/.stm32cubemx/thirdparties/pdsc/STMicroelectronics.X-CUBE-FREERTOS.pdsc
2026-03-16 18:07:39,779 [WARN] PackLoader:240 - Cannot read IP mode file for STMicroelectronics.X-CUBE-GNSS1.7.1.0
2026-03-16 18:07:39,805 [WARN] PackLoader:240 - Cannot read IP mode file for STMicroelectronics.X-CUBE-ISPU.2.1.0
2026-03-16 18:07:39,824 [WARN] PopulateThirdPartyThread:106 - Error when creating pack: C:/Users/DELL/.stm32cubemx/thirdparties/pdsc/STMicroelectronics.X-CUBE-IPS.pdsc
2026-03-16 18:07:39,977 [WARN] PackLoader:240 - Cannot read IP mode file for STMicroelectronics.X-CUBE-MEMS1.12.0.0
2026-03-16 18:07:40,281 [WARN] PackLoader:240 - Cannot read IP mode file for STMicroelectronics.X-CUBE-NFC4.3.0.0
2026-03-16 18:07:40,315 [WARN] PackLoader:240 - Cannot read IP mode file for STMicroelectronics.X-CUBE-NFC6.3.2.0
2026-03-16 18:07:40,346 [WARN] PackLoader:240 - Cannot read IP mode file for STMicroelectronics.X-CUBE-NFC7.2.0.0
2026-03-16 18:07:40,374 [WARN] PackLoader:240 - Cannot read IP mode file for STMicroelectronics.X-CUBE-NFC9.1.0.0
2026-03-16 18:07:40,408 [WARN] PackLoader:240 - Cannot read IP mode file for STMicroelectronics.X-CUBE-NFC10.1.0.0
2026-03-16 18:07:40,440 [WARN] PackLoader:240 - Cannot read IP mode file for STMicroelectronics.X-CUBE-NFC12.1.0.0
2026-03-16 18:07:40,475 [WARN] PackLoader:240 - Cannot read IP mode file for STMicroelectronics.X-CUBE-SFXS2LP1.4.0.0
2026-03-16 18:07:40,517 [WARN] PackLoader:240 - Cannot read IP mode file for STMicroelectronics.X-CUBE-SUBG2.5.0.0
2026-03-16 18:07:40,553 [WARN] PackLoader:240 - Cannot read IP mode file for STMicroelectronics.X-CUBE-SMBUS.2.1.0
2026-03-16 18:07:40,561 [WARN] PopulateThirdPartyThread:106 - Error when creating pack: C:/Users/DELL/.stm32cubemx/thirdparties/pdsc/STMicroelectronics.X-CUBE-ST60.pdsc
2026-03-16 18:07:40,573 [WARN] PopulateThirdPartyThread:106 - Error when creating pack: C:/Users/DELL/.stm32cubemx/thirdparties/pdsc/STMicroelectronics.X-CUBE-ST67W61.pdsc
2026-03-16 18:07:40,598 [WARN] PackLoader:240 - Cannot read IP mode file for STMicroelectronics.X-CUBE-STSE01.2.0.0
2026-03-16 18:07:40,623 [WARN] PackLoader:240 - Cannot read IP mode file for STMicroelectronics.X-CUBE-PM33A1.1.0.0
2026-03-16 18:07:40,635 [WARN] PopulateThirdPartyThread:106 - Error when creating pack: C:/Users/DELL/.stm32cubemx/thirdparties/pdsc/STMicroelectronics.X-CUBE-TCPP.pdsc
2026-03-16 18:07:40,650 [WARN] PopulateThirdPartyThread:106 - Error when creating pack: C:/Users/DELL/.stm32cubemx/thirdparties/pdsc/STMicroelectronics.X-CUBE-TOF1.pdsc
2026-03-16 18:07:40,667 [WARN] PackLoader:240 - Cannot read IP mode file for STMicroelectronics.X-CUBE-TOUCHGFX.4.26.1
2026-03-16 18:07:40,694 [WARN] PackLoader:240 - Cannot read IP mode file for STMicroelectronics.X-CUBE-ALGOBUILD.1.4.0
2026-03-16 18:07:40,791 [WARN] PackLoader:240 - Cannot read IP mode file for STMicroelectronics.X-CUBE-AZRTOS-H7.3.5.0
2026-03-16 18:07:40,880 [WARN] PackLoader:240 - Cannot read IP mode file for STMicroelectronics.X-CUBE-AZRTOS-H7RS.1.2.0
2026-03-16 18:07:40,939 [WARN] PackLoader:240 - Cannot read IP mode file for STMicroelectronics.X-CUBE-AZRTOS-F4.1.1.0
2026-03-16 18:07:41,000 [WARN] PackLoader:240 - Cannot read IP mode file for STMicroelectronics.X-CUBE-AZRTOS-F7.1.1.0
2026-03-16 18:07:41,068 [WARN] ConditionMgr:438 - getConditionDescription Invalid condition id : LAN8742 Phy interface Condition cause : null
2026-03-16 18:07:41,071 [WARN] PackLoader:240 - Cannot read IP mode file for STMicroelectronics.X-CUBE-AZRTOS-L4.2.0.0
2026-03-16 18:07:41,075 [WARN] ConditionMgr:1039 - genDependencies : Invalid condition id : LAN8742 Phy interface Condition cause : null
2026-03-16 18:07:41,077 [WARN] ConditionMgr:1039 - genDependencies : Invalid condition id : LAN8742 Phy interface Condition cause : null
2026-03-16 18:07:41,079 [WARN] ConditionMgr:1039 - genDependencies : Invalid condition id : LAN8742 Phy interface Condition cause : null
2026-03-16 18:07:41,132 [WARN] PackLoader:240 - Cannot read IP mode file for STMicroelectronics.X-CUBE-AZRTOS-L5.2.0.0
2026-03-16 18:07:41,189 [WARN] PackLoader:240 - Cannot read IP mode file for STMicroelectronics.X-CUBE-AZRTOS-G0.1.1.0
2026-03-16 18:07:41,237 [WARN] PackLoader:240 - Cannot read IP mode file for STMicroelectronics.X-CUBE-AZRTOS-G4.2.0.0
2026-03-16 18:07:41,280 [WARN] ConditionMgr:438 - getConditionDescription Invalid condition id : UX DEVICE CLASS RTOS Condition cause : null
2026-03-16 18:07:41,281 [WARN] ConditionMgr:438 - getConditionDescription Invalid condition id : UX DEVICE CLASS RTOS Condition cause : null
2026-03-16 18:07:41,287 [WARN] PackLoader:240 - Cannot read IP mode file for STMicroelectronics.X-CUBE-AZRTOS-WB.2.0.0
2026-03-16 18:07:41,289 [WARN] ConditionMgr:1039 - genDependencies : Invalid condition id : UX DEVICE CLASS RTOS Condition cause : null
2026-03-16 18:07:41,290 [WARN] ConditionMgr:1039 - genDependencies : Invalid condition id : UX DEVICE CLASS RTOS Condition cause : null
2026-03-16 18:07:41,292 [WARN] ConditionMgr:1039 - genDependencies : Invalid condition id : UX DEVICE CLASS RTOS Condition cause : null
2026-03-16 18:07:41,294 [WARN] ConditionMgr:1039 - genDependencies : Invalid condition id : UX DEVICE CLASS RTOS Condition cause : null
2026-03-16 18:07:41,294 [WARN] ConditionMgr:1039 - genDependencies : Invalid condition id : UX DEVICE CLASS RTOS Condition cause : null
2026-03-16 18:07:41,328 [INFO] LogOutputStream:77 - [STDOUT_REDIRECT] 1 : Invalid condition id : UX_CORESTACK_Condition cause : null
2026-03-16 18:07:41,330 [INFO] LogOutputStream:77 - [STDOUT_REDIRECT] 1 : Invalid condition id : UX_CORESTACK_Condition cause : null
2026-03-16 18:07:41,335 [INFO] LogOutputStream:77 - [STDOUT_REDIRECT] 1 : Invalid condition id : UX_CORESTACK_Condition cause : null
2026-03-16 18:07:41,340 [INFO] LogOutputStream:77 - [STDOUT_REDIRECT] 1 : Invalid condition id : UX_CORESTACK_Condition cause : null
2026-03-16 18:07:41,344 [INFO] LogOutputStream:77 - [STDOUT_REDIRECT] 1 : Invalid condition id : UX_CORESTACK_Condition cause : null
2026-03-16 18:07:41,353 [WARN] PackLoader:240 - Cannot read IP mode file for STMicroelectronics.X-CUBE-AZRTOS-WL.2.0.0
2026-03-16 18:07:41,377 [WARN] PackLoader:240 - Cannot read IP mode file for STMicroelectronics.X-CUBE-WB05N.2.0.0
2026-03-16 18:07:41,405 [WARN] PackLoader:240 - Cannot read IP mode file for wolfSSL.I-CUBE-wolfSSL.5.8.4
2026-03-16 18:07:41,421 [WARN] PackLoader:240 - Cannot read IP mode file for wolfSSL.I-CUBE-wolfMQTT.1.19.2
2026-03-16 18:07:41,442 [WARN] PackLoader:240 - Cannot read IP mode file for wolfSSL.I-CUBE-wolfTPM.3.8.0
2026-03-16 18:07:41,460 [WARN] PackLoader:240 - Cannot read IP mode file for wolfSSL.I-CUBE-wolfSSH.1.4.20
2026-03-16 18:07:41,486 [WARN] PackLoader:240 - Cannot read IP mode file for RealThread.X-CUBE-RT-Thread_Nano.4.1.1
2026-03-16 18:07:41,562 [WARN] PackLoader:240 - Cannot read IP mode file for SEGGER.I-CUBE-embOS.1.3.1
2026-03-16 18:07:41,671 [WARN] PackLoader:240 - Cannot read IP mode file for emotas.I-CUBE-CANOPEN.1.3.0
2026-03-16 18:07:41,679 [WARN] PopulateThirdPartyThread:106 - Error when creating pack: C:/Users/DELL/.stm32cubemx/thirdparties/pdsc/WES.I-CUBE-Cesium.pdsc
2026-03-16 18:07:41,699 [WARN] PackLoader:240 - Cannot read IP mode file for ITTIA_DB.I-CUBE-ITTIADB.8.9.0
2026-03-16 18:07:41,754 [WARN] PackLoader:240 - Cannot read IP mode file for Infineon.AIROC-Wi-Fi-Bluetooth-STM32.1.8.0
2026-03-16 18:07:41,766 [WARN] PopulateThirdPartyThread:106 - Error when creating pack: C:/Users/DELL/.stm32cubemx/thirdparties/pdsc/Cesanta.I-CUBE-Mongoose.pdsc
2026-03-16 18:07:41,815 [WARN] PackLoader:240 - Cannot read IP mode file for EmbeddedOffice.I-CUBE-FS-RTOS.1.0.1
2026-03-16 18:07:41,816 [ERROR] ConditionMgr:805 - Attr not supported : Dmpu
2026-03-16 18:07:41,817 [ERROR] ConditionMgr:805 - Attr not supported : Dmpu
2026-03-16 18:07:41,817 [ERROR] ConditionMgr:805 - Attr not supported : Dmpu
2026-03-16 18:07:41,817 [ERROR] ConditionMgr:805 - Attr not supported : Dmpu
2026-03-16 18:07:41,818 [ERROR] ConditionMgr:805 - Attr not supported : Dmpu
2026-03-16 18:07:41,818 [ERROR] ConditionMgr:805 - Attr not supported : Dmpu
2026-03-16 18:07:41,818 [ERROR] ConditionMgr:805 - Attr not supported : Dmpu
2026-03-16 18:07:41,818 [ERROR] ConditionMgr:805 - Attr not supported : Dmpu
2026-03-16 18:07:41,818 [ERROR] ConditionMgr:805 - Attr not supported : Dmpu
2026-03-16 18:07:41,818 [ERROR] ConditionMgr:805 - Attr not supported : Dmpu
2026-03-16 18:07:41,820 [ERROR] ConditionMgr:805 - Attr not supported : Dmpu
2026-03-16 18:07:41,820 [ERROR] ConditionMgr:805 - Attr not supported : Dmpu
2026-03-16 18:07:41,820 [ERROR] ConditionMgr:805 - Attr not supported : Dmpu
2026-03-16 18:07:41,820 [ERROR] ConditionMgr:805 - Attr not supported : Dmpu
2026-03-16 18:07:41,820 [ERROR] ConditionMgr:805 - Attr not supported : Dmpu
2026-03-16 18:07:41,820 [ERROR] ConditionMgr:805 - Attr not supported : Dmpu
2026-03-16 18:07:41,820 [ERROR] ConditionMgr:805 - Attr not supported : Dmpu
2026-03-16 18:07:41,820 [ERROR] ConditionMgr:805 - Attr not supported : Dmpu
2026-03-16 18:07:41,820 [ERROR] ConditionMgr:805 - Attr not supported : Dmpu
2026-03-16 18:07:41,821 [ERROR] ConditionMgr:805 - Attr not supported : Dmpu
2026-03-16 18:07:41,821 [ERROR] ConditionMgr:805 - Attr not supported : Dmpu
2026-03-16 18:07:41,821 [ERROR] ConditionMgr:805 - Attr not supported : Dmpu
2026-03-16 18:07:41,821 [ERROR] ConditionMgr:805 - Attr not supported : Dmpu
2026-03-16 18:07:41,821 [ERROR] ConditionMgr:805 - Attr not supported : Dmpu
2026-03-16 18:07:41,821 [ERROR] ConditionMgr:805 - Attr not supported : Dmpu
2026-03-16 18:07:41,822 [ERROR] ConditionMgr:805 - Attr not supported : Dmpu
2026-03-16 18:07:41,822 [ERROR] ConditionMgr:805 - Attr not supported : Dmpu
2026-03-16 18:07:41,822 [ERROR] ConditionMgr:805 - Attr not supported : Dmpu
2026-03-16 18:07:41,822 [ERROR] ConditionMgr:805 - Attr not supported : Dmpu
2026-03-16 18:07:41,822 [ERROR] ConditionMgr:805 - Attr not supported : Dmpu
2026-03-16 18:07:41,823 [ERROR] ConditionMgr:805 - Attr not supported : Dmpu
2026-03-16 18:07:41,823 [ERROR] ConditionMgr:805 - Attr not supported : Dmpu
2026-03-16 18:07:41,823 [ERROR] ConditionMgr:805 - Attr not supported : Dmpu
2026-03-16 18:07:41,823 [ERROR] ConditionMgr:805 - Attr not supported : Dmpu
2026-03-16 18:07:41,823 [ERROR] ConditionMgr:805 - Attr not supported : Dmpu
2026-03-16 18:07:41,823 [ERROR] ConditionMgr:805 - Attr not supported : Dmpu
2026-03-16 18:07:41,824 [ERROR] ConditionMgr:805 - Attr not supported : Dmpu
2026-03-16 18:07:41,824 [ERROR] ConditionMgr:805 - Attr not supported : Dmpu
2026-03-16 18:07:41,824 [ERROR] ConditionMgr:805 - Attr not supported : Dmpu
2026-03-16 18:07:41,824 [ERROR] ConditionMgr:805 - Attr not supported : Dmpu
2026-03-16 18:07:41,825 [ERROR] ConditionMgr:805 - Attr not supported : Dmpu
2026-03-16 18:07:41,825 [ERROR] ConditionMgr:805 - Attr not supported : Dmpu
2026-03-16 18:07:41,825 [ERROR] ConditionMgr:805 - Attr not supported : Dmpu
2026-03-16 18:07:41,825 [ERROR] ConditionMgr:805 - Attr not supported : Dmpu
2026-03-16 18:07:41,825 [ERROR] ConditionMgr:805 - Attr not supported : Dmpu
2026-03-16 18:07:41,826 [ERROR] ConditionMgr:805 - Attr not supported : Dmpu
2026-03-16 18:07:41,826 [ERROR] ConditionMgr:805 - Attr not supported : Dmpu
2026-03-16 18:07:41,826 [ERROR] ConditionMgr:805 - Attr not supported : Dmpu
2026-03-16 18:07:41,826 [ERROR] ConditionMgr:805 - Attr not supported : Dmpu
2026-03-16 18:07:41,826 [ERROR] ConditionMgr:805 - Attr not supported : Dmpu
2026-03-16 18:07:41,827 [ERROR] ConditionMgr:805 - Attr not supported : Dmpu
2026-03-16 18:07:41,827 [ERROR] ConditionMgr:805 - Attr not supported : Dmpu
2026-03-16 18:07:41,827 [ERROR] ConditionMgr:805 - Attr not supported : Dmpu
2026-03-16 18:07:41,827 [ERROR] ConditionMgr:805 - Attr not supported : Dmpu
2026-03-16 18:07:41,828 [ERROR] ConditionMgr:805 - Attr not supported : Dmpu
2026-03-16 18:07:41,829 [ERROR] ConditionMgr:805 - Attr not supported : Dmpu
2026-03-16 18:07:41,829 [ERROR] ConditionMgr:805 - Attr not supported : Dmpu
2026-03-16 18:07:41,829 [ERROR] ConditionMgr:805 - Attr not supported : Dmpu
2026-03-16 18:07:41,830 [ERROR] ConditionMgr:805 - Attr not supported : Dmpu
2026-03-16 18:07:41,830 [ERROR] ConditionMgr:805 - Attr not supported : Dmpu
2026-03-16 18:07:41,830 [ERROR] ConditionMgr:805 - Attr not supported : Dmpu
2026-03-16 18:07:41,830 [ERROR] ConditionMgr:805 - Attr not supported : Dmpu
2026-03-16 18:07:41,830 [ERROR] ConditionMgr:805 - Attr not supported : Dmpu
2026-03-16 18:07:41,831 [ERROR] ConditionMgr:805 - Attr not supported : Dmpu
2026-03-16 18:07:41,851 [WARN] ConditionMgr:438 - getConditionDescription Invalid condition id : Cortex-A Device cause : null
2026-03-16 18:07:41,907 [WARN] ConditionMgr:1039 - genDependencies : Invalid condition id : Cortex-A Device cause : null
2026-03-16 18:07:41,908 [WARN] ConditionMgr:1039 - genDependencies : Invalid condition id : Cortex-A Device cause : null
2026-03-16 18:07:41,909 [WARN] ConditionMgr:1039 - genDependencies : Invalid condition id : Cortex-A Device cause : null
2026-03-16 18:07:41,914 [WARN] PopulateThirdPartyThread:106 - Error when creating pack: C:/Users/DELL/.stm32cubemx/thirdparties/pdsc/Avnet-IOTCONNECT.X-CUBE-iotc-st67-sdk.pdsc
2026-03-16 18:07:41,915 [INFO] PopulateThirdPartyThread:66 - Ending populate Thread
2026-03-16 18:07:41,926 [INFO] ThirdParty:1030 - CMSIS Pack Vendor :wolfSSL I-CUBE-wolfTPM 3.8.0
2026-03-16 18:07:41,927 [INFO] ThirdParty:1030 - CMSIS Pack Vendor :STMicroelectronics X-CUBE-AZRTOS-H7 3.5.0
2026-03-16 18:07:41,929 [INFO] ThirdParty:1030 - CMSIS Pack Vendor :STMicroelectronics X-CUBE-PM33A1 1.0.0
2026-03-16 18:07:41,930 [INFO] ThirdParty:1030 - CMSIS Pack Vendor :STMicroelectronics X-CUBE-DISPLAY 3.0.0
2026-03-16 18:07:41,931 [INFO] ThirdParty:1030 - CMSIS Pack Vendor :STMicroelectronics X-CUBE-NFC9 1.0.0
2026-03-16 18:07:41,932 [INFO] ThirdParty:1030 - CMSIS Pack Vendor :wolfSSL I-CUBE-wolfSSH 1.4.20
2026-03-16 18:07:41,933 [INFO] ThirdParty:1030 - CMSIS Pack Vendor :STMicroelectronics X-CUBE-NFC7 2.0.0
2026-03-16 18:07:41,933 [INFO] ThirdParty:1030 - CMSIS Pack Vendor :RealThread X-CUBE-RT-Thread_Nano 4.1.1
2026-03-16 18:07:41,934 [INFO] ThirdParty:1030 - CMSIS Pack Vendor :STMicroelectronics X-CUBE-AZRTOS-F4 1.1.0
2026-03-16 18:07:41,934 [INFO] ThirdParty:1030 - CMSIS Pack Vendor :STMicroelectronics FP-ATR-ASTRA1 2.0.2
2026-03-16 18:07:41,934 [INFO] ThirdParty:1030 - CMSIS Pack Vendor :STMicroelectronics FP-ATR-SIGFOX1 3.2.0
2026-03-16 18:07:41,935 [INFO] ThirdParty:1030 - CMSIS Pack Vendor :STMicroelectronics X-CUBE-BLE1 7.1.0
2026-03-16 18:07:41,935 [INFO] ThirdParty:1030 - CMSIS Pack Vendor :STMicroelectronics X-CUBE-NFC10 1.0.0
2026-03-16 18:07:41,935 [INFO] ThirdParty:1030 - CMSIS Pack Vendor :STMicroelectronics X-CUBE-SMBUS 2.1.0
2026-03-16 18:07:41,935 [INFO] ThirdParty:1030 - CMSIS Pack Vendor :wolfSSL I-CUBE-wolfMQTT 1.19.2
2026-03-16 18:07:41,935 [INFO] ThirdParty:1030 - CMSIS Pack Vendor :STMicroelectronics X-CUBE-ISPU 2.1.0
2026-03-16 18:07:41,936 [INFO] ThirdParty:1030 - CMSIS Pack Vendor :STMicroelectronics X-CUBE-EEPRMA1 5.2.0
2026-03-16 18:07:41,936 [INFO] ThirdParty:1030 - CMSIS Pack Vendor :STMicroelectronics X-CUBE-ALS 1.0.2
2026-03-16 18:07:41,936 [INFO] ThirdParty:1030 - CMSIS Pack Vendor :STMicroelectronics X-CUBE-AZRTOS-WB 2.0.0
2026-03-16 18:07:41,937 [INFO] ThirdParty:1030 - CMSIS Pack Vendor :emotas I-CUBE-CANOPEN 1.3.0
2026-03-16 18:07:41,937 [INFO] ThirdParty:1030 - CMSIS Pack Vendor :wolfSSL I-CUBE-wolfSSL 5.8.4
2026-03-16 18:07:41,937 [INFO] ThirdParty:1030 - CMSIS Pack Vendor :STMicroelectronics X-CUBE-GNSS1 7.1.0
2026-03-16 18:07:41,938 [INFO] ThirdParty:1030 - CMSIS Pack Vendor :ITTIA_DB I-CUBE-ITTIADB 8.9.0
2026-03-16 18:07:41,938 [INFO] ThirdParty:1030 - CMSIS Pack Vendor :STMicroelectronics X-CUBE-NFC12 1.0.0
2026-03-16 18:07:41,938 [INFO] ThirdParty:1030 - CMSIS Pack Vendor :STMicroelectronics X-CUBE-AZRTOS-F7 1.1.0
2026-03-16 18:07:41,939 [INFO] ThirdParty:1030 - CMSIS Pack Vendor :STMicroelectronics X-CUBE-AZRTOS-L5 2.0.0
2026-03-16 18:07:41,939 [INFO] ThirdParty:1030 - CMSIS Pack Vendor :STMicroelectronics X-CUBE-TOUCHGFX 4.26.1
2026-03-16 18:07:41,939 [INFO] ThirdParty:1030 - CMSIS Pack Vendor :STMicroelectronics X-CUBE-NFC6 3.2.0
2026-03-16 18:07:41,940 [INFO] ThirdParty:1030 - CMSIS Pack Vendor :quantropi X-CUBE-qispace-sdk-base 2.1.0
2026-03-16 18:07:41,940 [INFO] ThirdParty:1030 - CMSIS Pack Vendor :STMicroelectronics X-CUBE-AI 10.2.0
2026-03-16 18:07:41,940 [INFO] ThirdParty:1030 - CMSIS Pack Vendor :STMicroelectronics FP-SNS-SMARTAG2 1.2.0
2026-03-16 18:07:41,941 [INFO] ThirdParty:1030 - CMSIS Pack Vendor :STMicroelectronics X-CUBE-MEMS1 12.0.0
2026-03-16 18:07:41,941 [INFO] ThirdParty:1030 - CMSIS Pack Vendor :STMicroelectronics X-CUBE-STSE01 2.0.0
2026-03-16 18:07:41,941 [INFO] ThirdParty:1030 - CMSIS Pack Vendor :STMicroelectronics X-CUBE-AZRTOS-WL 2.0.0
2026-03-16 18:07:41,941 [INFO] ThirdParty:1030 - CMSIS Pack Vendor :SEGGER I-CUBE-embOS 1.3.1
2026-03-16 18:07:41,942 [INFO] ThirdParty:1030 - CMSIS Pack Vendor :STMicroelectronics X-CUBE-DPower 1.3.0
2026-03-16 18:07:41,942 [INFO] ThirdParty:1030 - CMSIS Pack Vendor :STMicroelectronics X-CUBE-ALGOBUILD 1.4.0
2026-03-16 18:07:41,942 [INFO] ThirdParty:1030 - CMSIS Pack Vendor :STMicroelectronics X-CUBE-AZRTOS-G0 1.1.0
2026-03-16 18:07:41,943 [INFO] ThirdParty:1030 - CMSIS Pack Vendor :STMicroelectronics X-CUBE-AZRTOS-H7RS 1.2.0
2026-03-16 18:07:41,943 [INFO] ThirdParty:1030 - CMSIS Pack Vendor :STMicroelectronics X-CUBE-NFC4 3.0.0
2026-03-16 18:07:41,943 [INFO] ThirdParty:1030 - CMSIS Pack Vendor :STMicroelectronics X-CUBE-SUBG2 5.0.0
2026-03-16 18:07:41,943 [INFO] ThirdParty:1030 - CMSIS Pack Vendor :STMicroelectronics X-CUBE-AZRTOS-L4 2.0.0
2026-03-16 18:07:41,943 [INFO] ThirdParty:1030 - CMSIS Pack Vendor :EmbeddedOffice I-CUBE-FS-RTOS 1.0.1
2026-03-16 18:07:41,943 [INFO] ThirdParty:1030 - CMSIS Pack Vendor :STMicroelectronics X-CUBE-SFXS2LP1 4.0.0
2026-03-16 18:07:41,944 [INFO] ThirdParty:1030 - CMSIS Pack Vendor :STMicroelectronics X-CUBE-BLE2 3.3.0
2026-03-16 18:07:41,944 [INFO] ThirdParty:1030 - CMSIS Pack Vendor :STMicroelectronics X-CUBE-AZRTOS-G4 2.0.0
2026-03-16 18:07:41,944 [INFO] ThirdParty:1030 - CMSIS Pack Vendor :Infineon AIROC-Wi-Fi-Bluetooth-STM32 1.8.0
2026-03-16 18:07:41,945 [INFO] ThirdParty:1030 - CMSIS Pack Vendor :STMicroelectronics X-CUBE-WB05N 2.0.0
2026-03-16 18:07:41,953 [INFO] LoadServerUpdatesThread:375 - End of LoadServerUpdate Thread
2026-03-16 18:14:07,506 [INFO] WebApp:189 - Connection lost
2026-03-16 18:22:04,181 [INFO] MainUpdater:2873 - connection check result : 10
2026-03-16 18:22:04,182 [INFO] MainUpdater:2873 - connection check result : 10
2026-03-16 18:22:04,640 [INFO] RulesReader:64 - Compatibility file has been processed (297 Rules)
2026-03-16 18:22:04,667 [INFO] RulesReader:64 - Compatibility file has been processed (297 Rules)
2026-03-16 18:22:04,699 [INFO] MicroXplorer:468 - Change Database Path : 
2026-03-16 18:22:04,700 [INFO] MicroXplorer:498 - Change Database Version : DB.6.0.121
2026-03-16 18:22:04,764 [WARN] ThirdParty:871 - waiting for thirdparty lock release [close project]
2026-03-16 18:22:04,764 [INFO] ThirdParty:873 - entering critical section [close project]
2026-03-16 18:22:04,786 [INFO] ThirdParty:883 - exiting critical section [close project]
2026-03-16 18:22:04,792 [INFO] PinOutPanel:1561 - setPackage(No Configuration,No Configuration)
2026-03-16 18:22:04,808 [INFO] UtilMem:75 - Begin LoadConfig() Used Memory: 790664368 Bytes (1073741824)
2026-03-16 18:22:04,825 [INFO] MicroXplorer:468 - Change Database Path : 
2026-03-16 18:22:04,825 [INFO] MicroXplorer:498 - Change Database Version : DB.6.0.121
2026-03-16 18:22:04,825 [INFO] OpenFileManager:332 - Change cursor
2026-03-16 18:22:04,965 [WARN] IntegrityCheckThread:84 - waiting for thirdparty lock release [integrity check]
2026-03-16 18:22:04,965 [INFO] IntegrityCheckThread:86 - entering critical section [integrity check]
2026-03-16 18:22:06,272 [WARN] PackLoader:240 - Cannot read IP mode file for STMicroelectronics.X-CUBE-AZRTOS-H7.3.5.0
2026-03-16 18:22:06,291 [WARN] PackLoader:240 - Cannot read IP mode file for STMicroelectronics.FP-ATR-ASTRA1.2.0.2
2026-03-16 18:22:06,306 [WARN] PackLoader:240 - Cannot read IP mode file for STMicroelectronics.X-CUBE-SMBUS.2.1.0
2026-03-16 18:22:06,350 [WARN] PackLoader:240 - Cannot read IP mode file for STMicroelectronics.X-CUBE-AZRTOS-F7.1.1.0
2026-03-16 18:22:06,367 [ERROR] Engine:466 - C:\Users\DELL\.stm32cubemx\thirdparties\pdsc\STMicroelectronics.FP-SNS-MOTENV1.5.1.0.pdsc: PDSC version is not supported
2026-03-16 18:22:06,376 [ERROR] Engine:466 - C:\Users\DELL\.stm32cubemx\thirdparties\pdsc\WES.I-CUBE-Cesium.1.4.0.pdsc: PDSC version is not supported
2026-03-16 18:22:06,397 [WARN] PackLoader:240 - Cannot read IP mode file for STMicroelectronics.X-CUBE-DISPLAY.3.0.0
2026-03-16 18:22:06,411 [ERROR] Engine:466 - C:\Users\DELL\.stm32cubemx\thirdparties\pdsc\STMicroelectronics.FP-SNS-MOTENVWB1.1.5.0.pdsc: PDSC version is not supported
2026-03-16 18:22:06,427 [WARN] PackLoader:240 - Cannot read IP mode file for STMicroelectronics.X-CUBE-NFC10.1.0.0
2026-03-16 18:22:06,436 [ERROR] Engine:466 - C:\Users\DELL\.stm32cubemx\thirdparties\pdsc\STMicroelectronics.X-CUBE-ST60.1.1.0.pdsc: PDSC version is not supported
2026-03-16 18:22:06,452 [WARN] PackLoader:240 - Cannot read IP mode file for emotas.I-CUBE-CANOPEN.1.3.0
2026-03-16 18:22:06,468 [WARN] PackLoader:240 - Cannot read IP mode file for STMicroelectronics.X-CUBE-GNSS1.7.1.0
2026-03-16 18:22:06,479 [ERROR] Engine:466 - C:\Users\DELL\.stm32cubemx\thirdparties\pdsc\STMicroelectronics.FP-SNS-STBOX1.2.1.0.pdsc: PDSC version is not supported
2026-03-16 18:22:06,493 [WARN] PackLoader:240 - Cannot read IP mode file for STMicroelectronics.FP-SNS-SMARTAG2.1.2.0
2026-03-16 18:22:06,500 [ERROR] Engine:466 - C:\Users\DELL\.stm32cubemx\thirdparties\pdsc\STMicroelectronics.FP-SNS-FLIGHT1.5.1.0.pdsc: PDSC version is not supported
2026-03-16 18:22:06,521 [INFO] LogOutputStream:77 - [STDOUT_REDIRECT] 1 : Invalid condition id : UX_CORESTACK_Condition cause : null
2026-03-16 18:22:06,525 [INFO] LogOutputStream:77 - [STDOUT_REDIRECT] 1 : Invalid condition id : UX_CORESTACK_Condition cause : null
2026-03-16 18:22:06,528 [INFO] LogOutputStream:77 - [STDOUT_REDIRECT] 1 : Invalid condition id : UX_CORESTACK_Condition cause : null
2026-03-16 18:22:06,531 [INFO] LogOutputStream:77 - [STDOUT_REDIRECT] 1 : Invalid condition id : UX_CORESTACK_Condition cause : null
2026-03-16 18:22:06,534 [INFO] LogOutputStream:77 - [STDOUT_REDIRECT] 1 : Invalid condition id : UX_CORESTACK_Condition cause : null
2026-03-16 18:22:06,539 [WARN] PackLoader:240 - Cannot read IP mode file for STMicroelectronics.X-CUBE-AZRTOS-WL.2.0.0
2026-03-16 18:22:06,582 [WARN] PackLoader:240 - Cannot read IP mode file for STMicroelectronics.X-CUBE-AZRTOS-H7RS.1.2.0
2026-03-16 18:22:06,603 [WARN] PackLoader:240 - Cannot read IP mode file for STMicroelectronics.X-CUBE-BLE2.3.3.0
2026-03-16 18:22:06,612 [ERROR] Engine:466 - C:\Users\DELL\.stm32cubemx\thirdparties\pdsc\Avnet-IOTCONNECT.X-CUBE-iotc-st67-sdk.1.0.0.pdsc: PDSC version is not supported
2026-03-16 18:22:06,665 [WARN] PackLoader:240 - Cannot read IP mode file for Infineon.AIROC-Wi-Fi-Bluetooth-STM32.1.8.0
2026-03-16 18:22:06,693 [WARN] PackLoader:240 - Cannot read IP mode file for STMicroelectronics.X-CUBE-NFC9.1.0.0
2026-03-16 18:22:06,714 [WARN] PackLoader:240 - Cannot read IP mode file for STMicroelectronics.X-CUBE-BLE1.7.1.0
2026-03-16 18:22:06,734 [WARN] PackLoader:240 - Cannot read IP mode file for wolfSSL.I-CUBE-wolfMQTT.1.19.2
2026-03-16 18:22:06,757 [WARN] PackLoader:240 - Cannot read IP mode file for STMicroelectronics.X-CUBE-EEPRMA1.5.2.0
2026-03-16 18:22:06,773 [WARN] PackLoader:240 - Cannot read IP mode file for wolfSSL.I-CUBE-wolfSSL.5.8.4
2026-03-16 18:22:06,779 [ERROR] Engine:466 - C:\Users\DELL\.stm32cubemx\thirdparties\pdsc\Cesanta.I-CUBE-Mongoose.7.20.0.pdsc: PDSC version is not supported
2026-03-16 18:22:06,857 [WARN] PackLoader:240 - Cannot read IP mode file for STMicroelectronics.X-CUBE-MEMS1.12.0.0
2026-03-16 18:22:07,047 [WARN] PackLoader:240 - Cannot read IP mode file for STMicroelectronics.X-CUBE-AZRTOS-G0.1.1.0
2026-03-16 18:22:07,065 [WARN] PackLoader:240 - Cannot read IP mode file for STMicroelectronics.X-CUBE-NFC4.3.0.0
2026-03-16 18:22:07,087 [WARN] PackLoader:240 - Cannot read IP mode file for EmbeddedOffice.I-CUBE-FS-RTOS.1.0.1
2026-03-16 18:22:07,088 [ERROR] ConditionMgr:805 - Attr not supported : Dmpu
2026-03-16 18:22:07,088 [ERROR] ConditionMgr:805 - Attr not supported : Dmpu
2026-03-16 18:22:07,088 [ERROR] ConditionMgr:805 - Attr not supported : Dmpu
2026-03-16 18:22:07,088 [ERROR] ConditionMgr:805 - Attr not supported : Dmpu
2026-03-16 18:22:07,088 [ERROR] ConditionMgr:805 - Attr not supported : Dmpu
2026-03-16 18:22:07,088 [ERROR] ConditionMgr:805 - Attr not supported : Dmpu
2026-03-16 18:22:07,088 [ERROR] ConditionMgr:805 - Attr not supported : Dmpu
2026-03-16 18:22:07,088 [ERROR] ConditionMgr:805 - Attr not supported : Dmpu
2026-03-16 18:22:07,089 [ERROR] ConditionMgr:805 - Attr not supported : Dmpu
2026-03-16 18:22:07,089 [ERROR] ConditionMgr:805 - Attr not supported : Dmpu
2026-03-16 18:22:07,089 [ERROR] ConditionMgr:805 - Attr not supported : Dmpu
2026-03-16 18:22:07,089 [ERROR] ConditionMgr:805 - Attr not supported : Dmpu
2026-03-16 18:22:07,089 [ERROR] ConditionMgr:805 - Attr not supported : Dmpu
2026-03-16 18:22:07,089 [ERROR] ConditionMgr:805 - Attr not supported : Dmpu
2026-03-16 18:22:07,089 [ERROR] ConditionMgr:805 - Attr not supported : Dmpu
2026-03-16 18:22:07,089 [ERROR] ConditionMgr:805 - Attr not supported : Dmpu
2026-03-16 18:22:07,089 [ERROR] ConditionMgr:805 - Attr not supported : Dmpu
2026-03-16 18:22:07,089 [ERROR] ConditionMgr:805 - Attr not supported : Dmpu
2026-03-16 18:22:07,089 [ERROR] ConditionMgr:805 - Attr not supported : Dmpu
2026-03-16 18:22:07,090 [ERROR] ConditionMgr:805 - Attr not supported : Dmpu
2026-03-16 18:22:07,090 [ERROR] ConditionMgr:805 - Attr not supported : Dmpu
2026-03-16 18:22:07,090 [ERROR] ConditionMgr:805 - Attr not supported : Dmpu
2026-03-16 18:22:07,090 [ERROR] ConditionMgr:805 - Attr not supported : Dmpu
2026-03-16 18:22:07,090 [ERROR] ConditionMgr:805 - Attr not supported : Dmpu
2026-03-16 18:22:07,090 [ERROR] ConditionMgr:805 - Attr not supported : Dmpu
2026-03-16 18:22:07,091 [ERROR] ConditionMgr:805 - Attr not supported : Dmpu
2026-03-16 18:22:07,091 [ERROR] ConditionMgr:805 - Attr not supported : Dmpu
2026-03-16 18:22:07,092 [ERROR] ConditionMgr:805 - Attr not supported : Dmpu
2026-03-16 18:22:07,092 [ERROR] ConditionMgr:805 - Attr not supported : Dmpu
2026-03-16 18:22:07,092 [ERROR] ConditionMgr:805 - Attr not supported : Dmpu
2026-03-16 18:22:07,092 [ERROR] ConditionMgr:805 - Attr not supported : Dmpu
2026-03-16 18:22:07,092 [ERROR] ConditionMgr:805 - Attr not supported : Dmpu
2026-03-16 18:22:07,092 [ERROR] ConditionMgr:805 - Attr not supported : Dmpu
2026-03-16 18:22:07,092 [ERROR] ConditionMgr:805 - Attr not supported : Dmpu
2026-03-16 18:22:07,093 [ERROR] ConditionMgr:805 - Attr not supported : Dmpu
2026-03-16 18:22:07,093 [ERROR] ConditionMgr:805 - Attr not supported : Dmpu
2026-03-16 18:22:07,093 [ERROR] ConditionMgr:805 - Attr not supported : Dmpu
2026-03-16 18:22:07,093 [ERROR] ConditionMgr:805 - Attr not supported : Dmpu
2026-03-16 18:22:07,093 [ERROR] ConditionMgr:805 - Attr not supported : Dmpu
2026-03-16 18:22:07,093 [ERROR] ConditionMgr:805 - Attr not supported : Dmpu
2026-03-16 18:22:07,093 [ERROR] ConditionMgr:805 - Attr not supported : Dmpu
2026-03-16 18:22:07,094 [ERROR] ConditionMgr:805 - Attr not supported : Dmpu
2026-03-16 18:22:07,094 [ERROR] ConditionMgr:805 - Attr not supported : Dmpu
2026-03-16 18:22:07,094 [ERROR] ConditionMgr:805 - Attr not supported : Dmpu
2026-03-16 18:22:07,094 [ERROR] ConditionMgr:805 - Attr not supported : Dmpu
2026-03-16 18:22:07,094 [ERROR] ConditionMgr:805 - Attr not supported : Dmpu
2026-03-16 18:22:07,094 [ERROR] ConditionMgr:805 - Attr not supported : Dmpu
2026-03-16 18:22:07,094 [ERROR] ConditionMgr:805 - Attr not supported : Dmpu
2026-03-16 18:22:07,094 [ERROR] ConditionMgr:805 - Attr not supported : Dmpu
2026-03-16 18:22:07,095 [ERROR] ConditionMgr:805 - Attr not supported : Dmpu
2026-03-16 18:22:07,095 [ERROR] ConditionMgr:805 - Attr not supported : Dmpu
2026-03-16 18:22:07,095 [ERROR] ConditionMgr:805 - Attr not supported : Dmpu
2026-03-16 18:22:07,095 [ERROR] ConditionMgr:805 - Attr not supported : Dmpu
2026-03-16 18:22:07,095 [ERROR] ConditionMgr:805 - Attr not supported : Dmpu
2026-03-16 18:22:07,095 [ERROR] ConditionMgr:805 - Attr not supported : Dmpu
2026-03-16 18:22:07,095 [ERROR] ConditionMgr:805 - Attr not supported : Dmpu
2026-03-16 18:22:07,095 [ERROR] ConditionMgr:805 - Attr not supported : Dmpu
2026-03-16 18:22:07,095 [ERROR] ConditionMgr:805 - Attr not supported : Dmpu
2026-03-16 18:22:07,095 [ERROR] ConditionMgr:805 - Attr not supported : Dmpu
2026-03-16 18:22:07,096 [ERROR] ConditionMgr:805 - Attr not supported : Dmpu
2026-03-16 18:22:07,096 [ERROR] ConditionMgr:805 - Attr not supported : Dmpu
2026-03-16 18:22:07,096 [ERROR] ConditionMgr:805 - Attr not supported : Dmpu
2026-03-16 18:22:07,096 [ERROR] ConditionMgr:805 - Attr not supported : Dmpu
2026-03-16 18:22:07,096 [ERROR] ConditionMgr:805 - Attr not supported : Dmpu
2026-03-16 18:22:07,112 [WARN] PackLoader:240 - Cannot read IP mode file for STMicroelectronics.X-CUBE-WB05N.2.0.0
2026-03-16 18:22:07,126 [WARN] PackLoader:240 - Cannot read IP mode file for wolfSSL.I-CUBE-wolfTPM.3.8.0
2026-03-16 18:22:07,135 [ERROR] Engine:466 - C:\Users\DELL\.stm32cubemx\thirdparties\pdsc\STMicroelectronics.X-CUBE-TCPP.4.2.0.pdsc: PDSC version is not supported
2026-03-16 18:22:07,151 [WARN] PackLoader:240 - Cannot read IP mode file for RealThread.X-CUBE-RT-Thread_Nano.4.1.1
2026-03-16 18:22:07,165 [WARN] PackLoader:240 - Cannot read IP mode file for STMicroelectronics.FP-ATR-SIGFOX1.3.2.0
2026-03-16 18:22:07,172 [ERROR] Engine:466 - C:\Users\DELL\.stm32cubemx\thirdparties\pdsc\STMicroelectronics.X-CUBE-FREERTOS.1.5.0.pdsc: PDSC version is not supported
2026-03-16 18:22:07,189 [WARN] PackLoader:240 - Cannot read IP mode file for ITTIA_DB.I-CUBE-ITTIADB.8.9.0
2026-03-16 18:22:07,206 [WARN] PackLoader:240 - Cannot read IP mode file for STMicroelectronics.X-CUBE-NFC6.3.2.0
2026-03-16 18:22:07,223 [WARN] PackLoader:240 - Cannot read IP mode file for STMicroelectronics.X-CUBE-AI.10.2.0
2026-03-16 18:22:07,269 [WARN] PackLoader:240 - Cannot read IP mode file for SEGGER.I-CUBE-embOS.1.3.1
2026-03-16 18:22:07,339 [WARN] PackLoader:240 - Cannot read IP mode file for STMicroelectronics.X-CUBE-ALGOBUILD.1.4.0
2026-03-16 18:22:07,353 [WARN] PackLoader:240 - Cannot read IP mode file for STMicroelectronics.X-CUBE-PM33A1.1.0.0
2026-03-16 18:22:07,382 [WARN] PackLoader:240 - Cannot read IP mode file for STMicroelectronics.X-CUBE-AZRTOS-F4.1.1.0
2026-03-16 18:22:07,403 [WARN] PackLoader:240 - Cannot read IP mode file for STMicroelectronics.X-CUBE-ISPU.2.1.0
2026-03-16 18:22:07,413 [ERROR] Engine:466 - C:\Users\DELL\.stm32cubemx\thirdparties\pdsc\STMicroelectronics.X-CUBE-IPS.3.2.0.pdsc: PDSC version is not supported
2026-03-16 18:22:07,430 [WARN] PackLoader:240 - Cannot read IP mode file for STMicroelectronics.X-CUBE-NFC12.1.0.0
2026-03-16 18:22:07,462 [WARN] PackLoader:240 - Cannot read IP mode file for STMicroelectronics.X-CUBE-AZRTOS-L5.2.0.0
2026-03-16 18:22:07,480 [WARN] PackLoader:240 - Cannot read IP mode file for STMicroelectronics.X-CUBE-TOUCHGFX.4.26.1
2026-03-16 18:22:07,487 [ERROR] Engine:466 - C:\Users\DELL\.stm32cubemx\thirdparties\pdsc\STMicroelectronics.FP-SNS-STAIOTCFT.1.0.0.pdsc: PDSC version is not supported
2026-03-16 18:22:07,500 [WARN] PackLoader:240 - Cannot read IP mode file for STMicroelectronics.X-CUBE-DPower.1.3.0
2026-03-16 18:22:07,530 [WARN] ConditionMgr:438 - getConditionDescription Invalid condition id : LAN8742 Phy interface Condition cause : null
2026-03-16 18:22:07,531 [WARN] PackLoader:240 - Cannot read IP mode file for STMicroelectronics.X-CUBE-AZRTOS-L4.2.0.0
2026-03-16 18:22:07,533 [WARN] ConditionMgr:1039 - genDependencies : Invalid condition id : LAN8742 Phy interface Condition cause : null
2026-03-16 18:22:07,534 [WARN] ConditionMgr:1039 - genDependencies : Invalid condition id : LAN8742 Phy interface Condition cause : null
2026-03-16 18:22:07,535 [WARN] ConditionMgr:1039 - genDependencies : Invalid condition id : LAN8742 Phy interface Condition cause : null
2026-03-16 18:22:07,551 [WARN] PackLoader:240 - Cannot read IP mode file for STMicroelectronics.X-CUBE-SFXS2LP1.4.0.0
2026-03-16 18:22:07,562 [ERROR] Engine:466 - C:\Users\DELL\.stm32cubemx\thirdparties\pdsc\STMicroelectronics.X-CUBE-ST67W61.1.2.0.pdsc: PDSC version is not supported
2026-03-16 18:22:07,569 [ERROR] Engine:466 - C:\Users\DELL\.stm32cubemx\thirdparties\pdsc\STMicroelectronics.X-CUBE-BLEMGR.4.1.0.pdsc: PDSC version is not supported
2026-03-16 18:22:07,603 [WARN] ConditionMgr:438 - getConditionDescription Invalid condition id : UX DEVICE CLASS RTOS Condition cause : null
2026-03-16 18:22:07,603 [WARN] ConditionMgr:438 - getConditionDescription Invalid condition id : UX DEVICE CLASS RTOS Condition cause : null
2026-03-16 18:22:07,608 [WARN] PackLoader:240 - Cannot read IP mode file for STMicroelectronics.X-CUBE-AZRTOS-WB.2.0.0
2026-03-16 18:22:07,609 [WARN] ConditionMgr:1039 - genDependencies : Invalid condition id : UX DEVICE CLASS RTOS Condition cause : null
2026-03-16 18:22:07,610 [WARN] ConditionMgr:1039 - genDependencies : Invalid condition id : UX DEVICE CLASS RTOS Condition cause : null
2026-03-16 18:22:07,611 [WARN] ConditionMgr:1039 - genDependencies : Invalid condition id : UX DEVICE CLASS RTOS Condition cause : null
2026-03-16 18:22:07,611 [WARN] ConditionMgr:1039 - genDependencies : Invalid condition id : UX DEVICE CLASS RTOS Condition cause : null
2026-03-16 18:22:07,611 [WARN] ConditionMgr:1039 - genDependencies : Invalid condition id : UX DEVICE CLASS RTOS Condition cause : null
2026-03-16 18:22:07,626 [WARN] ConditionMgr:438 - getConditionDescription Invalid condition id : Cortex-A Device cause : null
2026-03-16 18:22:07,647 [WARN] ConditionMgr:1039 - genDependencies : Invalid condition id : Cortex-A Device cause : null
2026-03-16 18:22:07,648 [WARN] ConditionMgr:1039 - genDependencies : Invalid condition id : Cortex-A Device cause : null
2026-03-16 18:22:07,648 [WARN] ConditionMgr:1039 - genDependencies : Invalid condition id : Cortex-A Device cause : null
2026-03-16 18:22:07,667 [WARN] PackLoader:240 - Cannot read IP mode file for STMicroelectronics.X-CUBE-STSE01.2.0.0
2026-03-16 18:22:07,691 [WARN] PackLoader:240 - Cannot read IP mode file for STMicroelectronics.X-CUBE-SUBG2.5.0.0
2026-03-16 18:22:07,720 [WARN] PackLoader:240 - Cannot read IP mode file for STMicroelectronics.X-CUBE-AZRTOS-G4.2.0.0
2026-03-16 18:22:07,737 [WARN] PackLoader:240 - Cannot read IP mode file for wolfSSL.I-CUBE-wolfSSH.1.4.20
2026-03-16 18:22:07,751 [WARN] PackLoader:240 - Cannot read IP mode file for STMicroelectronics.X-CUBE-NFC7.2.0.0
2026-03-16 18:22:07,767 [WARN] PackLoader:240 - Cannot read IP mode file for STMicroelectronics.X-CUBE-ALS.1.0.2
2026-03-16 18:22:07,780 [ERROR] Engine:466 - C:\Users\DELL\.stm32cubemx\thirdparties\pdsc\STMicroelectronics.X-CUBE-TOF1.3.4.3.pdsc: PDSC version is not supported
2026-03-16 18:22:07,781 [INFO] ThirdParty:978 - Integrity check success = true
2026-03-16 18:22:07,781 [INFO] IntegrityCheckThread:100 - exiting critical section [integrity check]
2026-03-16 18:22:07,781 [INFO] IntegrityCheckThread:103 - End integrity checks thread
2026-03-16 18:22:07,950 [INFO] Mcu:2032 - Initializing MCU STM32F103C8Tx STM32F103C8Tx STM32F103C8T6
2026-03-16 18:22:11,728 [INFO] Context:742 - Trying to add GPIOservice into a context  which must be forbidden
2026-03-16 18:22:12,422 [INFO] ImportTextPane:205 - (OptionalMessage_ERROR) Unable to find key (Mcu.ThirdPartyNb) in loaded IOC file
2026-03-16 18:22:12,423 [INFO] ImportTextPane:205 - (OptionalMessage_ERROR) Unable to find key (Mcu.PinsNb) in loaded IOC file
2026-03-16 18:22:12,424 [INFO] ImportTextPane:205 - (OptionalMessage_ERROR) Unable to find key (Mcu.IPNb) in loaded IOC file
2026-03-16 18:22:12,920 [INFO] RtosManager:555 - Registered RTOS mode: class=CMSIS, group=RTOS, mode=CMSIS_V1, owner=FREERTOS
2026-03-16 18:22:12,921 [INFO] RtosManager:555 - Registered RTOS mode: class=CMSIS, group=RTOS2, mode=CMSIS_V2, owner=FREERTOS
2026-03-16 18:22:12,921 [INFO] RtosManager:555 - Registered RTOS mode: class=RTOS, group=Core, mode=CMSIS_V1, owner=FREERTOS
2026-03-16 18:22:12,921 [INFO] RtosManager:555 - Registered RTOS mode: class=RTOS, group=Core, mode=CMSIS_V2, owner=FREERTOS
2026-03-16 18:22:12,921 [WARN] ModelIntegratedComponent:184 - Missing modes for component STMicroelectronics:FreeRTOS:0.0.1:STMicroelectronics:RTOS:FreeRTOS:Core:::10.2.0:
2026-03-16 18:22:12,958 [WARN] ModelIntegratedComponent:63 - No mode defined for component null
2026-03-16 18:22:12,958 [WARN] ModelIntegratedComponent:63 - No mode defined for component null
2026-03-16 18:22:12,958 [WARN] ModelIntegratedComponent:63 - No mode defined for component null
2026-03-16 18:22:12,959 [WARN] ModelIntegratedComponent:63 - No mode defined for component null
2026-03-16 18:22:12,959 [WARN] ModelIntegratedComponent:63 - No mode defined for component null
2026-03-16 18:22:12,959 [WARN] ModelIntegratedComponent:63 - No mode defined for component null
2026-03-16 18:22:12,959 [WARN] ModelIntegratedComponent:63 - No mode defined for component null
2026-03-16 18:22:12,959 [WARN] ModelIntegratedComponent:63 - No mode defined for component null
2026-03-16 18:22:12,959 [WARN] ModelIntegratedComponent:63 - No mode defined for component null
2026-03-16 18:22:12,959 [WARN] ModelIntegratedComponent:63 - No mode defined for component null
2026-03-16 18:22:12,959 [WARN] ModelIntegratedComponent:63 - No mode defined for component null
2026-03-16 18:22:12,959 [WARN] ModelIntegratedComponent:63 - No mode defined for component null
2026-03-16 18:22:12,959 [WARN] ModelIntegratedComponent:63 - No mode defined for component null
2026-03-16 18:22:12,959 [WARN] ModelIntegratedComponent:63 - No mode defined for component null
2026-03-16 18:22:12,959 [WARN] ModelIntegratedComponent:63 - No mode defined for component null
2026-03-16 18:22:12,960 [WARN] ModelIntegratedComponent:63 - No mode defined for component null
2026-03-16 18:22:12,960 [WARN] ModelIntegratedComponent:63 - No mode defined for component null
2026-03-16 18:22:12,960 [WARN] ModelIntegratedComponent:63 - No mode defined for component null
2026-03-16 18:22:12,960 [WARN] ModelIntegratedComponent:63 - No mode defined for component null
2026-03-16 18:22:12,960 [WARN] ModelIntegratedComponent:63 - No mode defined for component null
2026-03-16 18:22:12,960 [WARN] ModelIntegratedComponent:63 - No mode defined for component null
2026-03-16 18:22:12,960 [WARN] ModelIntegratedComponent:63 - No mode defined for component null
2026-03-16 18:22:12,960 [WARN] ModelIntegratedComponent:63 - No mode defined for component null
2026-03-16 18:22:12,961 [WARN] ModelIntegratedComponent:63 - No mode defined for component null
2026-03-16 18:22:12,961 [WARN] ModelIntegratedComponent:63 - No mode defined for component null
2026-03-16 18:22:12,961 [WARN] ModelIntegratedComponent:63 - No mode defined for component null
2026-03-16 18:22:12,961 [WARN] ModelIntegratedComponent:63 - No mode defined for component null
2026-03-16 18:22:12,961 [WARN] ModelIntegratedComponent:63 - No mode defined for component null
2026-03-16 18:22:12,961 [WARN] ModelIntegratedComponent:63 - No mode defined for component null
2026-03-16 18:22:12,961 [WARN] ModelIntegratedComponent:63 - No mode defined for component null
2026-03-16 18:22:12,962 [WARN] ModelIntegratedComponent:63 - No mode defined for component null
2026-03-16 18:22:12,962 [WARN] ModelIntegratedComponent:63 - No mode defined for component null
2026-03-16 18:22:12,962 [WARN] ModelIntegratedComponent:63 - No mode defined for component null
2026-03-16 18:22:12,962 [WARN] ModelIntegratedComponent:63 - No mode defined for component null
2026-03-16 18:22:12,962 [WARN] ModelIntegratedComponent:63 - No mode defined for component null
2026-03-16 18:22:12,963 [WARN] ModelPack:524 - Component already loaded: STMicroelectronics:HAL Drivers:0.0.0:STMicroelectronics:Device:STMicro_Driver:XSPI:HAL::0.0.1:HAL_XSPI
2026-03-16 18:22:13,044 [INFO] ThirdPartyModel:298 - Start build external matchings
2026-03-16 18:22:13,889 [INFO] ThirdPartyModel:316 - End build external matchings
2026-03-16 18:22:14,686 [INFO] UtilMem:75 - End LoadConfig() Used Memory: 670967400 Bytes (1073741824)
2026-03-16 18:22:14,894 [WARN] ThirdParty:833 - waiting for thirdparty lock release [change project]
2026-03-16 18:22:14,895 [INFO] ThirdParty:835 - entering critical section [change project]
2026-03-16 18:22:14,895 [INFO] ThirdParty:1030 - CMSIS Pack Vendor :STMicroelectronics X-CUBE-AZRTOS-H7 3.5.0
2026-03-16 18:22:14,895 [INFO] ThirdParty:1030 - CMSIS Pack Vendor :STMicroelectronics X-CUBE-PM33A1 1.0.0
2026-03-16 18:22:14,895 [INFO] ThirdParty:1030 - CMSIS Pack Vendor :STMicroelectronics USBPD 4.1
2026-03-16 18:22:14,895 [INFO] ThirdParty:1030 - CMSIS Pack Vendor :STMicroelectronics X-CUBE-NFC9 1.0.0
2026-03-16 18:22:14,895 [INFO] ThirdParty:1030 - CMSIS Pack Vendor :STMicroelectronics USB_HOST 2.0.0
2026-03-16 18:22:14,896 [INFO] ThirdParty:1030 - CMSIS Pack Vendor :STMicroelectronics X-CUBE-AZRTOS-F4 1.1.0
2026-03-16 18:22:14,896 [INFO] ThirdParty:1030 - CMSIS Pack Vendor :STMicroelectronics LIBJPEG 8.0.0
2026-03-16 18:22:14,896 [INFO] ThirdParty:1030 - CMSIS Pack Vendor :STMicroelectronics FP-ATR-ASTRA1 2.0.2
2026-03-16 18:22:14,896 [INFO] ThirdParty:1030 - CMSIS Pack Vendor :STMicroelectronics X-CUBE-BLE1 7.1.0
2026-03-16 18:22:14,896 [INFO] ThirdParty:1030 - CMSIS Pack Vendor :STMicroelectronics X-CUBE-SMBUS 2.1.0
2026-03-16 18:22:14,896 [INFO] ThirdParty:1030 - CMSIS Pack Vendor :wolfSSL I-CUBE-wolfMQTT 1.19.2
2026-03-16 18:22:14,896 [INFO] ThirdParty:1030 - CMSIS Pack Vendor :STMicroelectronics USB_DEVICE 3.0.0
2026-03-16 18:22:14,896 [INFO] ThirdParty:1030 - CMSIS Pack Vendor :STMicroelectronics X-CUBE-ISPU 2.1.0
2026-03-16 18:22:14,896 [INFO] ThirdParty:1030 - CMSIS Pack Vendor :STMicroelectronics X-CUBE-EEPRMA1 5.2.0
2026-03-16 18:22:14,896 [INFO] ThirdParty:1030 - CMSIS Pack Vendor :STMicroelectronics X-CUBE-AZRTOS-WB 2.0.0
2026-03-16 18:22:14,897 [INFO] ThirdParty:1030 - CMSIS Pack Vendor :wolfSSL I-CUBE-wolfSSL 5.8.4
2026-03-16 18:22:14,897 [INFO] ThirdParty:1030 - CMSIS Pack Vendor :STMicroelectronics X-CUBE-NFC12 1.0.0
2026-03-16 18:22:14,897 [INFO] ThirdParty:1030 - CMSIS Pack Vendor :STMicroelectronics X-CUBE-AZRTOS-F7 1.1.0
2026-03-16 18:22:14,897 [INFO] ThirdParty:1030 - CMSIS Pack Vendor :STMicroelectronics X-CUBE-AZRTOS-L5 2.0.0
2026-03-16 18:22:14,897 [INFO] ThirdParty:1030 - CMSIS Pack Vendor :STMicroelectronics USB_DEVICE 2.0.0
2026-03-16 18:22:14,897 [INFO] ThirdParty:1030 - CMSIS Pack Vendor :quantropi X-CUBE-qispace-sdk-base 2.1.0
2026-03-16 18:22:14,897 [INFO] ThirdParty:1030 - CMSIS Pack Vendor :STMicroelectronics X-CUBE-MEMS1 12.0.0
2026-03-16 18:22:14,897 [INFO] ThirdParty:1030 - CMSIS Pack Vendor :STMicroelectronics X-CUBE-STSE01 2.0.0
2026-03-16 18:22:14,897 [INFO] ThirdParty:1030 - CMSIS Pack Vendor :STMicroelectronics FreeRTOS 0.0.1
2026-03-16 18:22:14,897 [INFO] ThirdParty:1030 - CMSIS Pack Vendor :STMicroelectronics X-CUBE-AZRTOS-G0 1.1.0
2026-03-16 18:22:14,898 [INFO] ThirdParty:1030 - CMSIS Pack Vendor :STMicroelectronics X-CUBE-NFC4 3.0.0
2026-03-16 18:22:14,898 [INFO] ThirdParty:1030 - CMSIS Pack Vendor :STMicroelectronics X-CUBE-SUBG2 5.0.0
2026-03-16 18:22:14,898 [INFO] ThirdParty:1030 - CMSIS Pack Vendor :STMicroelectronics STM32_WPAN 1.0.0
2026-03-16 18:22:14,898 [INFO] ThirdParty:1030 - CMSIS Pack Vendor :EmbeddedOffice I-CUBE-FS-RTOS 1.0.1
2026-03-16 18:22:14,898 [INFO] ThirdParty:1030 - CMSIS Pack Vendor :STMicroelectronics lwIP 2.0.3
2026-03-16 18:22:14,898 [INFO] ThirdParty:1030 - CMSIS Pack Vendor :STMicroelectronics USB_HOST 1.0.0
2026-03-16 18:22:14,898 [INFO] ThirdParty:1030 - CMSIS Pack Vendor :STMicroelectronics X-CUBE-AZRTOS-G4 2.0.0
2026-03-16 18:22:14,898 [INFO] ThirdParty:1030 - CMSIS Pack Vendor :STMicroelectronics X-CUBE-WB05N 2.0.0
2026-03-16 18:22:14,898 [INFO] ThirdParty:1030 - CMSIS Pack Vendor :STMicroelectronics PDM2PCM 3.1.0
2026-03-16 18:22:14,899 [INFO] ThirdParty:1030 - CMSIS Pack Vendor :STMicroelectronics PDM2PCM 3.3.0
2026-03-16 18:22:14,899 [INFO] ThirdParty:1030 - CMSIS Pack Vendor :wolfSSL I-CUBE-wolfTPM 3.8.0
2026-03-16 18:22:14,899 [INFO] ThirdParty:1030 - CMSIS Pack Vendor :STMicroelectronics X-CUBE-DISPLAY 3.0.0
2026-03-16 18:22:14,899 [INFO] ThirdParty:1030 - CMSIS Pack Vendor :wolfSSL I-CUBE-wolfSSH 1.4.20
2026-03-16 18:22:14,899 [INFO] ThirdParty:1030 - CMSIS Pack Vendor :STMicroelectronics X-CUBE-NFC7 2.0.0
2026-03-16 18:22:14,899 [INFO] ThirdParty:1030 - CMSIS Pack Vendor :RealThread X-CUBE-RT-Thread_Nano 4.1.1
2026-03-16 18:22:14,899 [INFO] ThirdParty:1030 - CMSIS Pack Vendor :STMicroelectronics FP-ATR-SIGFOX1 3.2.0
2026-03-16 18:22:14,899 [INFO] ThirdParty:1030 - CMSIS Pack Vendor :STMicroelectronics X-CUBE-NFC10 1.0.0
2026-03-16 18:22:14,899 [INFO] ThirdParty:1030 - CMSIS Pack Vendor :STMicroelectronics HAL Drivers 0.0.0
2026-03-16 18:22:14,899 [INFO] ThirdParty:1030 - CMSIS Pack Vendor :STMicroelectronics MBEDTLS 2.16.2
2026-03-16 18:22:14,899 [INFO] ThirdParty:1030 - CMSIS Pack Vendor :STMicroelectronics X-CUBE-ALS 1.0.2
2026-03-16 18:22:14,900 [INFO] ThirdParty:1030 - CMSIS Pack Vendor :emotas I-CUBE-CANOPEN 1.3.0
2026-03-16 18:22:14,900 [INFO] ThirdParty:1030 - CMSIS Pack Vendor :STMicroelectronics MBEDTLS 2.14.1
2026-03-16 18:22:14,900 [INFO] ThirdParty:1030 - CMSIS Pack Vendor :STMicroelectronics X-CUBE-GNSS1 7.1.0
2026-03-16 18:22:14,900 [INFO] ThirdParty:1030 - CMSIS Pack Vendor :ITTIA_DB I-CUBE-ITTIADB 8.9.0
2026-03-16 18:22:14,900 [INFO] ThirdParty:1030 - CMSIS Pack Vendor :STMicroelectronics X-CUBE-TOUCHGFX 4.26.1
2026-03-16 18:22:14,900 [INFO] ThirdParty:1030 - CMSIS Pack Vendor :STMicroelectronics X-CUBE-NFC6 3.2.0
2026-03-16 18:22:14,900 [INFO] ThirdParty:1030 - CMSIS Pack Vendor :STMicroelectronics X-CUBE-AI 10.2.0
2026-03-16 18:22:14,900 [INFO] ThirdParty:1030 - CMSIS Pack Vendor :STMicroelectronics ThreadX 1.0.0
2026-03-16 18:22:14,900 [INFO] ThirdParty:1030 - CMSIS Pack Vendor :STMicroelectronics FP-SNS-SMARTAG2 1.2.0
2026-03-16 18:22:14,900 [INFO] ThirdParty:1030 - CMSIS Pack Vendor :STMicroelectronics X-CUBE-AZRTOS-WL 2.0.0
2026-03-16 18:22:14,900 [INFO] ThirdParty:1030 - CMSIS Pack Vendor :SEGGER I-CUBE-embOS 1.3.1
2026-03-16 18:22:14,901 [INFO] ThirdParty:1030 - CMSIS Pack Vendor :STMicroelectronics X-CUBE-ALGOBUILD 1.4.0
2026-03-16 18:22:14,901 [INFO] ThirdParty:1030 - CMSIS Pack Vendor :STMicroelectronics X-CUBE-DPower 1.3.0
2026-03-16 18:22:14,901 [INFO] ThirdParty:1030 - CMSIS Pack Vendor :STMicroelectronics USB_DEVICE 1.0.0
2026-03-16 18:22:14,901 [INFO] ThirdParty:1030 - CMSIS Pack Vendor :STMicroelectronics X-CUBE-AZRTOS-H7RS 1.2.0
2026-03-16 18:22:14,901 [INFO] ThirdParty:1030 - CMSIS Pack Vendor :STMicroelectronics X-CUBE-AZRTOS-L4 2.0.0
2026-03-16 18:22:14,901 [INFO] ThirdParty:1030 - CMSIS Pack Vendor :STMicroelectronics ThreadX 0.0.2
2026-03-16 18:22:14,901 [INFO] ThirdParty:1030 - CMSIS Pack Vendor :STMicroelectronics lwIP 2.1.2
2026-03-16 18:22:14,901 [INFO] ThirdParty:1030 - CMSIS Pack Vendor :STMicroelectronics X-CUBE-SFXS2LP1 4.0.0
2026-03-16 18:22:14,901 [INFO] ThirdParty:1030 - CMSIS Pack Vendor :STMicroelectronics X-CUBE-BLE2 3.3.0
2026-03-16 18:22:14,901 [INFO] ThirdParty:1030 - CMSIS Pack Vendor :Infineon AIROC-Wi-Fi-Bluetooth-STM32 1.8.0
2026-03-16 18:22:14,902 [INFO] ThirdParty:1030 - CMSIS Pack Vendor :STMicroelectronics PDM2PCM 3.2.0
2026-03-16 18:22:14,902 [INFO] ThirdParty:841 - exiting critical section [change project]
2026-03-16 18:22:16,011 [INFO] PinOutPanel:1561 - setPackage(No Configuration,No Configuration)
2026-03-16 18:22:16,052 [INFO] PinOutPanel:1561 - setPackage(STM32F103C8Tx,LQFP48)
2026-03-16 18:22:17,375 [INFO] UtilMem:75 - Before build in PCC Used Memory: 794129304 Bytes (1073741824)
2026-03-16 18:22:20,124 [INFO] UtilMem:75 - After build in PCC Used Memory: 908950424 Bytes (1073741824)
2026-03-16 18:22:20,216 [INFO] IPUIPlugin:80 - create IPUIPlugin
2026-03-16 18:22:20,216 [INFO] IPUIPlugin:80 - create IPUIPlugin
2026-03-16 18:22:20,218 [INFO] IPUIPlugin:80 - create IPUIPlugin
2026-03-16 18:22:20,219 [INFO] IPUIPlugin:80 - create IPUIPlugin
2026-03-16 18:22:20,221 [INFO] IPUIPlugin:80 - create IPUIPlugin
2026-03-16 18:22:20,222 [INFO] IPUIPlugin:80 - create IPUIPlugin
2026-03-16 18:22:20,223 [INFO] IPUIPlugin:80 - create IPUIPlugin
2026-03-16 18:22:20,224 [INFO] IPUIPlugin:80 - create IPUIPlugin
2026-03-16 18:22:20,225 [INFO] IPUIPlugin:80 - create IPUIPlugin
2026-03-16 18:22:20,225 [INFO] IPUIPlugin:80 - create IPUIPlugin
2026-03-16 18:22:20,225 [INFO] IPUIPlugin:80 - create IPUIPlugin
2026-03-16 18:22:20,227 [INFO] IPUIPlugin:80 - create IPUIPlugin
2026-03-16 18:22:20,227 [INFO] IPUIPlugin:80 - create IPUIPlugin
2026-03-16 18:22:20,229 [INFO] IPUIPlugin:80 - create IPUIPlugin
2026-03-16 18:22:20,229 [INFO] IPUIPlugin:80 - create IPUIPlugin
2026-03-16 18:22:20,231 [INFO] IPUIPlugin:80 - create IPUIPlugin
2026-03-16 18:22:20,232 [INFO] IPUIPlugin:80 - create IPUIPlugin
2026-03-16 18:22:20,232 [INFO] IPUIPlugin:80 - create IPUIPlugin
2026-03-16 18:22:20,236 [INFO] IPUIPlugin:80 - create IPUIPlugin
2026-03-16 18:22:20,237 [INFO] IPUIPlugin:80 - create IPUIPlugin
2026-03-16 18:22:20,237 [INFO] IPUIPlugin:80 - create IPUIPlugin
2026-03-16 18:22:20,238 [INFO] IPUIPlugin:80 - create IPUIPlugin
2026-03-16 18:22:20,239 [INFO] IPUIPlugin:80 - create IPUIPlugin
2026-03-16 18:22:20,240 [INFO] IPUIPlugin:80 - create IPUIPlugin
2026-03-16 18:22:20,241 [INFO] IPUIPlugin:80 - create IPUIPlugin
2026-03-16 18:22:20,241 [INFO] IPUIPlugin:80 - create IPUIPlugin
2026-03-16 18:22:20,241 [INFO] IPUIPlugin:80 - create IPUIPlugin
2026-03-16 18:22:20,918 [INFO] CADModel:165 - CPN selected for project levelSTM32F103C8T6
2026-03-16 18:22:20,918 [INFO] CADModel:114 - Register for checkConnection events
2026-03-16 18:22:21,008 [INFO] OpenFileManager:363 - Restore cursor
2026-03-16 18:22:23,660 [INFO] UtilMem:75 - End SaveConfig() Used Memory: 657791152 Bytes (1073741824)
2026-03-16 18:22:23,786 [ERROR] ConfigurationRetriever:142 - IOException on connection: sw-center.st.com
2026-03-16 18:22:23,790 [ERROR] ConfigurationRetriever:142 - IOException on connection: sw-center.st.com
2026-03-16 18:22:23,793 [ERROR] ConfigurationRetriever:142 - IOException on connection: sw-center.st.com
2026-03-16 18:22:24,234 [ERROR] AdobePublisher:162 - Exception while opening the connection: java.net.UnknownHostException: stmicroelectronics.d3.sc.omtrdc.net
2026-03-16 18:22:24,237 [ERROR] AdobePublisher:162 - Exception while opening the connection: java.net.UnknownHostException: stmicroelectronics.d3.sc.omtrdc.net
2026-03-16 18:22:24,239 [ERROR] AdobePublisher:162 - Exception while opening the connection: java.net.UnknownHostException: stmicroelectronics.d3.sc.omtrdc.net
2026-03-16 18:22:24,241 [ERROR] AdobePublisher:162 - Exception while opening the connection: java.net.UnknownHostException: stmicroelectronics.d3.sc.omtrdc.net
2026-03-16 18:22:24,243 [ERROR] AdobePublisher:162 - Exception while opening the connection: java.net.UnknownHostException: stmicroelectronics.d3.sc.omtrdc.net
2026-03-16 18:25:45,879 [ERROR] ConfigurationRetriever:142 - IOException on connection: sw-center.st.com
2026-03-16 18:25:45,881 [ERROR] ConfigurationRetriever:142 - IOException on connection: sw-center.st.com
2026-03-16 18:25:45,882 [ERROR] ConfigurationRetriever:142 - IOException on connection: sw-center.st.com
2026-03-16 18:25:45,948 [INFO] McuFinderGlobals:76 - Set McuFinderConnectedMode to true
2026-03-16 18:25:45,963 [INFO] ApiDb:448 - Save user favorites file C:\Users\DELL/.stm32cubeide/favorites.mcus.txt: 0 item(s)
2026-03-16 18:25:45,963 [INFO] ApiDb:452 - User favorites MCUs=[]
2026-03-16 18:26:15,539 [INFO] WebApp:186 - Connection restablished
2026-03-16 18:26:35,905 [INFO] McuFinderGlobals:63 - Set McuFinder mode to 2 (CubeIDE integrated)
2026-03-16 18:26:35,905 [INFO] UserAuth:179 - activating auth plugin
2026-03-16 18:26:35,914 [INFO] UserAuth:417 - Internet connection configuration mode: 1
2026-03-16 18:27:44,079 [INFO] WebApp:645 - userauth.ini deleted or not created
2026-03-16 18:28:10,180 [INFO] WebApp:189 - Connection lost
2026-03-16 18:28:11,538 [INFO] WebApp:186 - Connection restablished
2026-03-16 18:31:15,686 [INFO] WebApp:189 - Connection lost
2026-03-16 18:31:16,180 [INFO] WebApp:186 - Connection restablished
2026-03-16 18:33:20,749 [INFO] UtilMem:75 - End SaveConfig() Used Memory: 616258208 Bytes (1073741824)
2026-03-16 18:33:26,904 [INFO] UtilMem:75 - End SaveConfig() Used Memory: 635127568 Bytes (1073741824)
2026-03-16 18:33:31,644 [INFO] ServerAccessManage:473 - Download File stm32cube_fw_f1_v180.zip
2026-03-16 18:38:14,974 [ERROR] FileExtend:455 - File entry not found
2026-03-16 18:38:14,975 [INFO] FileExtend:240 - Unzip File : stm32cube_fw_f1_v180.zip
2026-03-16 18:38:14,976 [INFO] FileExtend:255 - Standard Zip Deflate
2026-03-16 18:39:05,295 [INFO] ServerAccessManage:473 - Download File stm32cube_fw_f1_v187.zip
2026-03-16 18:42:08,806 [INFO] FileExtend:240 - Unzip File : stm32cube_fw_f1_v187.zip
2026-03-16 18:42:08,807 [INFO] FileExtend:255 - Standard Zip Deflate
2026-03-16 18:42:26,337 [INFO] LoadServerPackagesThread:196 - End of LoadServerPackages Thread
2026-03-16 18:42:26,743 [INFO] ThirdPartyModel:298 - Start build external matchings
2026-03-16 18:42:26,757 [INFO] UtilMem:75 - End SaveConfig() Used Memory: 708619848 Bytes (1073741824)
2026-03-16 18:42:28,848 [INFO] ThirdPartyModel:316 - End build external matchings
2026-03-16 18:42:28,882 [INFO] CheckServerUpdateThread:120 - End of CheckServer Thread
2026-03-16 18:42:29,618 [INFO] BlockDiagram:2766 - set Specific Code input for plugin: NVIC
2026-03-16 18:42:29,619 [INFO] BlockDiagram:2766 - set Specific Code input for plugin: SYS
2026-03-16 18:42:29,620 [INFO] BlockDiagram:2766 - set Specific Code input for plugin: GPIO
2026-03-16 18:42:29,620 [INFO] BlockDiagram:2766 - set Specific Code input for plugin: RCC
2026-03-16 18:42:29,627 [INFO] CodeGenerator:807 - code generatio: config db path: E:\App Download\ST\STM32CubeIDE_1.16.1\STM32CubeIDE\plugins\com.st.stm32cube.common.mx_6.12.1.202409122256\\db\
2026-03-16 18:42:30,219 [INFO] CodeEngine:255 - oldGeneratedFile, E:\STM32CubeIDE\workspace_1.16.1\led_blink_1\MXTmpFiles\license.tmp_save
2026-03-16 18:42:31,853 [INFO] CodeEngine:279 - Generated code: E:\STM32CubeIDE\workspace_1.16.1\led_blink_1\MXTmpFiles\license.tmp
2026-03-16 18:42:32,505 [INFO] CodeEngine:255 - oldGeneratedFile, E:\STM32CubeIDE\workspace_1.16.1\led_blink_1\MXTmpFiles\gpio.tmp_save
2026-03-16 18:42:33,060 [INFO] CodeEngine:279 - Generated code: E:\STM32CubeIDE\workspace_1.16.1\led_blink_1\MXTmpFiles\gpio.tmp
2026-03-16 18:42:33,328 [INFO] CodeEngine:255 - oldGeneratedFile, E:\STM32CubeIDE\workspace_1.16.1\led_blink_1\Core\Src\stm32f1xx_it.c_save
2026-03-16 18:42:33,838 [INFO] CodeEngine:279 - Generated code: E:\STM32CubeIDE\workspace_1.16.1\led_blink_1\Core\Src\stm32f1xx_it.c
2026-03-16 18:42:33,891 [INFO] CodeEngine:255 - oldGeneratedFile, E:\STM32CubeIDE\workspace_1.16.1\led_blink_1\Core\Inc\stm32f1xx_it.h_save
2026-03-16 18:42:34,265 [INFO] CodeEngine:279 - Generated code: E:\STM32CubeIDE\workspace_1.16.1\led_blink_1\Core\Inc\stm32f1xx_it.h
2026-03-16 18:42:34,391 [INFO] CodeEngine:255 - oldGeneratedFile, E:\STM32CubeIDE\workspace_1.16.1\led_blink_1\Core\Src\stm32f1xx_hal_msp.c_save
2026-03-16 18:42:34,890 [INFO] CodeEngine:279 - Generated code: E:\STM32CubeIDE\workspace_1.16.1\led_blink_1\Core\Src\stm32f1xx_hal_msp.c
2026-03-16 18:42:34,932 [INFO] CodeEngine:255 - oldGeneratedFile, E:\STM32CubeIDE\workspace_1.16.1\led_blink_1\MXTmpFiles\system.tmp_save
2026-03-16 18:42:35,202 [INFO] CodeEngine:279 - Generated code: E:\STM32CubeIDE\workspace_1.16.1\led_blink_1\MXTmpFiles\system.tmp
2026-03-16 18:42:35,270 [INFO] CodeEngine:311 - oldGeneratedFile, E:\STM32CubeIDE\workspace_1.16.1\led_blink_1\Core\Inc\stm32f1xx_hal_conf.h_save
2026-03-16 18:42:35,532 [INFO] CodeEngine:335 - Generated code: E:\STM32CubeIDE\workspace_1.16.1\led_blink_1\Core\Inc\stm32f1xx_hal_conf.h
2026-03-16 18:42:35,740 [INFO] CodeEngine:255 - oldGeneratedFile, E:\STM32CubeIDE\workspace_1.16.1\led_blink_1\Core\Inc\main.h_save
2026-03-16 18:42:36,122 [INFO] CodeEngine:279 - Generated code: E:\STM32CubeIDE\workspace_1.16.1\led_blink_1\Core\Inc\main.h
2026-03-16 18:42:36,202 [INFO] CodeEngine:255 - oldGeneratedFile, E:\STM32CubeIDE\workspace_1.16.1\led_blink_1\Core\Src\main.c_save
2026-03-16 18:42:36,767 [INFO] CodeEngine:279 - Generated code: E:\STM32CubeIDE\workspace_1.16.1\led_blink_1\Core\Src\main.c
2026-03-16 18:42:38,589 [INFO] ProjectBuilder:3249 - Time for Copy HAL[1] : 764mS.
2026-03-16 18:42:38,625 [INFO] ProjectBuilder:4828 - Project Generator version: 4.5.0-B34
2026-03-16 18:42:39,037 [INFO] ConfigFileManager:1531 - The Die is : DIE410
2026-03-16 18:42:39,129 [INFO] ApiDbMcu:508 - Load IP Config File for FATFS
2026-03-16 18:42:39,180 [INFO] ApiDbMcu:508 - Load IP Config File for FREERTOS
2026-03-16 18:42:39,236 [INFO] ApiDbMcu:508 - Load IP Config File for USB_DEVICE
2026-03-16 18:42:41,071 [INFO] LogOutputStream:77 - [STDOUT_REDIRECT] 
2026-03-16 18:42:53,761 [INFO] ProjectBuilder:5097 - Time for Generating toolchain IDE Files: 15136mS.
2026-03-16 18:42:53,766 [INFO] ProjectBuilder:3107 - Time for Copy CMSIS : 4mS.
2026-03-16 18:42:53,779 [INFO] ProjectBuilder:3107 - Time for Copy CMSIS : 1mS.
2026-03-16 18:43:51,171 [INFO] WebApp:189 - Connection lost
2026-03-16 18:44:02,552 [INFO] WebApp:186 - Connection restablished
2026-03-16 18:55:26,081 [ERROR] LogOutputStream:75 - [STDERR_REDIRECT] 
