2026-03-18 11:09:27,815 [INFO] Activator:176 - 


2026-03-18 11:09:27,852 [INFO] Activator:177 - !SESSION log4j initialized
2026-03-18 11:10:02,380 [INFO] LogOutputStream:77 - [STDOUT_REDIRECT] 
2026-03-18 11:10:30,143 [ERROR] ConfigurationRetriever:142 - IOException on connection: Connect timed out
2026-03-18 11:10:31,453 [INFO] ApplicationProperties:184 - Using Application install path: E:\App Download\ST\STM32CubeIDE_1.16.1\STM32CubeIDE\plugins\com.st.stm32cube.common.mx_6.12.1.202409122256
2026-03-18 11:10:31,554 [INFO] DbMcusXml:78 - Set database path to: E:\App Download\ST\STM32CubeIDE_1.16.1\STM32CubeIDE\plugins\com.st.stm32cube.common.mx_6.12.1.202409122256\\db\/mcu/
2026-03-18 11:10:31,555 [INFO] ApiDb:274 - Set plugin database path to: E:\App Download\ST\STM32CubeIDE_1.16.1\STM32CubeIDE\plugins\com.st.stm32cube.common.mx_6.12.1.202409122256\\db\/plugins/boardmanager/
2026-03-18 11:10:31,556 [WARN] ApiDb:259 - Overriding images path with different value:  => E:\App Download\ST\STM32CubeIDE_1.16.1\STM32CubeIDE\plugins\com.st.stm32cube.common.mx_6.12.1.202409122256\\db\/plugins/mcufinder/images/
2026-03-18 11:10:31,673 [INFO] ApiDb:250 - Set database path to: C:\Users\DELL\.stmcufinder\plugins\mcufinder//mcu/
2026-03-18 11:10:31,675 [INFO] DbMcusAds:125 - Set database path to: C:\Users\DELL\.stmcufinder\plugins\mcufinder//mcu/
2026-03-18 11:10:32,146 [ERROR] ConfigurationRetriever:142 - IOException on connection: Connect timed out
2026-03-18 11:10:34,149 [ERROR] ConfigurationRetriever:142 - IOException on connection: Connect timed out
2026-03-18 11:10:43,729 [INFO] CrossReferenceDbSqlite:203 - Set database path to: C:\Users\DELL\.stmcufinder\plugins\mcufinder//mcu/cs/
2026-03-18 11:10:44,288 [INFO] RulesReader:64 - Compatibility file has been processed (297 Rules)
2026-03-18 11:10:44,817 [INFO] DbMcusXml:78 - Set database path to: E:\App Download\ST\STM32CubeIDE_1.16.1\STM32CubeIDE\plugins\com.st.stm32cube.common.mx_6.12.1.202409122256\\db\/mcu/
2026-03-18 11:10:44,817 [INFO] ApiDb:274 - Set plugin database path to: E:\App Download\ST\STM32CubeIDE_1.16.1\STM32CubeIDE\plugins\com.st.stm32cube.common.mx_6.12.1.202409122256\\db\/plugins/boardmanager/
2026-03-18 11:10:44,818 [INFO] ApiDb:261 - Set plugin images path to: E:\App Download\ST\STM32CubeIDE_1.16.1\STM32CubeIDE\plugins\com.st.stm32cube.common.mx_6.12.1.202409122256\\db\/plugins/mcufinder/images/
2026-03-18 11:10:44,819 [WARN] DbFile:41 - Overriding database path with different value: C:\Users\DELL\.stmcufinder\plugins\mcufinder/ => C:\Users\DELL\.stmcufinder\plugins\mcufinder
2026-03-18 11:10:44,820 [INFO] ApiDb:250 - Set database path to: C:\Users\DELL\.stmcufinder\plugins\mcufinder//mcu/
2026-03-18 11:10:44,820 [WARN] DbFile:41 - Overriding database path with different value: C:\Users\DELL\.stmcufinder\plugins\mcufinder/ => C:\Users\DELL\.stmcufinder\plugins\mcufinder
2026-03-18 11:10:44,821 [INFO] DbMcusAds:125 - Set database path to: C:\Users\DELL\.stmcufinder\plugins\mcufinder//mcu/
2026-03-18 11:10:44,821 [WARN] DbFile:41 - Overriding database path with different value: C:\Users\DELL\.stmcufinder\plugins\mcufinder/ => C:\Users\DELL\.stmcufinder\plugins\mcufinder
2026-03-18 11:10:44,822 [WARN] DbFile:41 - Overriding database path with different value: C:\Users\DELL\.stmcufinder\plugins\mcufinder/ => C:\Users\DELL\.stmcufinder\plugins\mcufinder
2026-03-18 11:10:44,823 [INFO] CrossReferenceDbSqlite:203 - Set database path to: C:\Users\DELL\.stmcufinder\plugins\mcufinder//mcu/cs/
2026-03-18 11:10:45,192 [INFO] MainPanel:268 - HeapMemory: 268435456
2026-03-18 11:10:45,709 [INFO] DbMcusXml:78 - Set database path to: E:\App Download\ST\STM32CubeIDE_1.16.1\STM32CubeIDE\plugins\com.st.stm32cube.common.mx_6.12.1.202409122256\\db\/mcu/
2026-03-18 11:10:45,709 [INFO] ApiDb:274 - Set plugin database path to: E:\App Download\ST\STM32CubeIDE_1.16.1\STM32CubeIDE\plugins\com.st.stm32cube.common.mx_6.12.1.202409122256\\db\/plugins/boardmanager/
2026-03-18 11:10:45,710 [INFO] ApiDb:261 - Set plugin images path to: E:\App Download\ST\STM32CubeIDE_1.16.1\STM32CubeIDE\plugins\com.st.stm32cube.common.mx_6.12.1.202409122256\\db\/plugins/mcufinder/images/
2026-03-18 11:10:45,713 [WARN] DbFile:41 - Overriding database path with different value: C:\Users\DELL\.stmcufinder\plugins\mcufinder/ => C:\Users\DELL\.stmcufinder\plugins\mcufinder
2026-03-18 11:10:45,713 [INFO] ApiDb:250 - Set database path to: C:\Users\DELL\.stmcufinder\plugins\mcufinder//mcu/
2026-03-18 11:10:45,714 [WARN] DbFile:41 - Overriding database path with different value: C:\Users\DELL\.stmcufinder\plugins\mcufinder/ => C:\Users\DELL\.stmcufinder\plugins\mcufinder
2026-03-18 11:10:45,714 [INFO] DbMcusAds:125 - Set database path to: C:\Users\DELL\.stmcufinder\plugins\mcufinder//mcu/
2026-03-18 11:10:45,715 [WARN] DbFile:41 - Overriding database path with different value: C:\Users\DELL\.stmcufinder\plugins\mcufinder/ => C:\Users\DELL\.stmcufinder\plugins\mcufinder
2026-03-18 11:10:45,715 [WARN] DbFile:41 - Overriding database path with different value: C:\Users\DELL\.stmcufinder\plugins\mcufinder/ => C:\Users\DELL\.stmcufinder\plugins\mcufinder
2026-03-18 11:10:45,715 [INFO] CrossReferenceDbSqlite:203 - Set database path to: C:\Users\DELL\.stmcufinder\plugins\mcufinder//mcu/cs/
2026-03-18 11:10:45,796 [INFO] ApplicationProperties:184 - Using Application install path: E:\App Download\ST\STM32CubeIDE_1.16.1\STM32CubeIDE\plugins\com.st.stm32cube.common.mx_6.12.1.202409122256
2026-03-18 11:10:45,801 [INFO] PluginManage:196 - Search for loadable plugins [exclusion list=, ]
2026-03-18 11:10:45,807 [INFO] PluginManage:310 - Check plugin analytics
2026-03-18 11:10:51,310 [INFO] AnalyticsPlugin:253 - Accepted Software Licenses: 
2026-03-18 11:10:51,311 [INFO] AnalyticsPlugin:255 - Accepted CMSIS Pack Licenses: 
2026-03-18 11:10:51,312 [INFO] AnalyticsPlugin:257 - Accepted Firmware Licenses: 
2026-03-18 11:10:51,321 [INFO] PluginManage:359 - Loaded plugin analytics (category:tool,tabindex:-1)
2026-03-18 11:10:51,321 [INFO] PluginManage:310 - Check plugin cadmodel
2026-03-18 11:10:51,361 [INFO] CADModel:105 - Init CAD model plugin
2026-03-18 11:10:51,362 [INFO] PluginManage:359 - Loaded plugin cadmodel (category:power,tabindex:5)
2026-03-18 11:10:51,362 [INFO] PluginManage:310 - Check plugin clock
2026-03-18 11:10:51,415 [INFO] PluginManage:359 - Loaded plugin clock (category:base,tabindex:2)
2026-03-18 11:10:51,415 [INFO] PluginManage:310 - Check plugin ddr
2026-03-18 11:10:51,421 [INFO] PluginManage:359 - Loaded plugin ddr (category:tool,tabindex:6)
2026-03-18 11:10:51,421 [INFO] PluginManage:310 - Check plugin filemanager
2026-03-18 11:10:51,938 [INFO] PluginManage:359 - Loaded plugin filemanager (category:base,tabindex:10)
2026-03-18 11:10:51,938 [INFO] PluginManage:310 - Check plugin ipmanager
2026-03-18 11:10:51,997 [INFO] PluginManage:359 - Loaded plugin ipmanager (category:base,tabindex:5)
2026-03-18 11:10:51,998 [INFO] PluginManage:310 - Check plugin lpbam
2026-03-18 11:10:52,048 [INFO] PluginManage:359 - Loaded plugin lpbam (category:base,tabindex:0)
2026-03-18 11:10:52,048 [INFO] PluginManage:310 - Check plugin memorymap
2026-03-18 11:10:52,194 [INFO] PluginManage:359 - Loaded plugin memorymap (category:base,tabindex:4)
2026-03-18 11:10:52,194 [INFO] PluginManage:310 - Check plugin pinoutandconfiguration
2026-03-18 11:10:52,234 [INFO] PluginManage:359 - Loaded plugin pinoutandconfiguration (category:base,tabindex:1)
2026-03-18 11:10:52,234 [INFO] PluginManage:310 - Check plugin pinoutconfig
2026-03-18 11:10:52,590 [WARN] SupportedApi:132 - Cannot load RTOS API schema: s4s-elt-must-match.1: The content of 'definitions' must match (annotation?, (simpleType | complexType)?, (unique | key | keyref)*)). A problem was found starting at: attribute.
2026-03-18 11:10:53,198 [INFO] PluginManage:359 - Loaded plugin pinoutconfig (category:base,tabindex:0)
2026-03-18 11:10:53,198 [INFO] PluginManage:310 - Check plugin power
2026-03-18 11:10:53,284 [INFO] PluginManage:359 - Loaded plugin power (category:power,tabindex:4)
2026-03-18 11:10:53,284 [INFO] PluginManage:310 - Check plugin projectmanager
2026-03-18 11:10:53,373 [INFO] PluginManage:359 - Loaded plugin projectmanager (category:projectmanager,tabindex:4)
2026-03-18 11:10:53,374 [INFO] PluginManage:310 - Check plugin rif
2026-03-18 11:10:53,399 [INFO] PluginManage:359 - Loaded plugin rif (category:base,tabindex:3)
2026-03-18 11:10:53,400 [INFO] PluginManage:310 - Check plugin thirdparty
2026-03-18 11:10:53,985 [INFO] PluginManage:359 - Loaded plugin thirdparty (category:base,tabindex:-1)
2026-03-18 11:10:53,985 [WARN] IntegrityCheckThread:84 - waiting for thirdparty lock release [integrity check]
2026-03-18 11:10:53,986 [INFO] PluginManage:310 - Check plugin tools
2026-03-18 11:10:53,986 [INFO] IntegrityCheckThread:86 - entering critical section [integrity check]
2026-03-18 11:10:53,987 [INFO] ThirdPartyUpdaterWithRetryManager:70 - Updater plugin not ready yet. [1/15]
2026-03-18 11:10:54,019 [INFO] PluginManage:359 - Loaded plugin tools (category:base,tabindex:7)
2026-03-18 11:10:54,019 [INFO] PluginManage:310 - Check plugin tutovideos
2026-03-18 11:10:54,730 [INFO] PluginManage:359 - Loaded plugin tutovideos (category:base,tabindex:-1)
2026-03-18 11:10:54,731 [INFO] PluginManage:310 - Check plugin updater
2026-03-18 11:10:54,795 [INFO] PluginManage:359 - Loaded plugin updater (category:base,tabindex:12)
2026-03-18 11:10:54,796 [INFO] PluginManage:310 - Check plugin userauth
2026-03-18 11:10:54,836 [INFO] UserAuth:113 - Init User Auth plugin
2026-03-18 11:10:54,837 [INFO] PluginManage:359 - Loaded plugin userauth (category:base,tabindex:14)
2026-03-18 11:10:54,839 [INFO] PluginManage:283 - PluginManage : Loaded plugins [18]
2026-03-18 11:10:55,847 [INFO] PinOutPanel:1561 - setPackage(No Configuration,No Configuration)
2026-03-18 11:10:56,192 [INFO] CADModel:165 - CPN selected for project level
2026-03-18 11:10:56,192 [INFO] CADModel:114 - Register for checkConnection events
2026-03-18 11:10:56,348 [INFO] IPUIPlugin:80 - create IPUIPlugin
2026-03-18 11:10:56,349 [INFO] PluginManager:220 - loadIPPluginJar : add adc
2026-03-18 11:10:56,371 [INFO] IPUIPlugin:80 - create IPUIPlugin
2026-03-18 11:10:56,372 [INFO] PluginManager:220 - loadIPPluginJar : add aes
2026-03-18 11:10:56,387 [INFO] IPUIPlugin:80 - create IPUIPlugin
2026-03-18 11:10:56,387 [INFO] PluginManager:220 - loadIPPluginJar : add can
2026-03-18 11:10:56,393 [INFO] IPUIPlugin:80 - create IPUIPlugin
2026-03-18 11:10:56,393 [INFO] PluginManager:220 - loadIPPluginJar : add comp
2026-03-18 11:10:56,437 [INFO] IPUIPlugin:80 - create IPUIPlugin
2026-03-18 11:10:56,438 [INFO] PluginManager:220 - loadIPPluginJar : add cryp
2026-03-18 11:10:56,481 [INFO] IPUIPlugin:80 - create IPUIPlugin
2026-03-18 11:10:56,481 [INFO] PluginManager:220 - loadIPPluginJar : add ddr_ctrl_phy
2026-03-18 11:10:56,489 [INFO] IPUIPlugin:80 - create IPUIPlugin
2026-03-18 11:10:56,490 [INFO] PluginManager:220 - loadIPPluginJar : add dfsdm
2026-03-18 11:10:56,557 [INFO] IPUIPlugin:80 - create IPUIPlugin
2026-03-18 11:10:56,559 [INFO] PluginManager:220 - loadIPPluginJar : add dma
2026-03-18 11:10:56,575 [INFO] IPUIPlugin:80 - create IPUIPlugin
2026-03-18 11:10:56,576 [INFO] PluginManager:220 - loadIPPluginJar : add dma3
2026-03-18 11:10:56,584 [INFO] IPUIPlugin:80 - create IPUIPlugin
2026-03-18 11:10:56,585 [INFO] PluginManager:220 - loadIPPluginJar : add extmemmanager
2026-03-18 11:10:56,599 [INFO] IPUIPlugin:80 - create IPUIPlugin
2026-03-18 11:10:56,600 [INFO] PluginManager:220 - loadIPPluginJar : add fatfs
2026-03-18 11:10:56,614 [INFO] IPUIPlugin:80 - create IPUIPlugin
2026-03-18 11:10:56,614 [INFO] PluginManager:220 - loadIPPluginJar : add fmc
2026-03-18 11:10:56,666 [INFO] IPUIPlugin:80 - create IPUIPlugin
2026-03-18 11:10:56,667 [INFO] PluginManager:220 - loadIPPluginJar : add freertos
2026-03-18 11:10:56,687 [INFO] IPUIPlugin:80 - create IPUIPlugin
2026-03-18 11:10:56,688 [INFO] PluginManager:220 - loadIPPluginJar : add genericplugin
2026-03-18 11:10:56,693 [INFO] IPUIPlugin:80 - create IPUIPlugin
2026-03-18 11:10:56,694 [INFO] PluginManager:220 - loadIPPluginJar : add gfxmmu
2026-03-18 11:10:56,707 [INFO] IPUIPlugin:80 - create IPUIPlugin
2026-03-18 11:10:56,708 [INFO] PluginManager:220 - loadIPPluginJar : add gic
2026-03-18 11:10:56,748 [INFO] IPUIPlugin:80 - create IPUIPlugin
2026-03-18 11:10:56,748 [INFO] PluginManager:220 - loadIPPluginJar : add gpio
2026-03-18 11:10:56,758 [INFO] IPUIPlugin:80 - create IPUIPlugin
2026-03-18 11:10:56,759 [INFO] PluginManager:220 - loadIPPluginJar : add gtzc
2026-03-18 11:10:56,767 [INFO] IPUIPlugin:80 - create IPUIPlugin
2026-03-18 11:10:56,768 [INFO] PluginManager:220 - loadIPPluginJar : add hash
2026-03-18 11:10:56,777 [INFO] IPUIPlugin:80 - create IPUIPlugin
2026-03-18 11:10:56,778 [INFO] PluginManager:220 - loadIPPluginJar : add i2c
2026-03-18 11:10:56,796 [INFO] IPUIPlugin:80 - create IPUIPlugin
2026-03-18 11:10:56,796 [INFO] PluginManager:220 - loadIPPluginJar : add i2s
2026-03-18 11:10:56,806 [INFO] IPUIPlugin:80 - create IPUIPlugin
2026-03-18 11:10:56,806 [INFO] PluginManager:220 - loadIPPluginJar : add i3c
2026-03-18 11:10:56,833 [INFO] IPUIPlugin:80 - create IPUIPlugin
2026-03-18 11:10:56,833 [INFO] PluginManager:220 - loadIPPluginJar : add ipddr
2026-03-18 11:10:56,873 [INFO] IPUIPlugin:80 - create IPUIPlugin
2026-03-18 11:10:56,874 [INFO] PluginManager:220 - loadIPPluginJar : add linkedlist
2026-03-18 11:10:56,898 [INFO] IPUIPlugin:80 - create IPUIPlugin
2026-03-18 11:10:56,898 [INFO] PluginManager:220 - loadIPPluginJar : add lorawan
2026-03-18 11:10:56,904 [INFO] IPUIPlugin:80 - create IPUIPlugin
2026-03-18 11:10:56,904 [INFO] PluginManager:220 - loadIPPluginJar : add ltdc
2026-03-18 11:10:56,923 [INFO] IPUIPlugin:80 - create IPUIPlugin
2026-03-18 11:10:56,924 [INFO] PluginManager:220 - loadIPPluginJar : add mdma
2026-03-18 11:10:56,947 [INFO] IPUIPlugin:80 - create IPUIPlugin
2026-03-18 11:10:56,948 [INFO] PluginManager:220 - loadIPPluginJar : add nvic
2026-03-18 11:10:56,964 [INFO] IPUIPlugin:80 - create IPUIPlugin
2026-03-18 11:10:56,964 [INFO] PluginManager:220 - loadIPPluginJar : add opamp
2026-03-18 11:10:56,974 [INFO] IPUIPlugin:80 - create IPUIPlugin
2026-03-18 11:10:56,975 [INFO] PluginManager:220 - loadIPPluginJar : add openamp
2026-03-18 11:10:56,984 [INFO] IPUIPlugin:80 - create IPUIPlugin
2026-03-18 11:10:56,984 [INFO] PluginManager:220 - loadIPPluginJar : add pdm2pcm
2026-03-18 11:10:56,988 [INFO] ThirdPartyUpdaterWithRetryManager:70 - Updater plugin not ready yet. [2/15]
2026-03-18 11:10:57,003 [INFO] IPUIPlugin:80 - create IPUIPlugin
2026-03-18 11:10:57,012 [INFO] PluginManager:220 - loadIPPluginJar : add plateformsettings
2026-03-18 11:10:57,052 [INFO] IPUIPlugin:80 - create IPUIPlugin
2026-03-18 11:10:57,053 [INFO] PluginManager:220 - loadIPPluginJar : add quadspi
2026-03-18 11:10:57,059 [INFO] IPUIPlugin:80 - create IPUIPlugin
2026-03-18 11:10:57,061 [INFO] PluginManager:220 - loadIPPluginJar : add radio
2026-03-18 11:10:57,073 [INFO] IPUIPlugin:80 - create IPUIPlugin
2026-03-18 11:10:57,073 [INFO] PluginManager:220 - loadIPPluginJar : add resmgrutility
2026-03-18 11:10:57,081 [INFO] IPUIPlugin:80 - create IPUIPlugin
2026-03-18 11:10:57,082 [INFO] PluginManager:220 - loadIPPluginJar : add sai
2026-03-18 11:10:57,105 [INFO] IPUIPlugin:80 - create IPUIPlugin
2026-03-18 11:10:57,106 [INFO] PluginManager:220 - loadIPPluginJar : add spi
2026-03-18 11:10:57,120 [INFO] IPUIPlugin:80 - create IPUIPlugin
2026-03-18 11:10:57,121 [INFO] PluginManager:220 - loadIPPluginJar : add stm32_wpan
2026-03-18 11:10:57,127 [INFO] IPUIPlugin:80 - create IPUIPlugin
2026-03-18 11:10:57,128 [INFO] PluginManager:220 - loadIPPluginJar : add tim
2026-03-18 11:10:57,141 [INFO] IPUIPlugin:80 - create IPUIPlugin
2026-03-18 11:10:57,142 [INFO] PluginManager:220 - loadIPPluginJar : add touchsensing
2026-03-18 11:10:57,160 [INFO] IPUIPlugin:80 - create IPUIPlugin
2026-03-18 11:10:57,161 [INFO] PluginManager:220 - loadIPPluginJar : add tracer_emb
2026-03-18 11:10:57,168 [INFO] IPUIPlugin:80 - create IPUIPlugin
2026-03-18 11:10:57,169 [INFO] PluginManager:220 - loadIPPluginJar : add ts
2026-03-18 11:10:57,176 [INFO] IPUIPlugin:80 - create IPUIPlugin
2026-03-18 11:10:57,190 [INFO] PluginManager:220 - loadIPPluginJar : add tsc
2026-03-18 11:10:57,199 [INFO] IPUIPlugin:80 - create IPUIPlugin
2026-03-18 11:10:57,200 [INFO] PluginManager:220 - loadIPPluginJar : add ucpd
2026-03-18 11:10:57,230 [INFO] IPUIPlugin:80 - create IPUIPlugin
2026-03-18 11:10:57,230 [INFO] PluginManager:220 - loadIPPluginJar : add usart
2026-03-18 11:10:57,248 [INFO] IPUIPlugin:80 - create IPUIPlugin
2026-03-18 11:10:57,249 [INFO] PluginManager:220 - loadIPPluginJar : add usbx
2026-03-18 11:10:57,587 [INFO] CADModel:165 - CPN selected for project level
2026-03-18 11:10:57,588 [INFO] CADModel:114 - Register for checkConnection events
2026-03-18 11:10:57,589 [FATAL] Updater:334 - Updater called before beeing initialized
2026-03-18 11:10:57,590 [ERROR] CADModel:125 - Updater not yet initialized, retry later 
2026-03-18 11:10:58,228 [INFO] CADModel:165 - CPN selected for project level
2026-03-18 11:10:58,229 [INFO] CADModel:114 - Register for checkConnection events
2026-03-18 11:10:58,229 [FATAL] Updater:334 - Updater called before beeing initialized
2026-03-18 11:10:58,229 [ERROR] CADModel:125 - Updater not yet initialized, retry later 
2026-03-18 11:10:58,240 [FATAL] Updater:334 - Updater called before beeing initialized
2026-03-18 11:10:58,654 [FATAL] Updater:334 - Updater called before beeing initialized
2026-03-18 11:10:58,691 [INFO] DbMcusAds:53 - JSON generation date=Thu Mar 05 20:02:52 IST 2026 (1772721172610)
2026-03-18 11:10:58,692 [FATAL] Updater:334 - Updater called before beeing initialized
2026-03-18 11:10:58,924 [WARN] DetailPanel:346 - Failed to get advertising image, set to default
2026-03-18 11:10:59,295 [FATAL] Updater:334 - Updater called before beeing initialized
2026-03-18 11:10:59,301 [FATAL] Updater:334 - Updater called before beeing initialized
2026-03-18 11:10:59,302 [FATAL] Updater:334 - Updater called before beeing initialized
2026-03-18 11:10:59,302 [WARN] DetailPanel:346 - Failed to get advertising image, set to default
2026-03-18 11:10:59,305 [FATAL] Updater:334 - Updater called before beeing initialized
2026-03-18 11:10:59,651 [ERROR] Updater:1164 - MainUpdater not yet initialized. External WinMGr cannot be set.
2026-03-18 11:10:59,657 [INFO] Updater:1100 - Updater Version found : 6.12.1
2026-03-18 11:10:59,716 [INFO] ApplicationProperties:184 - Using Application install path: E:\App Download\ST\STM32CubeIDE_1.16.1\STM32CubeIDE\plugins\com.st.stm32cube.common.mx_6.12.1.202409122256
2026-03-18 11:10:59,990 [INFO] ThirdPartyUpdaterWithRetryManager:70 - Updater plugin not ready yet. [3/15]
2026-03-18 11:11:01,342 [ERROR] LogOutputStream:75 - [STDERR_REDIRECT] Mar 18, 2026 11:11:01 AM java.util.prefs.WindowsPreferences <init>
2026-03-18 11:11:01,346 [ERROR] LogOutputStream:75 - [STDERR_REDIRECT] WARNING: Could not open/create prefs root node Software\JavaSoft\Prefs at root 0xffffffff80000002. Windows RegCreateKeyEx(...) returned error code 5.
2026-03-18 11:11:01,348 [ERROR] LogOutputStream:75 - [STDERR_REDIRECT] 
2026-03-18 11:11:02,991 [FATAL] Updater:334 - Updater called before beeing initialized
2026-03-18 11:11:02,992 [ERROR] IntegrityCheckThread:130 - Cannot retrieve database content from updater: error 21
2026-03-18 11:11:02,992 [INFO] ThirdParty:978 - Integrity check success = false
2026-03-18 11:11:02,993 [INFO] IntegrityCheckThread:100 - exiting critical section [integrity check]
2026-03-18 11:11:02,993 [INFO] IntegrityCheckThread:103 - End integrity checks thread
2026-03-18 11:11:03,040 [INFO] MainUpdater:2873 - connection check result : 10
2026-03-18 11:11:03,042 [INFO] MainUpdater:290 - Updater Check For Update Now.
2026-03-18 11:11:03,042 [INFO] MicroXplorer:498 - Change Database Version : DB.6.0.121
2026-03-18 11:11:03,063 [INFO] McuFinderGlobals:63 - Set McuFinder mode to 2 (CubeIDE integrated)
2026-03-18 11:11:03,064 [INFO] UserAuth:179 - activating auth plugin
2026-03-18 11:11:03,082 [INFO] UserAuth:417 - Internet connection configuration mode: 1
2026-03-18 11:11:03,216 [INFO] JxBrowserEngine:152 - Initiate JxBrowser Engine with user profile folder
2026-03-18 11:11:03,450 [INFO] CheckServerUpdateThread:120 - End of CheckServer Thread
2026-03-18 11:11:06,319 [INFO] WebApp:167 - Instantiating new browser for Auth
2026-03-18 11:11:07,326 [ERROR] ConfigurationRetriever:142 - IOException on connection: Read timed out
2026-03-18 11:11:10,138 [INFO] WebApp:448 - Apply proxy settings
2026-03-18 11:11:10,139 [INFO] WebApp:533 - Chromium requires no authentication
2026-03-18 11:11:10,188 [INFO] WebApp:476 - Direct internet connection detected
2026-03-18 11:11:10,272 [INFO] WebApp:869 - Register for checkConnection events
2026-03-18 11:11:10,273 [INFO] WebApp:448 - Apply proxy settings
2026-03-18 11:11:10,273 [INFO] WebApp:533 - Chromium requires no authentication
2026-03-18 11:11:10,274 [INFO] WebApp:476 - Direct internet connection detected
2026-03-18 11:11:11,138 [INFO] WebApp:220 - Starting web application
2026-03-18 11:11:11,139 [INFO] WebApp:578 - Web application path used E:\App Download\ST\STM32CubeIDE_1.16.1\STM32CubeIDE\plugins\com.st.stm32cube.common.mx_6.12.1.202409122256\db\plugins\mcufinder\reactClient1\index.html
2026-03-18 11:11:11,868 [INFO] WebApp:186 - Connection restablished
2026-03-18 11:11:27,445 [INFO] McuFinderGlobals:63 - Set McuFinder mode to 2 (CubeIDE integrated)
2026-03-18 11:11:27,473 [INFO] MainUpdater:2873 - connection check result : 10
2026-03-18 11:11:28,541 [INFO] ApiDb:581 - Connected to CubeFinder SQLite database (C:\Users\DELL\.stmcufinder\plugins\mcufinder\mcu\cube-finder-db.db)
2026-03-18 11:11:28,942 [INFO] ApiDb:668 - CubeFinder database Data Model version=2.1
2026-03-18 11:11:28,942 [INFO] ApiDb:669 - CubeFinder database Configuration version=3.0.42
2026-03-18 11:11:28,943 [INFO] ApiDb:670 - CubeFinder database generation date=2026-03-11 (1773229989)
2026-03-18 11:11:28,944 [INFO] ApiDb:671 - CubeFinder database FW Pack versions=[FP-ATR-ASTRA1_V2.0.0, FP-SNS-FLIGHT1_V5.1.0, FP-SNS-MOTENV1_V5.1.0, FP-SNS-MOTENVWB1_V1.5.0, FP-SNS-SMARTAG2_V1.2.0, FP-SNS-STBOX1_V2.1.0, STM32Cube_FW_C0_V1.4.0, STM32Cube_FW_F4_V1.28.3, STM32Cube_FW_F7_V1.17.4, STM32Cube_FW_G0_V1.6.3, STM32Cube_FW_G4_V1.6.2, STM32Cube_FW_H5_V1.6.0, STM32Cube_FW_H7RS_V1.3.0, STM32Cube_FW_H7_V1.13.0, STM32Cube_FW_L0_V1.12.2, STM32Cube_FW_L4_V1.18.2, STM32Cube_FW_L5_V1.6.0, STM32Cube_FW_N6_V1.3.0, STM32Cube_FW_U0_V1.3.0, STM32Cube_FW_U3_V1.3.0, STM32Cube_FW_U5_V1.8.0, STM32Cube_FW_WB0_V1.4.0, STM32Cube_FW_WBA_V1.9.0, STM32Cube_FW_WB_V1.24.0, STM32Cube_FW_WL3_V1.4.0, STM32Cube_FW_WL_V1.5.0, X-CUBE-ALGOBUILD_V1.4.0, X-CUBE-ALS_V1.0.2, X-CUBE-AZRTOS-F4_V1.1.0, X-CUBE-AZRTOS-F7_V1.1.0, X-CUBE-AZRTOS-G0_V1.1.0, X-CUBE-AZRTOS-G4_V2.0.0, X-CUBE-AZRTOS-H7RS_V1.1.0, X-CUBE-AZRTOS-H7_V3.4.0, X-CUBE-AZRTOS-L4_V2.0.0, X-CUBE-AZRTOS-L5_V2.0.0, X-CUBE-AZRTOS-WB_V2.0.0, X-CUBE-AZRTOS-WL_V2.0.0, X-CUBE-BLE1_V7.1.0, X-CUBE-BLE2_V3.3.0, X-CUBE-BLEMGR_V4.1.0, X-CUBE-EEPRMA1_V5.2.0, X-CUBE-FREERTOS_V1.5.0, X-CUBE-GNSS1_V6.0.0, X-CUBE-MEMS1_V12.0.0, X-CUBE-NFC4_V3.0.0, X-CUBE-NFC7_V2.0.0, X-CUBE-SFXS2LP1_V4.0.0, X-CUBE-ST67W61_V1.2.0, X-CUBE-SUBG2_V5.0.0, X-CUBE-TOF1_V3.4.3]
2026-03-18 11:11:29,311 [INFO] DbBoardsSqlite:226 - include board P-NUCLEO-WB55-NUCLEO as a kit item of type 'Nucleo-64'
2026-03-18 11:11:29,312 [INFO] DbBoardsSqlite:226 - include board P-NUCLEO-WB55-USBDONGLE as a kit item of type 'Nucleo USB Dongle'
2026-03-18 11:11:29,315 [INFO] DbBoardsSqlite:226 - include board STEVAL-IDP005V1 as a kit item of type 'Evaluation Board'
2026-03-18 11:11:29,316 [INFO] DbBoardsSqlite:226 - include board STEVAL-IDP005V2 as a kit item of type 'Evaluation Board'
2026-03-18 11:11:30,247 [INFO] ApiDb:240 - Found 646 in-development CPN: [B-G473E-ZEST1S, B-WB1M-WPAN1, B-WL5M-SUBG1, NUCLEO-C031C6, NUCLEO-C071RB, NUCLEO-H503RB, NUCLEO-H533RE, NUCLEO-H563ZI, NUCLEO-H7S3L8, NUCLEO-U031R8, NUCLEO-U083RC, NUCLEO-U545RE-Q, NUCLEO-U5A5ZJ-Q, NUCLEO-WB05KZ, NUCLEO-WB07CC, NUCLEO-WB09KE, NUCLEO-WBA52CG, NUCLEO-WBA55CG, STEVAL-PROTEUS1, STEVAL-SMARTAG2, STEVAL-STWINBX1, STM320518-EVAL, STM32C0116-DK, STM32C011D6Y3TR, STM32C011D6Y6TR, STM32C011F4P3, STM32C011F4P6, STM32C011F4U3, STM32C011F4U6TR, STM32C011F6P3, STM32C011F6P6, STM32C011F6U3, STM32C011F6U6TR, STM32C011J4M3, STM32C011J4M6, STM32C011J6M3, STM32C011J6M6, STM32C0316-DK, STM32C031C4T3, STM32C031C4T6, STM32C031C4U3, STM32C031C4U6, STM32C031C6T3, STM32C031C6T6, STM32C031C6U3, STM32C031C6U6, STM32C031F4P3, STM32C031F4P6, STM32C031F6P3, STM32C031F6P6, STM32C031G4U3, STM32C031G4U6, STM32C031G6U3, STM32C031G6U6, STM32C031K4T3, STM32C031K4T6, STM32C031K4U3, STM32C031K4U6, STM32C031K6T3, STM32C031K6T6, STM32C031K6U3, STM32C031K6U6, STM32C071C8T6, STM32C071C8T6N, STM32C071C8U6, STM32C071C8U6N, STM32C071CBT6, STM32C071CBT6N, STM32C071CBU6, STM32C071CBU6N, STM32C071F8P6, STM32C071F8P6N, STM32C071FBP6, STM32C071FBP6N, STM32C071FBY6TR, STM32C071G8U6, STM32C071G8U6N, STM32C071GBU6, STM32C071GBU6N, STM32C071K8T6, STM32C071K8T6N, STM32C071K8U6, STM32C071K8U6N, STM32C071KBT6, STM32C071KBT6N, STM32C071KBU6, STM32C071KBU6N, STM32C071R8T6, STM32C071R8T6N, STM32C071RBI6N, STM32C071RBT6, STM32C071RBT6N, STM32G071K8TXN, STM32G071K8UXN, STM32G081GBU6N, STM32G081KBT6N, STM32G081KBUXN, STM32G0B1CCT6N, STM32G0B1KCT6, STM32G0B1NEY6TR, STM32G0B1RCT6N, STM32G0C1CCT6, STM32G0C1CCT6N, STM32G0C1CCU6N, STM32G0C1CET6N, STM32G0C1CEU6N, STM32G0C1KCT6, STM32G0C1NEY6TR, STM32G0C1RCI6N, STM32G0C1RCT6N, STM32G0C1REI6N, STM32G0C1RET6N, STM32G0C1VCI6, STM32G0C1VEI6, STM32G411C6T3, STM32G411C6T6, STM32G411C6U3, STM32G411C6U6, STM32G411C8T3, STM32G411C8T6, STM32G411C8U3, STM32G411C8U6, STM32G411CBT3, STM32G411CBT6, STM32G411CBU3, STM32G411CBU6, STM32G411K6T3, STM32G411K6T6, STM32G411K6U3, STM32G411K6U6, STM32G411K8T3, STM32G411K8T6, STM32G411K8U3, STM32G411K8U6, STM32G411KBT3, STM32G411KBT6, STM32G411KBU3, STM32G411KBU6, STM32G411M6T3, STM32G411M6T6, STM32G411M8T3, STM32G411M8T6, STM32G411MBT3, STM32G411MBT6, STM32G411R6T3, STM32G411R6T6, STM32G411R8T3, STM32G411R8T6, STM32G411RBT3, STM32G411RBT6, STM32G414CBT3, STM32G414CBT6, STM32G414CBU3, STM32G414CBU6, STM32G414CCT3, STM32G414CCT6, STM32G414CCU3, STM32G414CCU6, STM32G414MBT3, STM32G414MBT6, STM32G414MCT3, STM32G414MCT6, STM32G414RBT3, STM32G414RBT6, STM32G414RCT3, STM32G414RCT6, STM32G414VBT3, STM32G414VBT6, STM32G414VCT3, STM32G414VCT6, STM32G431CBT3Z, STM32G431RBT3Z, STM32G471CCT6, STM32G471CCU6, STM32G471CET3, STM32G471CET6, STM32G471CEU3, STM32G471CEU6, STM32G471MCT6, STM32G471MET3, STM32G471MET6, STM32G471MEY6TR, STM32G471QCT6, STM32G471QET3, STM32G471RCT6, STM32G471RET3, STM32G471RET6, STM32G471VCH6, STM32G471VCI6, STM32G471VCT6, STM32G471VEH3, STM32G471VEH6, STM32G471VEI3, STM32G471VEI6, STM32G471VET3, STM32G471VET6, STM32G473QET3Z, STM32G473RET3Z, STM32G474CCT6, STM32G491RET3Z, STM32H503CBT6, STM32H503CBU6, STM32H503EBY6TR, STM32H503KBU6, STM32H503RBT6, STM32H523CCT6, STM32H523CCU6, STM32H523CET6, STM32H523CEU6, STM32H523HEY6TR, STM32H523RCT6, STM32H523RET6, STM32H523VCI6, STM32H523VCT6, STM32H523VEI6, STM32H523VET6, STM32H523ZCJ6, STM32H523ZCT6, STM32H523ZEJ6, STM32H523ZET6, STM32H533CET6, STM32H533CEU6, STM32H533HEY6TR, STM32H533RET6, STM32H533VEI6, STM32H533VET6, STM32H533ZEJ6, STM32H533ZET6, STM32H562AGI6, STM32H562AII6, STM32H562IGK6, STM32H562IGT6, STM32H562IIK6, STM32H562IIT6, STM32H562RGT6, STM32H562RGV6, STM32H562RIT6, STM32H562RIV6, STM32H562VGT6, STM32H562VIT6, STM32H562ZGT6, STM32H562ZIT6, STM32H563AGI6, STM32H563AII3Q, STM32H563AII6, STM32H563IGK6, STM32H563IGT6, STM32H563IIK3Q, STM32H563IIK6, STM32H563IIT3Q, STM32H563IIT6, STM32H563MIY3QTR, STM32H563RGT6, STM32H563RGV6, STM32H563RIT6, STM32H563RIV6, STM32H563VGT6, STM32H563VIT3Q, STM32H563VIT6, STM32H563ZGT6, STM32H563ZIT3Q, STM32H563ZIT6, STM32H573AII3Q, STM32H573AII6, STM32H573I-DK, STM32H573IIK3Q, STM32H573IIK6, STM32H573IIT3Q, STM32H573IIT6, STM32H573MIY3QTR, STM32H573RIT6, STM32H573RIV6, STM32H573VIT3Q, STM32H573VIT6, STM32H573ZIT3Q, STM32H573ZIT6, STM32H7R3A8I6, STM32H7R3I8K6, STM32H7R3I8T6, STM32H7R3L8H6, STM32H7R3L8H6H, STM32H7R3R8V6, STM32H7R3V8H6, STM32H7R3V8T6, STM32H7R3V8Y6TR, STM32H7R3Z8J6, STM32H7R3Z8T6, STM32H7R7A8I6, STM32H7R7I8K6, STM32H7R7I8T6, STM32H7R7L8H6, STM32H7R7L8H6H, STM32H7R7Z8J6, STM32H7S3A8I6, STM32H7S3I8K6, STM32H7S3I8T6, STM32H7S3L8H6, STM32H7S3L8H6H, STM32H7S3R8V6, STM32H7S3V8H6, STM32H7S3V8T6, STM32H7S3V8Y6TR, STM32H7S3Z8J6, STM32H7S3Z8T6, STM32H7S78-DK, STM32H7S7A8I6, STM32H7S7I8K6, STM32H7S7I8T6, STM32H7S7L8H6, STM32H7S7L8H6H, STM32H7S7Z8J6, STM32L4R5QGI6STR, STM32MP131AAE3, STM32MP131AAF3, STM32MP131AAG3, STM32MP131CAE3, STM32MP131CAF3, STM32MP131CAG3, STM32MP131DAE7, STM32MP131DAF7, STM32MP131DAG7, STM32MP131FAE7, STM32MP131FAF7, STM32MP131FAG7, STM32MP133AAE3, STM32MP133AAF3, STM32MP133AAG3, STM32MP133CAE3, STM32MP133CAF3, STM32MP133CAG3, STM32MP133DAE7, STM32MP133DAF7, STM32MP133DAG7, STM32MP133FAE7, STM32MP133FAF7, STM32MP133FAG7, STM32MP135AAE3, STM32MP135AAF3, STM32MP135AAG3, STM32MP135CAE3, STM32MP135CAF3, STM32MP135CAG3, STM32MP135DAE7, STM32MP135DAF7, STM32MP135DAG7, STM32MP135F-DK, STM32MP135FAE7, STM32MP135FAF7, STM32MP135FAF7T, STM32MP135FAF7U, STM32MP135FAG7, STM32MP251AAI3, STM32MP251AAK3, STM32MP251AAL3, STM32MP251CAI3, STM32MP251CAK3, STM32MP251CAL3, STM32MP251DAI3, STM32MP251DAK3, STM32MP251DAL3, STM32MP251FAI3, STM32MP251FAK3, STM32MP251FAL3, STM32MP253AAI3, STM32MP253AAK3, STM32MP253AAL3, STM32MP253CAI3, STM32MP253CAK3, STM32MP253CAL3, STM32MP253DAI3, STM32MP253DAK3, STM32MP253DAL3, STM32MP253FAI3, STM32MP253FAK3, STM32MP253FAL3, STM32MP255AAI3, STM32MP255AAK3, STM32MP255AAL3, STM32MP255CAI3, STM32MP255CAK3, STM32MP255CAL3, STM32MP255DAI3, STM32MP255DAK3, STM32MP255DAL3, STM32MP255FAI3, STM32MP255FAK3, STM32MP255FAL3, STM32MP257AAI3, STM32MP257AAK3, STM32MP257AAL3, STM32MP257CAI3, STM32MP257CAK3, STM32MP257CAL3, STM32MP257DAI3, STM32MP257DAK3, STM32MP257DAL3, STM32MP257F-DK, STM32MP257F-EV1, STM32MP257FAI3, STM32MP257FAK3, STM32MP257FAL3, STM32U031C6T6, STM32U031C6U6, STM32U031C8T6, STM32U031C8U6, STM32U031F4P6, STM32U031F6P6, STM32U031F8P6, STM32U031G6Y6TR, STM32U031G8Y6TR, STM32U031K4U6, STM32U031K6U6, STM32U031K8U6, STM32U031R6I6, STM32U031R6T6, STM32U031R8I6, STM32U031R8T6, STM32U073C8T6, STM32U073C8U6, STM32U073CBT6, STM32U073CBU6, STM32U073CCT6, STM32U073CCU6, STM32U073H8Y6TR, STM32U073HBY6TR, STM32U073HCY6TR, STM32U073K8U6, STM32U073KBU6, STM32U073KCU6, STM32U073M8I6, STM32U073M8T6, STM32U073MBI6, STM32U073MBT6, STM32U073MCI6, STM32U073MCT6, STM32U073R8I6, STM32U073R8T6, STM32U073RBI6, STM32U073RBT6, STM32U073RCI6, STM32U073RCT6, STM32U083C-DK, STM32U083CCT6, STM32U083CCU6, STM32U083HCY6TR, STM32U083KCU6, STM32U083MCI6, STM32U083MCT6, STM32U083RCI6, STM32U083RCT6, STM32U535CBT6, STM32U535CBT6Q, STM32U535CBU6, STM32U535CBU6Q, STM32U535CCT6, STM32U535CCT6Q, STM32U535CCU6, STM32U535CCU6Q, STM32U535CET6, STM32U535CET6Q, STM32U535CEU6, STM32U535CEU6Q, STM32U535JEY6QTR, STM32U535NCY6QTR, STM32U535NEY6QTR, STM32U535RBI6, STM32U535RBI6Q, STM32U535RBT6, STM32U535RBT6Q, STM32U535RCI6, STM32U535RCI6Q, STM32U535RCT6, STM32U535RCT6Q, STM32U535REI6, STM32U535REI6Q, STM32U535RET6, STM32U535RET6Q, STM32U535VCI6, STM32U535VCI6Q, STM32U535VCT6, STM32U535VCT6Q, STM32U535VEI6, STM32U535VEI6Q, STM32U535VET6, STM32U535VET6Q, STM32U545CET6, STM32U545CET6Q, STM32U545CEU6, STM32U545CEU6Q, STM32U545JEY6QTR, STM32U545NEY6QTR, STM32U545REI6, STM32U545REI6Q, STM32U545RET6, STM32U545RET6Q, STM32U545VEI6, STM32U545VEI6Q, STM32U545VET6, STM32U545VET6Q, STM32U595AIH6, STM32U595AIH6Q, STM32U595AJH6, STM32U595AJH6Q, STM32U595QII6, STM32U595QII6Q, STM32U595QJI6, STM32U595QJI6Q, STM32U595RIT6, STM32U595RIT6Q, STM32U595RJT6, STM32U595RJT6Q, STM32U595VIT6, STM32U595VIT6Q, STM32U595VJT6, STM32U595VJT6Q, STM32U595ZIT6, STM32U595ZIT6Q, STM32U595ZIY6QTR, STM32U595ZJT6, STM32U595ZJT6Q, STM32U595ZJY6QTR, STM32U599BJY6QTR, STM32U599NIH6Q, STM32U599NJH6Q, STM32U599VIT6Q, STM32U599VJT6, STM32U599VJT6Q, STM32U599ZIT6Q, STM32U599ZIY6QTR, STM32U599ZJT6Q, STM32U599ZJY6QTR, STM32U5A5AJH6, STM32U5A5AJH6Q, STM32U5A5QII3Q , STM32U5A5QJI6, STM32U5A5QJI6Q, STM32U5A5RJT6, STM32U5A5RJT6Q, STM32U5A5VJT6, STM32U5A5VJT6Q, STM32U5A5ZJT6, STM32U5A5ZJT6Q, STM32U5A5ZJY6QTR, STM32U5A9BJY6QTR, STM32U5A9J-DK, STM32U5A9NJH6Q, STM32U5A9VJT6Q, STM32U5A9ZJT6Q, STM32U5A9ZJY6QTR, STM32U5F7VIT6, STM32U5F7VIT6Q, STM32U5F7VJT6, STM32U5F7VJT6Q, STM32U5F9BJY6QTR, STM32U5F9NJH6Q, STM32U5F9VIT6Q, STM32U5F9VJT6Q, STM32U5F9ZIJ6QTR, STM32U5F9ZIT6Q, STM32U5F9ZJJ6QTR, STM32U5F9ZJT6Q, STM32U5G7VJT6, STM32U5G7VJT6Q, STM32U5G9BJY6QTR, STM32U5G9J-DK1, STM32U5G9J-DK2, STM32U5G9NJH6Q, STM32U5G9VJT6Q, STM32U5G9ZJJ6QTR, STM32U5G9ZJT6Q, STM32WB05KZV6TR, STM32WB05KZV7TR, STM32WB05TZF6TR, STM32WB05TZF7TR, STM32WB06CCF6TR, STM32WB06CCF7TR, STM32WB06CCV6TR, STM32WB06CCV7TR, STM32WB06KCV6TR, STM32WB06KCV7TR, STM32WB07CCF6TR, STM32WB07CCF7TR, STM32WB07CCV6TR, STM32WB07CCV7TR, STM32WB07KCV6TR, STM32WB07KCV7TR, STM32WB09KEV6TR, STM32WB09KEV7TR, STM32WB09TEF6TR, STM32WB09TEF7TR, STM32WB1MMCH6, STM32WBA50KGU6, STM32WBA50KGU6TR, STM32WBA52CEU6, STM32WBA52CEU6TR, STM32WBA52CEU7, STM32WBA52CEU7TR, STM32WBA52CGU6, STM32WBA52CGU6TR, STM32WBA52CGU6U, STM32WBA52CGU7, STM32WBA52CGU7TR, STM32WBA52KEU6, STM32WBA52KEU6TR, STM32WBA52KGU6, STM32WBA52KGU6TR, STM32WBA54CEU6, STM32WBA54CEU6TR, STM32WBA54CEU7, STM32WBA54CEU7TR, STM32WBA54CGU6, STM32WBA54CGU6TR, STM32WBA54CGU7, STM32WBA54CGU7TR, STM32WBA54KEU6, STM32WBA54KEU6TR, STM32WBA54KEU7, STM32WBA54KEU7TR, STM32WBA54KGU6, STM32WBA54KGU6TR, STM32WBA54KGU7, STM32WBA54KGU7TR, STM32WBA55CEU6, STM32WBA55CEU6TR, STM32WBA55CEU7, STM32WBA55CEU7TR, STM32WBA55CGU6, STM32WBA55CGU6TR, STM32WBA55CGU6U, STM32WBA55CGU7, STM32WBA55CGU7TR, STM32WBA55G-DK1, STM32WBA55HEF6, STM32WBA55HEF7, STM32WBA55HGF6, STM32WBA55HGF7, STM32WBA55UEI6, STM32WBA55UEI6TR, STM32WBA55UEI7, STM32WBA55UEI7TR, STM32WBA55UGI6, STM32WBA55UGI6TR, STM32WBA55UGI7, STM32WBA55UGI7TR, STM32WL5MOCH6, STM32WL5MOCH6TR]
2026-03-18 11:11:30,254 [INFO] ApiDb:668 - CubeFinder database Data Model version=2.1
2026-03-18 11:11:30,254 [INFO] ApiDb:669 - CubeFinder database Configuration version=3.0.42
2026-03-18 11:11:30,255 [INFO] ApiDb:670 - CubeFinder database generation date=2026-03-11 (1773229989)
2026-03-18 11:11:30,255 [INFO] ApiDb:671 - CubeFinder database FW Pack versions=[FP-ATR-ASTRA1_V2.0.0, FP-SNS-FLIGHT1_V5.1.0, FP-SNS-MOTENV1_V5.1.0, FP-SNS-MOTENVWB1_V1.5.0, FP-SNS-SMARTAG2_V1.2.0, FP-SNS-STBOX1_V2.1.0, STM32Cube_FW_C0_V1.4.0, STM32Cube_FW_F4_V1.28.3, STM32Cube_FW_F7_V1.17.4, STM32Cube_FW_G0_V1.6.3, STM32Cube_FW_G4_V1.6.2, STM32Cube_FW_H5_V1.6.0, STM32Cube_FW_H7RS_V1.3.0, STM32Cube_FW_H7_V1.13.0, STM32Cube_FW_L0_V1.12.2, STM32Cube_FW_L4_V1.18.2, STM32Cube_FW_L5_V1.6.0, STM32Cube_FW_N6_V1.3.0, STM32Cube_FW_U0_V1.3.0, STM32Cube_FW_U3_V1.3.0, STM32Cube_FW_U5_V1.8.0, STM32Cube_FW_WB0_V1.4.0, STM32Cube_FW_WBA_V1.9.0, STM32Cube_FW_WB_V1.24.0, STM32Cube_FW_WL3_V1.4.0, STM32Cube_FW_WL_V1.5.0, X-CUBE-ALGOBUILD_V1.4.0, X-CUBE-ALS_V1.0.2, X-CUBE-AZRTOS-F4_V1.1.0, X-CUBE-AZRTOS-F7_V1.1.0, X-CUBE-AZRTOS-G0_V1.1.0, X-CUBE-AZRTOS-G4_V2.0.0, X-CUBE-AZRTOS-H7RS_V1.1.0, X-CUBE-AZRTOS-H7_V3.4.0, X-CUBE-AZRTOS-L4_V2.0.0, X-CUBE-AZRTOS-L5_V2.0.0, X-CUBE-AZRTOS-WB_V2.0.0, X-CUBE-AZRTOS-WL_V2.0.0, X-CUBE-BLE1_V7.1.0, X-CUBE-BLE2_V3.3.0, X-CUBE-BLEMGR_V4.1.0, X-CUBE-EEPRMA1_V5.2.0, X-CUBE-FREERTOS_V1.5.0, X-CUBE-GNSS1_V6.0.0, X-CUBE-MEMS1_V12.0.0, X-CUBE-NFC4_V3.0.0, X-CUBE-NFC7_V2.0.0, X-CUBE-SFXS2LP1_V4.0.0, X-CUBE-ST67W61_V1.2.0, X-CUBE-SUBG2_V5.0.0, X-CUBE-TOF1_V3.4.3]
2026-03-18 11:11:35,873 [INFO] ApiDb:240 - Found 646 in-development CPN: [B-G473E-ZEST1S, B-WB1M-WPAN1, B-WL5M-SUBG1, NUCLEO-C031C6, NUCLEO-C071RB, NUCLEO-H503RB, NUCLEO-H533RE, NUCLEO-H563ZI, NUCLEO-H7S3L8, NUCLEO-U031R8, NUCLEO-U083RC, NUCLEO-U545RE-Q, NUCLEO-U5A5ZJ-Q, NUCLEO-WB05KZ, NUCLEO-WB07CC, NUCLEO-WB09KE, NUCLEO-WBA52CG, NUCLEO-WBA55CG, STEVAL-PROTEUS1, STEVAL-SMARTAG2, STEVAL-STWINBX1, STM320518-EVAL, STM32C0116-DK, STM32C011D6Y3TR, STM32C011D6Y6TR, STM32C011F4P3, STM32C011F4P6, STM32C011F4U3, STM32C011F4U6TR, STM32C011F6P3, STM32C011F6P6, STM32C011F6U3, STM32C011F6U6TR, STM32C011J4M3, STM32C011J4M6, STM32C011J6M3, STM32C011J6M6, STM32C0316-DK, STM32C031C4T3, STM32C031C4T6, STM32C031C4U3, STM32C031C4U6, STM32C031C6T3, STM32C031C6T6, STM32C031C6U3, STM32C031C6U6, STM32C031F4P3, STM32C031F4P6, STM32C031F6P3, STM32C031F6P6, STM32C031G4U3, STM32C031G4U6, STM32C031G6U3, STM32C031G6U6, STM32C031K4T3, STM32C031K4T6, STM32C031K4U3, STM32C031K4U6, STM32C031K6T3, STM32C031K6T6, STM32C031K6U3, STM32C031K6U6, STM32C071C8T6, STM32C071C8T6N, STM32C071C8U6, STM32C071C8U6N, STM32C071CBT6, STM32C071CBT6N, STM32C071CBU6, STM32C071CBU6N, STM32C071F8P6, STM32C071F8P6N, STM32C071FBP6, STM32C071FBP6N, STM32C071FBY6TR, STM32C071G8U6, STM32C071G8U6N, STM32C071GBU6, STM32C071GBU6N, STM32C071K8T6, STM32C071K8T6N, STM32C071K8U6, STM32C071K8U6N, STM32C071KBT6, STM32C071KBT6N, STM32C071KBU6, STM32C071KBU6N, STM32C071R8T6, STM32C071R8T6N, STM32C071RBI6N, STM32C071RBT6, STM32C071RBT6N, STM32G071K8TXN, STM32G071K8UXN, STM32G081GBU6N, STM32G081KBT6N, STM32G081KBUXN, STM32G0B1CCT6N, STM32G0B1KCT6, STM32G0B1NEY6TR, STM32G0B1RCT6N, STM32G0C1CCT6, STM32G0C1CCT6N, STM32G0C1CCU6N, STM32G0C1CET6N, STM32G0C1CEU6N, STM32G0C1KCT6, STM32G0C1NEY6TR, STM32G0C1RCI6N, STM32G0C1RCT6N, STM32G0C1REI6N, STM32G0C1RET6N, STM32G0C1VCI6, STM32G0C1VEI6, STM32G411C6T3, STM32G411C6T6, STM32G411C6U3, STM32G411C6U6, STM32G411C8T3, STM32G411C8T6, STM32G411C8U3, STM32G411C8U6, STM32G411CBT3, STM32G411CBT6, STM32G411CBU3, STM32G411CBU6, STM32G411K6T3, STM32G411K6T6, STM32G411K6U3, STM32G411K6U6, STM32G411K8T3, STM32G411K8T6, STM32G411K8U3, STM32G411K8U6, STM32G411KBT3, STM32G411KBT6, STM32G411KBU3, STM32G411KBU6, STM32G411M6T3, STM32G411M6T6, STM32G411M8T3, STM32G411M8T6, STM32G411MBT3, STM32G411MBT6, STM32G411R6T3, STM32G411R6T6, STM32G411R8T3, STM32G411R8T6, STM32G411RBT3, STM32G411RBT6, STM32G414CBT3, STM32G414CBT6, STM32G414CBU3, STM32G414CBU6, STM32G414CCT3, STM32G414CCT6, STM32G414CCU3, STM32G414CCU6, STM32G414MBT3, STM32G414MBT6, STM32G414MCT3, STM32G414MCT6, STM32G414RBT3, STM32G414RBT6, STM32G414RCT3, STM32G414RCT6, STM32G414VBT3, STM32G414VBT6, STM32G414VCT3, STM32G414VCT6, STM32G431CBT3Z, STM32G431RBT3Z, STM32G471CCT6, STM32G471CCU6, STM32G471CET3, STM32G471CET6, STM32G471CEU3, STM32G471CEU6, STM32G471MCT6, STM32G471MET3, STM32G471MET6, STM32G471MEY6TR, STM32G471QCT6, STM32G471QET3, STM32G471RCT6, STM32G471RET3, STM32G471RET6, STM32G471VCH6, STM32G471VCI6, STM32G471VCT6, STM32G471VEH3, STM32G471VEH6, STM32G471VEI3, STM32G471VEI6, STM32G471VET3, STM32G471VET6, STM32G473QET3Z, STM32G473RET3Z, STM32G474CCT6, STM32G491RET3Z, STM32H503CBT6, STM32H503CBU6, STM32H503EBY6TR, STM32H503KBU6, STM32H503RBT6, STM32H523CCT6, STM32H523CCU6, STM32H523CET6, STM32H523CEU6, STM32H523HEY6TR, STM32H523RCT6, STM32H523RET6, STM32H523VCI6, STM32H523VCT6, STM32H523VEI6, STM32H523VET6, STM32H523ZCJ6, STM32H523ZCT6, STM32H523ZEJ6, STM32H523ZET6, STM32H533CET6, STM32H533CEU6, STM32H533HEY6TR, STM32H533RET6, STM32H533VEI6, STM32H533VET6, STM32H533ZEJ6, STM32H533ZET6, STM32H562AGI6, STM32H562AII6, STM32H562IGK6, STM32H562IGT6, STM32H562IIK6, STM32H562IIT6, STM32H562RGT6, STM32H562RGV6, STM32H562RIT6, STM32H562RIV6, STM32H562VGT6, STM32H562VIT6, STM32H562ZGT6, STM32H562ZIT6, STM32H563AGI6, STM32H563AII3Q, STM32H563AII6, STM32H563IGK6, STM32H563IGT6, STM32H563IIK3Q, STM32H563IIK6, STM32H563IIT3Q, STM32H563IIT6, STM32H563MIY3QTR, STM32H563RGT6, STM32H563RGV6, STM32H563RIT6, STM32H563RIV6, STM32H563VGT6, STM32H563VIT3Q, STM32H563VIT6, STM32H563ZGT6, STM32H563ZIT3Q, STM32H563ZIT6, STM32H573AII3Q, STM32H573AII6, STM32H573I-DK, STM32H573IIK3Q, STM32H573IIK6, STM32H573IIT3Q, STM32H573IIT6, STM32H573MIY3QTR, STM32H573RIT6, STM32H573RIV6, STM32H573VIT3Q, STM32H573VIT6, STM32H573ZIT3Q, STM32H573ZIT6, STM32H7R3A8I6, STM32H7R3I8K6, STM32H7R3I8T6, STM32H7R3L8H6, STM32H7R3L8H6H, STM32H7R3R8V6, STM32H7R3V8H6, STM32H7R3V8T6, STM32H7R3V8Y6TR, STM32H7R3Z8J6, STM32H7R3Z8T6, STM32H7R7A8I6, STM32H7R7I8K6, STM32H7R7I8T6, STM32H7R7L8H6, STM32H7R7L8H6H, STM32H7R7Z8J6, STM32H7S3A8I6, STM32H7S3I8K6, STM32H7S3I8T6, STM32H7S3L8H6, STM32H7S3L8H6H, STM32H7S3R8V6, STM32H7S3V8H6, STM32H7S3V8T6, STM32H7S3V8Y6TR, STM32H7S3Z8J6, STM32H7S3Z8T6, STM32H7S78-DK, STM32H7S7A8I6, STM32H7S7I8K6, STM32H7S7I8T6, STM32H7S7L8H6, STM32H7S7L8H6H, STM32H7S7Z8J6, STM32L4R5QGI6STR, STM32MP131AAE3, STM32MP131AAF3, STM32MP131AAG3, STM32MP131CAE3, STM32MP131CAF3, STM32MP131CAG3, STM32MP131DAE7, STM32MP131DAF7, STM32MP131DAG7, STM32MP131FAE7, STM32MP131FAF7, STM32MP131FAG7, STM32MP133AAE3, STM32MP133AAF3, STM32MP133AAG3, STM32MP133CAE3, STM32MP133CAF3, STM32MP133CAG3, STM32MP133DAE7, STM32MP133DAF7, STM32MP133DAG7, STM32MP133FAE7, STM32MP133FAF7, STM32MP133FAG7, STM32MP135AAE3, STM32MP135AAF3, STM32MP135AAG3, STM32MP135CAE3, STM32MP135CAF3, STM32MP135CAG3, STM32MP135DAE7, STM32MP135DAF7, STM32MP135DAG7, STM32MP135F-DK, STM32MP135FAE7, STM32MP135FAF7, STM32MP135FAF7T, STM32MP135FAF7U, STM32MP135FAG7, STM32MP251AAI3, STM32MP251AAK3, STM32MP251AAL3, STM32MP251CAI3, STM32MP251CAK3, STM32MP251CAL3, STM32MP251DAI3, STM32MP251DAK3, STM32MP251DAL3, STM32MP251FAI3, STM32MP251FAK3, STM32MP251FAL3, STM32MP253AAI3, STM32MP253AAK3, STM32MP253AAL3, STM32MP253CAI3, STM32MP253CAK3, STM32MP253CAL3, STM32MP253DAI3, STM32MP253DAK3, STM32MP253DAL3, STM32MP253FAI3, STM32MP253FAK3, STM32MP253FAL3, STM32MP255AAI3, STM32MP255AAK3, STM32MP255AAL3, STM32MP255CAI3, STM32MP255CAK3, STM32MP255CAL3, STM32MP255DAI3, STM32MP255DAK3, STM32MP255DAL3, STM32MP255FAI3, STM32MP255FAK3, STM32MP255FAL3, STM32MP257AAI3, STM32MP257AAK3, STM32MP257AAL3, STM32MP257CAI3, STM32MP257CAK3, STM32MP257CAL3, STM32MP257DAI3, STM32MP257DAK3, STM32MP257DAL3, STM32MP257F-DK, STM32MP257F-EV1, STM32MP257FAI3, STM32MP257FAK3, STM32MP257FAL3, STM32U031C6T6, STM32U031C6U6, STM32U031C8T6, STM32U031C8U6, STM32U031F4P6, STM32U031F6P6, STM32U031F8P6, STM32U031G6Y6TR, STM32U031G8Y6TR, STM32U031K4U6, STM32U031K6U6, STM32U031K8U6, STM32U031R6I6, STM32U031R6T6, STM32U031R8I6, STM32U031R8T6, STM32U073C8T6, STM32U073C8U6, STM32U073CBT6, STM32U073CBU6, STM32U073CCT6, STM32U073CCU6, STM32U073H8Y6TR, STM32U073HBY6TR, STM32U073HCY6TR, STM32U073K8U6, STM32U073KBU6, STM32U073KCU6, STM32U073M8I6, STM32U073M8T6, STM32U073MBI6, STM32U073MBT6, STM32U073MCI6, STM32U073MCT6, STM32U073R8I6, STM32U073R8T6, STM32U073RBI6, STM32U073RBT6, STM32U073RCI6, STM32U073RCT6, STM32U083C-DK, STM32U083CCT6, STM32U083CCU6, STM32U083HCY6TR, STM32U083KCU6, STM32U083MCI6, STM32U083MCT6, STM32U083RCI6, STM32U083RCT6, STM32U535CBT6, STM32U535CBT6Q, STM32U535CBU6, STM32U535CBU6Q, STM32U535CCT6, STM32U535CCT6Q, STM32U535CCU6, STM32U535CCU6Q, STM32U535CET6, STM32U535CET6Q, STM32U535CEU6, STM32U535CEU6Q, STM32U535JEY6QTR, STM32U535NCY6QTR, STM32U535NEY6QTR, STM32U535RBI6, STM32U535RBI6Q, STM32U535RBT6, STM32U535RBT6Q, STM32U535RCI6, STM32U535RCI6Q, STM32U535RCT6, STM32U535RCT6Q, STM32U535REI6, STM32U535REI6Q, STM32U535RET6, STM32U535RET6Q, STM32U535VCI6, STM32U535VCI6Q, STM32U535VCT6, STM32U535VCT6Q, STM32U535VEI6, STM32U535VEI6Q, STM32U535VET6, STM32U535VET6Q, STM32U545CET6, STM32U545CET6Q, STM32U545CEU6, STM32U545CEU6Q, STM32U545JEY6QTR, STM32U545NEY6QTR, STM32U545REI6, STM32U545REI6Q, STM32U545RET6, STM32U545RET6Q, STM32U545VEI6, STM32U545VEI6Q, STM32U545VET6, STM32U545VET6Q, STM32U595AIH6, STM32U595AIH6Q, STM32U595AJH6, STM32U595AJH6Q, STM32U595QII6, STM32U595QII6Q, STM32U595QJI6, STM32U595QJI6Q, STM32U595RIT6, STM32U595RIT6Q, STM32U595RJT6, STM32U595RJT6Q, STM32U595VIT6, STM32U595VIT6Q, STM32U595VJT6, STM32U595VJT6Q, STM32U595ZIT6, STM32U595ZIT6Q, STM32U595ZIY6QTR, STM32U595ZJT6, STM32U595ZJT6Q, STM32U595ZJY6QTR, STM32U599BJY6QTR, STM32U599NIH6Q, STM32U599NJH6Q, STM32U599VIT6Q, STM32U599VJT6, STM32U599VJT6Q, STM32U599ZIT6Q, STM32U599ZIY6QTR, STM32U599ZJT6Q, STM32U599ZJY6QTR, STM32U5A5AJH6, STM32U5A5AJH6Q, STM32U5A5QII3Q , STM32U5A5QJI6, STM32U5A5QJI6Q, STM32U5A5RJT6, STM32U5A5RJT6Q, STM32U5A5VJT6, STM32U5A5VJT6Q, STM32U5A5ZJT6, STM32U5A5ZJT6Q, STM32U5A5ZJY6QTR, STM32U5A9BJY6QTR, STM32U5A9J-DK, STM32U5A9NJH6Q, STM32U5A9VJT6Q, STM32U5A9ZJT6Q, STM32U5A9ZJY6QTR, STM32U5F7VIT6, STM32U5F7VIT6Q, STM32U5F7VJT6, STM32U5F7VJT6Q, STM32U5F9BJY6QTR, STM32U5F9NJH6Q, STM32U5F9VIT6Q, STM32U5F9VJT6Q, STM32U5F9ZIJ6QTR, STM32U5F9ZIT6Q, STM32U5F9ZJJ6QTR, STM32U5F9ZJT6Q, STM32U5G7VJT6, STM32U5G7VJT6Q, STM32U5G9BJY6QTR, STM32U5G9J-DK1, STM32U5G9J-DK2, STM32U5G9NJH6Q, STM32U5G9VJT6Q, STM32U5G9ZJJ6QTR, STM32U5G9ZJT6Q, STM32WB05KZV6TR, STM32WB05KZV7TR, STM32WB05TZF6TR, STM32WB05TZF7TR, STM32WB06CCF6TR, STM32WB06CCF7TR, STM32WB06CCV6TR, STM32WB06CCV7TR, STM32WB06KCV6TR, STM32WB06KCV7TR, STM32WB07CCF6TR, STM32WB07CCF7TR, STM32WB07CCV6TR, STM32WB07CCV7TR, STM32WB07KCV6TR, STM32WB07KCV7TR, STM32WB09KEV6TR, STM32WB09KEV7TR, STM32WB09TEF6TR, STM32WB09TEF7TR, STM32WB1MMCH6, STM32WBA50KGU6, STM32WBA50KGU6TR, STM32WBA52CEU6, STM32WBA52CEU6TR, STM32WBA52CEU7, STM32WBA52CEU7TR, STM32WBA52CGU6, STM32WBA52CGU6TR, STM32WBA52CGU6U, STM32WBA52CGU7, STM32WBA52CGU7TR, STM32WBA52KEU6, STM32WBA52KEU6TR, STM32WBA52KGU6, STM32WBA52KGU6TR, STM32WBA54CEU6, STM32WBA54CEU6TR, STM32WBA54CEU7, STM32WBA54CEU7TR, STM32WBA54CGU6, STM32WBA54CGU6TR, STM32WBA54CGU7, STM32WBA54CGU7TR, STM32WBA54KEU6, STM32WBA54KEU6TR, STM32WBA54KEU7, STM32WBA54KEU7TR, STM32WBA54KGU6, STM32WBA54KGU6TR, STM32WBA54KGU7, STM32WBA54KGU7TR, STM32WBA55CEU6, STM32WBA55CEU6TR, STM32WBA55CEU7, STM32WBA55CEU7TR, STM32WBA55CGU6, STM32WBA55CGU6TR, STM32WBA55CGU6U, STM32WBA55CGU7, STM32WBA55CGU7TR, STM32WBA55G-DK1, STM32WBA55HEF6, STM32WBA55HEF7, STM32WBA55HGF6, STM32WBA55HGF7, STM32WBA55UEI6, STM32WBA55UEI6TR, STM32WBA55UEI7, STM32WBA55UEI7TR, STM32WBA55UGI6, STM32WBA55UGI6TR, STM32WBA55UGI7, STM32WBA55UGI7TR, STM32WL5MOCH6, STM32WL5MOCH6TR]
2026-03-18 11:11:35,888 [INFO] DbMcus:218 - Found 5045 MCUs, 4958 are supported
2026-03-18 11:11:35,891 [INFO] ApiDb:423 - Load user favorites file C:\Users\DELL/.stm32cubeide/favorites.mcus.txt: 0 item(s)
2026-03-18 11:11:35,892 [INFO] ApiDb:427 - User favorites MCUs=[]
2026-03-18 11:11:35,893 [INFO] DbMcus:224 - Set 0 / 0 favorites MCUs
2026-03-18 11:11:37,065 [INFO] BoardInfo:889 - No configuration file found for board B-WBA5M-WPAN
2026-03-18 11:11:37,067 [INFO] DbBoards:161 - Board is not supported: B-WBA5M-WPAN
2026-03-18 11:11:37,078 [INFO] BoardInfo:889 - No configuration file found for board NUCLEO-C051C8
2026-03-18 11:11:37,080 [INFO] DbBoards:161 - Board is not supported: NUCLEO-C051C8
2026-03-18 11:11:37,085 [INFO] BoardInfo:889 - No configuration file found for board NUCLEO-C092RC
2026-03-18 11:11:37,086 [INFO] DbBoards:161 - Board is not supported: NUCLEO-C092RC
2026-03-18 11:11:37,196 [INFO] BoardInfo:889 - No configuration file found for board NUCLEO-H5E5ZJ
2026-03-18 11:11:37,197 [INFO] DbBoards:161 - Board is not supported: NUCLEO-H5E5ZJ
2026-03-18 11:11:37,269 [INFO] BoardInfo:889 - No configuration file found for board NUCLEO-N657X0-Q
2026-03-18 11:11:37,270 [INFO] DbBoards:161 - Board is not supported: NUCLEO-N657X0-Q
2026-03-18 11:11:37,275 [INFO] BoardInfo:889 - No configuration file found for board NUCLEO-U385RG-Q
2026-03-18 11:11:37,276 [INFO] DbBoards:161 - Board is not supported: NUCLEO-U385RG-Q
2026-03-18 11:11:37,278 [INFO] BoardInfo:889 - No configuration file found for board NUCLEO-U3C5ZI-Q
2026-03-18 11:11:37,279 [INFO] DbBoards:161 - Board is not supported: NUCLEO-U3C5ZI-Q
2026-03-18 11:11:37,297 [INFO] BoardInfo:889 - No configuration file found for board NUCLEO-WBA25CE1
2026-03-18 11:11:37,298 [INFO] DbBoards:161 - Board is not supported: NUCLEO-WBA25CE1
2026-03-18 11:11:37,304 [INFO] BoardInfo:889 - No configuration file found for board NUCLEO-WBA65RI
2026-03-18 11:11:37,305 [INFO] DbBoards:161 - Board is not supported: NUCLEO-WBA65RI
2026-03-18 11:11:37,307 [INFO] BoardInfo:889 - No configuration file found for board NUCLEO-WL33CC1
2026-03-18 11:11:37,308 [INFO] DbBoards:161 - Board is not supported: NUCLEO-WL33CC1
2026-03-18 11:11:37,309 [INFO] BoardInfo:889 - No configuration file found for board NUCLEO-WL33CC2
2026-03-18 11:11:37,310 [INFO] DbBoards:161 - Board is not supported: NUCLEO-WL33CC2
2026-03-18 11:11:37,312 [INFO] BoardInfo:889 - No configuration file found for board NUCLEO-WL3RKB1
2026-03-18 11:11:37,313 [INFO] DbBoards:161 - Board is not supported: NUCLEO-WL3RKB1
2026-03-18 11:11:37,315 [INFO] BoardInfo:889 - No configuration file found for board NUCLEO-WL3RKB2
2026-03-18 11:11:37,316 [INFO] DbBoards:161 - Board is not supported: NUCLEO-WL3RKB2
2026-03-18 11:11:37,326 [INFO] BoardInfo:889 - No configuration file found for board P-NUCLEO-WB55
2026-03-18 11:11:37,327 [INFO] DbBoards:161 - Kit is not supported: P-NUCLEO-WB55
2026-03-18 11:11:37,336 [INFO] BoardInfo:889 - No configuration file found for board STEVAL-BFA001V1B
2026-03-18 11:11:37,337 [INFO] DbBoards:161 - Kit is not supported: STEVAL-BFA001V1B
2026-03-18 11:11:37,350 [INFO] BoardInfo:889 - No configuration file found for board STEVAL-BFA001V2B
2026-03-18 11:11:37,351 [INFO] DbBoards:161 - Kit is not supported: STEVAL-BFA001V2B
2026-03-18 11:11:37,483 [INFO] BoardInfo:889 - No configuration file found for board STM32H5F5J-DK
2026-03-18 11:11:37,484 [INFO] DbBoards:161 - Board is not supported: STM32H5F5J-DK
2026-03-18 11:11:37,601 [INFO] BoardInfo:889 - No configuration file found for board STM32MP215F-DK
2026-03-18 11:11:37,602 [INFO] DbBoards:161 - Board is not supported: STM32MP215F-DK
2026-03-18 11:11:37,612 [INFO] BoardInfo:889 - No configuration file found for board STM32N6570-DK
2026-03-18 11:11:37,614 [INFO] DbBoards:161 - Board is not supported: STM32N6570-DK
2026-03-18 11:11:37,647 [INFO] BoardInfo:889 - No configuration file found for board STM32WBA65I-DK1
2026-03-18 11:11:37,648 [INFO] DbBoards:161 - Board is not supported: STM32WBA65I-DK1
2026-03-18 11:11:37,649 [INFO] DbBoards:168 - Found 218 boards, 198 are supported
2026-03-18 11:11:37,649 [INFO] DbBoards:169 - Found 218 boards, 25 of them is supported for  Bsp
2026-03-18 11:11:37,675 [INFO] ApiDb:414 - User favorites file not found: C:\Users\DELL/.stm32cubeide/favorites.boards.txt
2026-03-18 11:11:37,676 [INFO] DbBoards:198 - Set 0 / 0 favorites Boards
2026-03-18 11:11:37,676 [INFO] McuFinderGlobals:76 - Set McuFinderConnectedMode to true
2026-03-18 11:11:37,707 [INFO] MultiScanPanel:200 - Auto-refresh data requested => check proxy status ongoing
2026-03-18 11:11:37,717 [INFO] FinderPluginLoader:95 - Searching for filters in installed packs
2026-03-18 11:11:41,369 [INFO] LoadUrlFilesThread:185 - End of LoadServerUrlFiles without Thread
2026-03-18 11:11:41,457 [INFO] DetailPanel:341 - Set advertising image to E:\STM32Cube\Repository\en.prom-stm32c5-0326.jpg
2026-03-18 11:13:09,034 [INFO] MainUpdater:2873 - connection check result : 10
2026-03-18 11:13:09,035 [INFO] MainUpdater:2873 - connection check result : 10
2026-03-18 11:13:09,188 [INFO] RulesReader:64 - Compatibility file has been processed (297 Rules)
2026-03-18 11:13:09,214 [INFO] RulesReader:64 - Compatibility file has been processed (297 Rules)
2026-03-18 11:13:09,238 [INFO] MicroXplorer:468 - Change Database Path : 
2026-03-18 11:13:09,238 [INFO] MicroXplorer:498 - Change Database Version : DB.6.0.121
2026-03-18 11:13:09,281 [WARN] ThirdParty:871 - waiting for thirdparty lock release [close project]
2026-03-18 11:13:09,282 [INFO] ThirdParty:873 - entering critical section [close project]
2026-03-18 11:13:09,283 [INFO] ThirdParty:883 - exiting critical section [close project]
2026-03-18 11:13:09,288 [INFO] PinOutPanel:1561 - setPackage(No Configuration,No Configuration)
2026-03-18 11:13:09,298 [INFO] UtilMem:75 - Begin LoadConfig() Used Memory: 305160880 Bytes (625999872)
2026-03-18 11:13:09,311 [INFO] MicroXplorer:468 - Change Database Path : 
2026-03-18 11:13:09,311 [INFO] MicroXplorer:498 - Change Database Version : DB.6.0.121
2026-03-18 11:13:09,312 [INFO] OpenFileManager:332 - Change cursor
2026-03-18 11:13:09,353 [WARN] IntegrityCheckThread:84 - waiting for thirdparty lock release [integrity check]
2026-03-18 11:13:09,354 [INFO] IntegrityCheckThread:86 - entering critical section [integrity check]
2026-03-18 11:13:10,456 [WARN] PackLoader:240 - Cannot read IP mode file for STMicroelectronics.X-CUBE-AZRTOS-H7.3.5.0
2026-03-18 11:13:10,482 [WARN] PackLoader:240 - Cannot read IP mode file for STMicroelectronics.FP-ATR-ASTRA1.2.0.2
2026-03-18 11:13:10,501 [WARN] PackLoader:240 - Cannot read IP mode file for STMicroelectronics.X-CUBE-SMBUS.2.1.0
2026-03-18 11:13:10,543 [WARN] PackLoader:240 - Cannot read IP mode file for STMicroelectronics.X-CUBE-AZRTOS-F7.1.1.0
2026-03-18 11:13:10,558 [ERROR] Engine:466 - C:\Users\DELL\.stm32cubemx\thirdparties\pdsc\STMicroelectronics.FP-SNS-MOTENV1.5.1.0.pdsc: PDSC version is not supported
2026-03-18 11:13:10,568 [ERROR] Engine:466 - C:\Users\DELL\.stm32cubemx\thirdparties\pdsc\WES.I-CUBE-Cesium.1.4.0.pdsc: PDSC version is not supported
2026-03-18 11:13:10,587 [WARN] PackLoader:240 - Cannot read IP mode file for STMicroelectronics.X-CUBE-DISPLAY.3.0.0
2026-03-18 11:13:10,605 [ERROR] Engine:466 - C:\Users\DELL\.stm32cubemx\thirdparties\pdsc\STMicroelectronics.FP-SNS-MOTENVWB1.1.5.0.pdsc: PDSC version is not supported
2026-03-18 11:13:10,635 [WARN] PackLoader:240 - Cannot read IP mode file for STMicroelectronics.X-CUBE-NFC10.1.0.0
2026-03-18 11:13:10,646 [ERROR] Engine:466 - C:\Users\DELL\.stm32cubemx\thirdparties\pdsc\STMicroelectronics.X-CUBE-ST60.1.1.0.pdsc: PDSC version is not supported
2026-03-18 11:13:10,661 [WARN] PackLoader:240 - Cannot read IP mode file for emotas.I-CUBE-CANOPEN.1.3.0
2026-03-18 11:13:10,673 [WARN] PackLoader:240 - Cannot read IP mode file for STMicroelectronics.X-CUBE-GNSS1.7.1.0
2026-03-18 11:13:10,684 [ERROR] Engine:466 - C:\Users\DELL\.stm32cubemx\thirdparties\pdsc\STMicroelectronics.FP-SNS-STBOX1.2.1.0.pdsc: PDSC version is not supported
2026-03-18 11:13:10,696 [WARN] PackLoader:240 - Cannot read IP mode file for STMicroelectronics.FP-SNS-SMARTAG2.1.2.0
2026-03-18 11:13:10,701 [ERROR] Engine:466 - C:\Users\DELL\.stm32cubemx\thirdparties\pdsc\STMicroelectronics.FP-SNS-FLIGHT1.5.1.0.pdsc: PDSC version is not supported
2026-03-18 11:13:10,716 [INFO] LogOutputStream:77 - [STDOUT_REDIRECT] 1 : Invalid condition id : UX_CORESTACK_Condition cause : null
2026-03-18 11:13:10,718 [INFO] LogOutputStream:77 - [STDOUT_REDIRECT] 1 : Invalid condition id : UX_CORESTACK_Condition cause : null
2026-03-18 11:13:10,720 [INFO] LogOutputStream:77 - [STDOUT_REDIRECT] 1 : Invalid condition id : UX_CORESTACK_Condition cause : null
2026-03-18 11:13:10,722 [INFO] LogOutputStream:77 - [STDOUT_REDIRECT] 1 : Invalid condition id : UX_CORESTACK_Condition cause : null
2026-03-18 11:13:10,725 [INFO] LogOutputStream:77 - [STDOUT_REDIRECT] 1 : Invalid condition id : UX_CORESTACK_Condition cause : null
2026-03-18 11:13:10,730 [WARN] PackLoader:240 - Cannot read IP mode file for STMicroelectronics.X-CUBE-AZRTOS-WL.2.0.0
2026-03-18 11:13:10,765 [WARN] PackLoader:240 - Cannot read IP mode file for STMicroelectronics.X-CUBE-AZRTOS-H7RS.1.2.0
2026-03-18 11:13:10,782 [WARN] PackLoader:240 - Cannot read IP mode file for STMicroelectronics.X-CUBE-BLE2.3.3.0
2026-03-18 11:13:10,788 [ERROR] Engine:466 - C:\Users\DELL\.stm32cubemx\thirdparties\pdsc\Avnet-IOTCONNECT.X-CUBE-iotc-st67-sdk.1.0.0.pdsc: PDSC version is not supported
2026-03-18 11:13:10,826 [WARN] PackLoader:240 - Cannot read IP mode file for Infineon.AIROC-Wi-Fi-Bluetooth-STM32.1.8.0
2026-03-18 11:13:10,853 [WARN] PackLoader:240 - Cannot read IP mode file for STMicroelectronics.X-CUBE-NFC9.1.0.0
2026-03-18 11:13:10,869 [WARN] PackLoader:240 - Cannot read IP mode file for STMicroelectronics.X-CUBE-BLE1.7.1.0
2026-03-18 11:13:10,882 [WARN] PackLoader:240 - Cannot read IP mode file for wolfSSL.I-CUBE-wolfMQTT.1.19.2
2026-03-18 11:13:10,897 [WARN] PackLoader:240 - Cannot read IP mode file for STMicroelectronics.X-CUBE-EEPRMA1.5.2.0
2026-03-18 11:13:10,913 [WARN] PackLoader:240 - Cannot read IP mode file for wolfSSL.I-CUBE-wolfSSL.5.8.4
2026-03-18 11:13:10,921 [ERROR] Engine:466 - C:\Users\DELL\.stm32cubemx\thirdparties\pdsc\Cesanta.I-CUBE-Mongoose.7.20.0.pdsc: PDSC version is not supported
2026-03-18 11:13:11,012 [WARN] PackLoader:240 - Cannot read IP mode file for STMicroelectronics.X-CUBE-MEMS1.12.0.0
2026-03-18 11:13:11,232 [WARN] PackLoader:240 - Cannot read IP mode file for STMicroelectronics.X-CUBE-AZRTOS-G0.1.1.0
2026-03-18 11:13:11,252 [WARN] PackLoader:240 - Cannot read IP mode file for STMicroelectronics.X-CUBE-NFC4.3.0.0
2026-03-18 11:13:11,272 [WARN] PackLoader:240 - Cannot read IP mode file for EmbeddedOffice.I-CUBE-FS-RTOS.1.0.1
2026-03-18 11:13:11,273 [ERROR] ConditionMgr:805 - Attr not supported : Dmpu
2026-03-18 11:13:11,273 [ERROR] ConditionMgr:805 - Attr not supported : Dmpu
2026-03-18 11:13:11,273 [ERROR] ConditionMgr:805 - Attr not supported : Dmpu
2026-03-18 11:13:11,273 [ERROR] ConditionMgr:805 - Attr not supported : Dmpu
2026-03-18 11:13:11,273 [ERROR] ConditionMgr:805 - Attr not supported : Dmpu
2026-03-18 11:13:11,273 [ERROR] ConditionMgr:805 - Attr not supported : Dmpu
2026-03-18 11:13:11,274 [ERROR] ConditionMgr:805 - Attr not supported : Dmpu
2026-03-18 11:13:11,274 [ERROR] ConditionMgr:805 - Attr not supported : Dmpu
2026-03-18 11:13:11,274 [ERROR] ConditionMgr:805 - Attr not supported : Dmpu
2026-03-18 11:13:11,274 [ERROR] ConditionMgr:805 - Attr not supported : Dmpu
2026-03-18 11:13:11,274 [ERROR] ConditionMgr:805 - Attr not supported : Dmpu
2026-03-18 11:13:11,274 [ERROR] ConditionMgr:805 - Attr not supported : Dmpu
2026-03-18 11:13:11,274 [ERROR] ConditionMgr:805 - Attr not supported : Dmpu
2026-03-18 11:13:11,274 [ERROR] ConditionMgr:805 - Attr not supported : Dmpu
2026-03-18 11:13:11,274 [ERROR] ConditionMgr:805 - Attr not supported : Dmpu
2026-03-18 11:13:11,274 [ERROR] ConditionMgr:805 - Attr not supported : Dmpu
2026-03-18 11:13:11,274 [ERROR] ConditionMgr:805 - Attr not supported : Dmpu
2026-03-18 11:13:11,274 [ERROR] ConditionMgr:805 - Attr not supported : Dmpu
2026-03-18 11:13:11,275 [ERROR] ConditionMgr:805 - Attr not supported : Dmpu
2026-03-18 11:13:11,275 [ERROR] ConditionMgr:805 - Attr not supported : Dmpu
2026-03-18 11:13:11,275 [ERROR] ConditionMgr:805 - Attr not supported : Dmpu
2026-03-18 11:13:11,275 [ERROR] ConditionMgr:805 - Attr not supported : Dmpu
2026-03-18 11:13:11,275 [ERROR] ConditionMgr:805 - Attr not supported : Dmpu
2026-03-18 11:13:11,275 [ERROR] ConditionMgr:805 - Attr not supported : Dmpu
2026-03-18 11:13:11,275 [ERROR] ConditionMgr:805 - Attr not supported : Dmpu
2026-03-18 11:13:11,275 [ERROR] ConditionMgr:805 - Attr not supported : Dmpu
2026-03-18 11:13:11,276 [ERROR] ConditionMgr:805 - Attr not supported : Dmpu
2026-03-18 11:13:11,276 [ERROR] ConditionMgr:805 - Attr not supported : Dmpu
2026-03-18 11:13:11,276 [ERROR] ConditionMgr:805 - Attr not supported : Dmpu
2026-03-18 11:13:11,276 [ERROR] ConditionMgr:805 - Attr not supported : Dmpu
2026-03-18 11:13:11,276 [ERROR] ConditionMgr:805 - Attr not supported : Dmpu
2026-03-18 11:13:11,276 [ERROR] ConditionMgr:805 - Attr not supported : Dmpu
2026-03-18 11:13:11,276 [ERROR] ConditionMgr:805 - Attr not supported : Dmpu
2026-03-18 11:13:11,276 [ERROR] ConditionMgr:805 - Attr not supported : Dmpu
2026-03-18 11:13:11,276 [ERROR] ConditionMgr:805 - Attr not supported : Dmpu
2026-03-18 11:13:11,277 [ERROR] ConditionMgr:805 - Attr not supported : Dmpu
2026-03-18 11:13:11,277 [ERROR] ConditionMgr:805 - Attr not supported : Dmpu
2026-03-18 11:13:11,277 [ERROR] ConditionMgr:805 - Attr not supported : Dmpu
2026-03-18 11:13:11,277 [ERROR] ConditionMgr:805 - Attr not supported : Dmpu
2026-03-18 11:13:11,277 [ERROR] ConditionMgr:805 - Attr not supported : Dmpu
2026-03-18 11:13:11,277 [ERROR] ConditionMgr:805 - Attr not supported : Dmpu
2026-03-18 11:13:11,277 [ERROR] ConditionMgr:805 - Attr not supported : Dmpu
2026-03-18 11:13:11,277 [ERROR] ConditionMgr:805 - Attr not supported : Dmpu
2026-03-18 11:13:11,277 [ERROR] ConditionMgr:805 - Attr not supported : Dmpu
2026-03-18 11:13:11,278 [ERROR] ConditionMgr:805 - Attr not supported : Dmpu
2026-03-18 11:13:11,278 [ERROR] ConditionMgr:805 - Attr not supported : Dmpu
2026-03-18 11:13:11,278 [ERROR] ConditionMgr:805 - Attr not supported : Dmpu
2026-03-18 11:13:11,278 [ERROR] ConditionMgr:805 - Attr not supported : Dmpu
2026-03-18 11:13:11,278 [ERROR] ConditionMgr:805 - Attr not supported : Dmpu
2026-03-18 11:13:11,278 [ERROR] ConditionMgr:805 - Attr not supported : Dmpu
2026-03-18 11:13:11,279 [ERROR] ConditionMgr:805 - Attr not supported : Dmpu
2026-03-18 11:13:11,279 [ERROR] ConditionMgr:805 - Attr not supported : Dmpu
2026-03-18 11:13:11,279 [ERROR] ConditionMgr:805 - Attr not supported : Dmpu
2026-03-18 11:13:11,279 [ERROR] ConditionMgr:805 - Attr not supported : Dmpu
2026-03-18 11:13:11,279 [ERROR] ConditionMgr:805 - Attr not supported : Dmpu
2026-03-18 11:13:11,279 [ERROR] ConditionMgr:805 - Attr not supported : Dmpu
2026-03-18 11:13:11,279 [ERROR] ConditionMgr:805 - Attr not supported : Dmpu
2026-03-18 11:13:11,279 [ERROR] ConditionMgr:805 - Attr not supported : Dmpu
2026-03-18 11:13:11,279 [ERROR] ConditionMgr:805 - Attr not supported : Dmpu
2026-03-18 11:13:11,280 [ERROR] ConditionMgr:805 - Attr not supported : Dmpu
2026-03-18 11:13:11,280 [ERROR] ConditionMgr:805 - Attr not supported : Dmpu
2026-03-18 11:13:11,280 [ERROR] ConditionMgr:805 - Attr not supported : Dmpu
2026-03-18 11:13:11,280 [ERROR] ConditionMgr:805 - Attr not supported : Dmpu
2026-03-18 11:13:11,280 [ERROR] ConditionMgr:805 - Attr not supported : Dmpu
2026-03-18 11:13:11,295 [WARN] PackLoader:240 - Cannot read IP mode file for STMicroelectronics.X-CUBE-WB05N.2.0.0
2026-03-18 11:13:11,305 [WARN] PackLoader:240 - Cannot read IP mode file for wolfSSL.I-CUBE-wolfTPM.3.8.0
2026-03-18 11:13:11,312 [ERROR] Engine:466 - C:\Users\DELL\.stm32cubemx\thirdparties\pdsc\STMicroelectronics.X-CUBE-TCPP.4.2.0.pdsc: PDSC version is not supported
2026-03-18 11:13:11,324 [WARN] PackLoader:240 - Cannot read IP mode file for RealThread.X-CUBE-RT-Thread_Nano.4.1.1
2026-03-18 11:13:11,335 [WARN] PackLoader:240 - Cannot read IP mode file for STMicroelectronics.FP-ATR-SIGFOX1.3.2.0
2026-03-18 11:13:11,340 [ERROR] Engine:466 - C:\Users\DELL\.stm32cubemx\thirdparties\pdsc\STMicroelectronics.X-CUBE-FREERTOS.1.5.0.pdsc: PDSC version is not supported
2026-03-18 11:13:11,358 [WARN] PackLoader:240 - Cannot read IP mode file for ITTIA_DB.I-CUBE-ITTIADB.8.9.0
2026-03-18 11:13:11,376 [WARN] PackLoader:240 - Cannot read IP mode file for STMicroelectronics.X-CUBE-NFC6.3.2.0
2026-03-18 11:13:11,391 [WARN] PackLoader:240 - Cannot read IP mode file for STMicroelectronics.X-CUBE-AI.10.2.0
2026-03-18 11:13:11,457 [WARN] PackLoader:240 - Cannot read IP mode file for SEGGER.I-CUBE-embOS.1.3.1
2026-03-18 11:13:11,563 [WARN] PackLoader:240 - Cannot read IP mode file for STMicroelectronics.X-CUBE-ALGOBUILD.1.4.0
2026-03-18 11:13:11,578 [WARN] PackLoader:240 - Cannot read IP mode file for STMicroelectronics.X-CUBE-PM33A1.1.0.0
2026-03-18 11:13:11,614 [WARN] PackLoader:240 - Cannot read IP mode file for STMicroelectronics.X-CUBE-AZRTOS-F4.1.1.0
2026-03-18 11:13:11,632 [WARN] PackLoader:240 - Cannot read IP mode file for STMicroelectronics.X-CUBE-ISPU.2.1.0
2026-03-18 11:13:11,642 [ERROR] Engine:466 - C:\Users\DELL\.stm32cubemx\thirdparties\pdsc\STMicroelectronics.X-CUBE-IPS.3.2.0.pdsc: PDSC version is not supported
2026-03-18 11:13:11,653 [WARN] PackLoader:240 - Cannot read IP mode file for STMicroelectronics.X-CUBE-NFC12.1.0.0
2026-03-18 11:13:11,688 [WARN] PackLoader:240 - Cannot read IP mode file for STMicroelectronics.X-CUBE-AZRTOS-L5.2.0.0
2026-03-18 11:13:11,705 [WARN] PackLoader:240 - Cannot read IP mode file for STMicroelectronics.X-CUBE-TOUCHGFX.4.26.1
2026-03-18 11:13:11,713 [ERROR] Engine:466 - C:\Users\DELL\.stm32cubemx\thirdparties\pdsc\STMicroelectronics.FP-SNS-STAIOTCFT.1.0.0.pdsc: PDSC version is not supported
2026-03-18 11:13:11,726 [WARN] PackLoader:240 - Cannot read IP mode file for STMicroelectronics.X-CUBE-DPower.1.3.0
2026-03-18 11:13:11,753 [WARN] ConditionMgr:438 - getConditionDescription Invalid condition id : LAN8742 Phy interface Condition cause : null
2026-03-18 11:13:11,755 [WARN] PackLoader:240 - Cannot read IP mode file for STMicroelectronics.X-CUBE-AZRTOS-L4.2.0.0
2026-03-18 11:13:11,756 [WARN] ConditionMgr:1039 - genDependencies : Invalid condition id : LAN8742 Phy interface Condition cause : null
2026-03-18 11:13:11,757 [WARN] ConditionMgr:1039 - genDependencies : Invalid condition id : LAN8742 Phy interface Condition cause : null
2026-03-18 11:13:11,758 [WARN] ConditionMgr:1039 - genDependencies : Invalid condition id : LAN8742 Phy interface Condition cause : null
2026-03-18 11:13:11,776 [WARN] PackLoader:240 - Cannot read IP mode file for STMicroelectronics.X-CUBE-SFXS2LP1.4.0.0
2026-03-18 11:13:11,788 [ERROR] Engine:466 - C:\Users\DELL\.stm32cubemx\thirdparties\pdsc\STMicroelectronics.X-CUBE-ST67W61.1.2.0.pdsc: PDSC version is not supported
2026-03-18 11:13:11,795 [ERROR] Engine:466 - C:\Users\DELL\.stm32cubemx\thirdparties\pdsc\STMicroelectronics.X-CUBE-BLEMGR.4.1.0.pdsc: PDSC version is not supported
2026-03-18 11:13:11,825 [WARN] ConditionMgr:438 - getConditionDescription Invalid condition id : UX DEVICE CLASS RTOS Condition cause : null
2026-03-18 11:13:11,826 [WARN] ConditionMgr:438 - getConditionDescription Invalid condition id : UX DEVICE CLASS RTOS Condition cause : null
2026-03-18 11:13:11,830 [WARN] PackLoader:240 - Cannot read IP mode file for STMicroelectronics.X-CUBE-AZRTOS-WB.2.0.0
2026-03-18 11:13:11,833 [WARN] ConditionMgr:1039 - genDependencies : Invalid condition id : UX DEVICE CLASS RTOS Condition cause : null
2026-03-18 11:13:11,834 [WARN] ConditionMgr:1039 - genDependencies : Invalid condition id : UX DEVICE CLASS RTOS Condition cause : null
2026-03-18 11:13:11,835 [WARN] ConditionMgr:1039 - genDependencies : Invalid condition id : UX DEVICE CLASS RTOS Condition cause : null
2026-03-18 11:13:11,836 [WARN] ConditionMgr:1039 - genDependencies : Invalid condition id : UX DEVICE CLASS RTOS Condition cause : null
2026-03-18 11:13:11,836 [WARN] ConditionMgr:1039 - genDependencies : Invalid condition id : UX DEVICE CLASS RTOS Condition cause : null
2026-03-18 11:13:11,848 [WARN] ConditionMgr:438 - getConditionDescription Invalid condition id : Cortex-A Device cause : null
2026-03-18 11:13:11,896 [WARN] ConditionMgr:1039 - genDependencies : Invalid condition id : Cortex-A Device cause : null
2026-03-18 11:13:11,896 [WARN] ConditionMgr:1039 - genDependencies : Invalid condition id : Cortex-A Device cause : null
2026-03-18 11:13:11,896 [WARN] ConditionMgr:1039 - genDependencies : Invalid condition id : Cortex-A Device cause : null
2026-03-18 11:13:11,910 [WARN] PackLoader:240 - Cannot read IP mode file for STMicroelectronics.X-CUBE-STSE01.2.0.0
2026-03-18 11:13:11,929 [WARN] PackLoader:240 - Cannot read IP mode file for STMicroelectronics.X-CUBE-SUBG2.5.0.0
2026-03-18 11:13:11,961 [WARN] PackLoader:240 - Cannot read IP mode file for STMicroelectronics.X-CUBE-AZRTOS-G4.2.0.0
2026-03-18 11:13:11,976 [WARN] PackLoader:240 - Cannot read IP mode file for wolfSSL.I-CUBE-wolfSSH.1.4.20
2026-03-18 11:13:11,996 [WARN] PackLoader:240 - Cannot read IP mode file for STMicroelectronics.X-CUBE-NFC7.2.0.0
2026-03-18 11:13:12,008 [WARN] PackLoader:240 - Cannot read IP mode file for STMicroelectronics.X-CUBE-ALS.1.0.2
2026-03-18 11:13:12,018 [ERROR] Engine:466 - C:\Users\DELL\.stm32cubemx\thirdparties\pdsc\STMicroelectronics.X-CUBE-TOF1.3.4.3.pdsc: PDSC version is not supported
2026-03-18 11:13:12,018 [INFO] ThirdParty:978 - Integrity check success = true
2026-03-18 11:13:12,018 [INFO] IntegrityCheckThread:100 - exiting critical section [integrity check]
2026-03-18 11:13:12,018 [INFO] IntegrityCheckThread:103 - End integrity checks thread
2026-03-18 11:13:12,305 [INFO] Mcu:2032 - Initializing MCU STM32F103C8Tx STM32F103C8Tx STM32F103C8T6
2026-03-18 11:13:15,106 [INFO] Context:742 - Trying to add GPIOservice into a context  which must be forbidden
2026-03-18 11:13:15,665 [INFO] ImportTextPane:205 - (OptionalMessage_ERROR) Unable to find key (Mcu.ThirdPartyNb) in loaded IOC file
2026-03-18 11:13:15,665 [INFO] ImportTextPane:205 - (OptionalMessage_ERROR) Unable to find key (Mcu.PinsNb) in loaded IOC file
2026-03-18 11:13:15,666 [INFO] ImportTextPane:205 - (OptionalMessage_ERROR) Unable to find key (Mcu.IPNb) in loaded IOC file
2026-03-18 11:13:16,026 [INFO] RtosManager:555 - Registered RTOS mode: class=CMSIS, group=RTOS, mode=CMSIS_V1, owner=FREERTOS
2026-03-18 11:13:16,026 [INFO] RtosManager:555 - Registered RTOS mode: class=CMSIS, group=RTOS2, mode=CMSIS_V2, owner=FREERTOS
2026-03-18 11:13:16,026 [INFO] RtosManager:555 - Registered RTOS mode: class=RTOS, group=Core, mode=CMSIS_V1, owner=FREERTOS
2026-03-18 11:13:16,026 [INFO] RtosManager:555 - Registered RTOS mode: class=RTOS, group=Core, mode=CMSIS_V2, owner=FREERTOS
2026-03-18 11:13:16,027 [WARN] ModelIntegratedComponent:184 - Missing modes for component STMicroelectronics:FreeRTOS:0.0.1:STMicroelectronics:RTOS:FreeRTOS:Core:::10.2.0:
2026-03-18 11:13:16,044 [WARN] ModelIntegratedComponent:63 - No mode defined for component null
2026-03-18 11:13:16,045 [WARN] ModelIntegratedComponent:63 - No mode defined for component null
2026-03-18 11:13:16,045 [WARN] ModelIntegratedComponent:63 - No mode defined for component null
2026-03-18 11:13:16,045 [WARN] ModelIntegratedComponent:63 - No mode defined for component null
2026-03-18 11:13:16,045 [WARN] ModelIntegratedComponent:63 - No mode defined for component null
2026-03-18 11:13:16,045 [WARN] ModelIntegratedComponent:63 - No mode defined for component null
2026-03-18 11:13:16,045 [WARN] ModelIntegratedComponent:63 - No mode defined for component null
2026-03-18 11:13:16,045 [WARN] ModelIntegratedComponent:63 - No mode defined for component null
2026-03-18 11:13:16,045 [WARN] ModelIntegratedComponent:63 - No mode defined for component null
2026-03-18 11:13:16,045 [WARN] ModelIntegratedComponent:63 - No mode defined for component null
2026-03-18 11:13:16,045 [WARN] ModelIntegratedComponent:63 - No mode defined for component null
2026-03-18 11:13:16,046 [WARN] ModelIntegratedComponent:63 - No mode defined for component null
2026-03-18 11:13:16,046 [WARN] ModelIntegratedComponent:63 - No mode defined for component null
2026-03-18 11:13:16,046 [WARN] ModelIntegratedComponent:63 - No mode defined for component null
2026-03-18 11:13:16,046 [WARN] ModelIntegratedComponent:63 - No mode defined for component null
2026-03-18 11:13:16,046 [WARN] ModelIntegratedComponent:63 - No mode defined for component null
2026-03-18 11:13:16,046 [WARN] ModelIntegratedComponent:63 - No mode defined for component null
2026-03-18 11:13:16,046 [WARN] ModelIntegratedComponent:63 - No mode defined for component null
2026-03-18 11:13:16,046 [WARN] ModelIntegratedComponent:63 - No mode defined for component null
2026-03-18 11:13:16,046 [WARN] ModelIntegratedComponent:63 - No mode defined for component null
2026-03-18 11:13:16,046 [WARN] ModelIntegratedComponent:63 - No mode defined for component null
2026-03-18 11:13:16,046 [WARN] ModelIntegratedComponent:63 - No mode defined for component null
2026-03-18 11:13:16,047 [WARN] ModelIntegratedComponent:63 - No mode defined for component null
2026-03-18 11:13:16,047 [WARN] ModelIntegratedComponent:63 - No mode defined for component null
2026-03-18 11:13:16,047 [WARN] ModelIntegratedComponent:63 - No mode defined for component null
2026-03-18 11:13:16,047 [WARN] ModelIntegratedComponent:63 - No mode defined for component null
2026-03-18 11:13:16,047 [WARN] ModelIntegratedComponent:63 - No mode defined for component null
2026-03-18 11:13:16,047 [WARN] ModelIntegratedComponent:63 - No mode defined for component null
2026-03-18 11:13:16,047 [WARN] ModelIntegratedComponent:63 - No mode defined for component null
2026-03-18 11:13:16,047 [WARN] ModelIntegratedComponent:63 - No mode defined for component null
2026-03-18 11:13:16,047 [WARN] ModelIntegratedComponent:63 - No mode defined for component null
2026-03-18 11:13:16,047 [WARN] ModelIntegratedComponent:63 - No mode defined for component null
2026-03-18 11:13:16,047 [WARN] ModelIntegratedComponent:63 - No mode defined for component null
2026-03-18 11:13:16,048 [WARN] ModelIntegratedComponent:63 - No mode defined for component null
2026-03-18 11:13:16,048 [WARN] ModelIntegratedComponent:63 - No mode defined for component null
2026-03-18 11:13:16,049 [WARN] ModelPack:524 - Component already loaded: STMicroelectronics:HAL Drivers:0.0.0:STMicroelectronics:Device:STMicro_Driver:XSPI:HAL::0.0.1:HAL_XSPI
2026-03-18 11:13:16,087 [INFO] ThirdPartyModel:298 - Start build external matchings
2026-03-18 11:13:16,419 [INFO] ThirdPartyModel:316 - End build external matchings
2026-03-18 11:13:16,856 [INFO] UtilMem:75 - End LoadConfig() Used Memory: 232473576 Bytes (625999872)
2026-03-18 11:13:17,028 [WARN] ThirdParty:833 - waiting for thirdparty lock release [change project]
2026-03-18 11:13:17,029 [INFO] ThirdParty:835 - entering critical section [change project]
2026-03-18 11:13:17,030 [INFO] ThirdParty:1030 - CMSIS Pack Vendor :STMicroelectronics X-CUBE-AZRTOS-H7 3.5.0
2026-03-18 11:13:17,030 [INFO] ThirdParty:1030 - CMSIS Pack Vendor :STMicroelectronics X-CUBE-PM33A1 1.0.0
2026-03-18 11:13:17,030 [INFO] ThirdParty:1030 - CMSIS Pack Vendor :STMicroelectronics USBPD 4.1
2026-03-18 11:13:17,030 [INFO] ThirdParty:1030 - CMSIS Pack Vendor :STMicroelectronics X-CUBE-NFC9 1.0.0
2026-03-18 11:13:17,030 [INFO] ThirdParty:1030 - CMSIS Pack Vendor :STMicroelectronics USB_HOST 2.0.0
2026-03-18 11:13:17,030 [INFO] ThirdParty:1030 - CMSIS Pack Vendor :STMicroelectronics X-CUBE-AZRTOS-F4 1.1.0
2026-03-18 11:13:17,030 [INFO] ThirdParty:1030 - CMSIS Pack Vendor :STMicroelectronics LIBJPEG 8.0.0
2026-03-18 11:13:17,030 [INFO] ThirdParty:1030 - CMSIS Pack Vendor :STMicroelectronics FP-ATR-ASTRA1 2.0.2
2026-03-18 11:13:17,031 [INFO] ThirdParty:1030 - CMSIS Pack Vendor :STMicroelectronics X-CUBE-BLE1 7.1.0
2026-03-18 11:13:17,031 [INFO] ThirdParty:1030 - CMSIS Pack Vendor :STMicroelectronics X-CUBE-SMBUS 2.1.0
2026-03-18 11:13:17,032 [INFO] ThirdParty:1030 - CMSIS Pack Vendor :wolfSSL I-CUBE-wolfMQTT 1.19.2
2026-03-18 11:13:17,033 [INFO] ThirdParty:1030 - CMSIS Pack Vendor :STMicroelectronics USB_DEVICE 3.0.0
2026-03-18 11:13:17,033 [INFO] ThirdParty:1030 - CMSIS Pack Vendor :STMicroelectronics X-CUBE-ISPU 2.1.0
2026-03-18 11:13:17,033 [INFO] ThirdParty:1030 - CMSIS Pack Vendor :STMicroelectronics X-CUBE-EEPRMA1 5.2.0
2026-03-18 11:13:17,034 [INFO] ThirdParty:1030 - CMSIS Pack Vendor :STMicroelectronics X-CUBE-AZRTOS-WB 2.0.0
2026-03-18 11:13:17,034 [INFO] ThirdParty:1030 - CMSIS Pack Vendor :wolfSSL I-CUBE-wolfSSL 5.8.4
2026-03-18 11:13:17,034 [INFO] ThirdParty:1030 - CMSIS Pack Vendor :STMicroelectronics X-CUBE-NFC12 1.0.0
2026-03-18 11:13:17,034 [INFO] ThirdParty:1030 - CMSIS Pack Vendor :STMicroelectronics X-CUBE-AZRTOS-F7 1.1.0
2026-03-18 11:13:17,034 [INFO] ThirdParty:1030 - CMSIS Pack Vendor :STMicroelectronics X-CUBE-AZRTOS-L5 2.0.0
2026-03-18 11:13:17,034 [INFO] ThirdParty:1030 - CMSIS Pack Vendor :STMicroelectronics USB_DEVICE 2.0.0
2026-03-18 11:13:17,034 [INFO] ThirdParty:1030 - CMSIS Pack Vendor :quantropi X-CUBE-qispace-sdk-base 2.1.0
2026-03-18 11:13:17,034 [INFO] ThirdParty:1030 - CMSIS Pack Vendor :STMicroelectronics X-CUBE-MEMS1 12.0.0
2026-03-18 11:13:17,034 [INFO] ThirdParty:1030 - CMSIS Pack Vendor :STMicroelectronics X-CUBE-STSE01 2.0.0
2026-03-18 11:13:17,034 [INFO] ThirdParty:1030 - CMSIS Pack Vendor :STMicroelectronics FreeRTOS 0.0.1
2026-03-18 11:13:17,035 [INFO] ThirdParty:1030 - CMSIS Pack Vendor :STMicroelectronics X-CUBE-AZRTOS-G0 1.1.0
2026-03-18 11:13:17,035 [INFO] ThirdParty:1030 - CMSIS Pack Vendor :STMicroelectronics X-CUBE-NFC4 3.0.0
2026-03-18 11:13:17,035 [INFO] ThirdParty:1030 - CMSIS Pack Vendor :STMicroelectronics X-CUBE-SUBG2 5.0.0
2026-03-18 11:13:17,035 [INFO] ThirdParty:1030 - CMSIS Pack Vendor :STMicroelectronics STM32_WPAN 1.0.0
2026-03-18 11:13:17,035 [INFO] ThirdParty:1030 - CMSIS Pack Vendor :EmbeddedOffice I-CUBE-FS-RTOS 1.0.1
2026-03-18 11:13:17,035 [INFO] ThirdParty:1030 - CMSIS Pack Vendor :STMicroelectronics lwIP 2.0.3
2026-03-18 11:13:17,035 [INFO] ThirdParty:1030 - CMSIS Pack Vendor :STMicroelectronics USB_HOST 1.0.0
2026-03-18 11:13:17,035 [INFO] ThirdParty:1030 - CMSIS Pack Vendor :STMicroelectronics X-CUBE-AZRTOS-G4 2.0.0
2026-03-18 11:13:17,036 [INFO] ThirdParty:1030 - CMSIS Pack Vendor :STMicroelectronics X-CUBE-WB05N 2.0.0
2026-03-18 11:13:17,036 [INFO] ThirdParty:1030 - CMSIS Pack Vendor :STMicroelectronics PDM2PCM 3.1.0
2026-03-18 11:13:17,036 [INFO] ThirdParty:1030 - CMSIS Pack Vendor :STMicroelectronics PDM2PCM 3.3.0
2026-03-18 11:13:17,036 [INFO] ThirdParty:1030 - CMSIS Pack Vendor :wolfSSL I-CUBE-wolfTPM 3.8.0
2026-03-18 11:13:17,036 [INFO] ThirdParty:1030 - CMSIS Pack Vendor :STMicroelectronics X-CUBE-DISPLAY 3.0.0
2026-03-18 11:13:17,037 [INFO] ThirdParty:1030 - CMSIS Pack Vendor :wolfSSL I-CUBE-wolfSSH 1.4.20
2026-03-18 11:13:17,037 [INFO] ThirdParty:1030 - CMSIS Pack Vendor :STMicroelectronics X-CUBE-NFC7 2.0.0
2026-03-18 11:13:17,037 [INFO] ThirdParty:1030 - CMSIS Pack Vendor :RealThread X-CUBE-RT-Thread_Nano 4.1.1
2026-03-18 11:13:17,037 [INFO] ThirdParty:1030 - CMSIS Pack Vendor :STMicroelectronics FP-ATR-SIGFOX1 3.2.0
2026-03-18 11:13:17,037 [INFO] ThirdParty:1030 - CMSIS Pack Vendor :STMicroelectronics X-CUBE-NFC10 1.0.0
2026-03-18 11:13:17,037 [INFO] ThirdParty:1030 - CMSIS Pack Vendor :STMicroelectronics HAL Drivers 0.0.0
2026-03-18 11:13:17,037 [INFO] ThirdParty:1030 - CMSIS Pack Vendor :STMicroelectronics MBEDTLS 2.16.2
2026-03-18 11:13:17,038 [INFO] ThirdParty:1030 - CMSIS Pack Vendor :STMicroelectronics X-CUBE-ALS 1.0.2
2026-03-18 11:13:17,038 [INFO] ThirdParty:1030 - CMSIS Pack Vendor :emotas I-CUBE-CANOPEN 1.3.0
2026-03-18 11:13:17,039 [INFO] ThirdParty:1030 - CMSIS Pack Vendor :STMicroelectronics MBEDTLS 2.14.1
2026-03-18 11:13:17,040 [INFO] ThirdParty:1030 - CMSIS Pack Vendor :STMicroelectronics X-CUBE-GNSS1 7.1.0
2026-03-18 11:13:17,040 [INFO] ThirdParty:1030 - CMSIS Pack Vendor :ITTIA_DB I-CUBE-ITTIADB 8.9.0
2026-03-18 11:13:17,041 [INFO] ThirdParty:1030 - CMSIS Pack Vendor :STMicroelectronics X-CUBE-TOUCHGFX 4.26.1
2026-03-18 11:13:17,041 [INFO] ThirdParty:1030 - CMSIS Pack Vendor :STMicroelectronics X-CUBE-NFC6 3.2.0
2026-03-18 11:13:17,041 [INFO] ThirdParty:1030 - CMSIS Pack Vendor :STMicroelectronics X-CUBE-AI 10.2.0
2026-03-18 11:13:17,041 [INFO] ThirdParty:1030 - CMSIS Pack Vendor :STMicroelectronics ThreadX 1.0.0
2026-03-18 11:13:17,041 [INFO] ThirdParty:1030 - CMSIS Pack Vendor :STMicroelectronics FP-SNS-SMARTAG2 1.2.0
2026-03-18 11:13:17,041 [INFO] ThirdParty:1030 - CMSIS Pack Vendor :STMicroelectronics X-CUBE-AZRTOS-WL 2.0.0
2026-03-18 11:13:17,042 [INFO] ThirdParty:1030 - CMSIS Pack Vendor :SEGGER I-CUBE-embOS 1.3.1
2026-03-18 11:13:17,042 [INFO] ThirdParty:1030 - CMSIS Pack Vendor :STMicroelectronics X-CUBE-ALGOBUILD 1.4.0
2026-03-18 11:13:17,042 [INFO] ThirdParty:1030 - CMSIS Pack Vendor :STMicroelectronics X-CUBE-DPower 1.3.0
2026-03-18 11:13:17,042 [INFO] ThirdParty:1030 - CMSIS Pack Vendor :STMicroelectronics USB_DEVICE 1.0.0
2026-03-18 11:13:17,042 [INFO] ThirdParty:1030 - CMSIS Pack Vendor :STMicroelectronics X-CUBE-AZRTOS-H7RS 1.2.0
2026-03-18 11:13:17,042 [INFO] ThirdParty:1030 - CMSIS Pack Vendor :STMicroelectronics X-CUBE-AZRTOS-L4 2.0.0
2026-03-18 11:13:17,042 [INFO] ThirdParty:1030 - CMSIS Pack Vendor :STMicroelectronics ThreadX 0.0.2
2026-03-18 11:13:17,042 [INFO] ThirdParty:1030 - CMSIS Pack Vendor :STMicroelectronics lwIP 2.1.2
2026-03-18 11:13:17,043 [INFO] ThirdParty:1030 - CMSIS Pack Vendor :STMicroelectronics X-CUBE-SFXS2LP1 4.0.0
2026-03-18 11:13:17,043 [INFO] ThirdParty:1030 - CMSIS Pack Vendor :STMicroelectronics X-CUBE-BLE2 3.3.0
2026-03-18 11:13:17,043 [INFO] ThirdParty:1030 - CMSIS Pack Vendor :Infineon AIROC-Wi-Fi-Bluetooth-STM32 1.8.0
2026-03-18 11:13:17,043 [INFO] ThirdParty:1030 - CMSIS Pack Vendor :STMicroelectronics PDM2PCM 3.2.0
2026-03-18 11:13:17,043 [INFO] ThirdParty:841 - exiting critical section [change project]
2026-03-18 11:13:17,597 [INFO] PinOutPanel:1561 - setPackage(No Configuration,No Configuration)
2026-03-18 11:13:17,600 [INFO] PinOutPanel:1561 - setPackage(STM32F103C8Tx,LQFP48)
2026-03-18 11:13:18,933 [INFO] UtilMem:75 - Before build in PCC Used Memory: 343712392 Bytes (625999872)
2026-03-18 11:13:21,351 [INFO] UtilMem:75 - After build in PCC Used Memory: 448047752 Bytes (625999872)
2026-03-18 11:13:21,407 [INFO] IPUIPlugin:80 - create IPUIPlugin
2026-03-18 11:13:21,408 [INFO] IPUIPlugin:80 - create IPUIPlugin
2026-03-18 11:13:21,408 [INFO] IPUIPlugin:80 - create IPUIPlugin
2026-03-18 11:13:21,409 [INFO] IPUIPlugin:80 - create IPUIPlugin
2026-03-18 11:13:21,410 [INFO] IPUIPlugin:80 - create IPUIPlugin
2026-03-18 11:13:21,410 [INFO] IPUIPlugin:80 - create IPUIPlugin
2026-03-18 11:13:21,411 [INFO] IPUIPlugin:80 - create IPUIPlugin
2026-03-18 11:13:21,411 [INFO] IPUIPlugin:80 - create IPUIPlugin
2026-03-18 11:13:21,412 [INFO] IPUIPlugin:80 - create IPUIPlugin
2026-03-18 11:13:21,412 [INFO] IPUIPlugin:80 - create IPUIPlugin
2026-03-18 11:13:21,413 [INFO] IPUIPlugin:80 - create IPUIPlugin
2026-03-18 11:13:21,413 [INFO] IPUIPlugin:80 - create IPUIPlugin
2026-03-18 11:13:21,414 [INFO] IPUIPlugin:80 - create IPUIPlugin
2026-03-18 11:13:21,414 [INFO] IPUIPlugin:80 - create IPUIPlugin
2026-03-18 11:13:21,415 [INFO] IPUIPlugin:80 - create IPUIPlugin
2026-03-18 11:13:21,416 [INFO] IPUIPlugin:80 - create IPUIPlugin
2026-03-18 11:13:21,416 [INFO] IPUIPlugin:80 - create IPUIPlugin
2026-03-18 11:13:21,417 [INFO] IPUIPlugin:80 - create IPUIPlugin
2026-03-18 11:13:21,417 [INFO] IPUIPlugin:80 - create IPUIPlugin
2026-03-18 11:13:21,418 [INFO] IPUIPlugin:80 - create IPUIPlugin
2026-03-18 11:13:21,419 [INFO] IPUIPlugin:80 - create IPUIPlugin
2026-03-18 11:13:21,420 [INFO] IPUIPlugin:80 - create IPUIPlugin
2026-03-18 11:13:21,421 [INFO] IPUIPlugin:80 - create IPUIPlugin
2026-03-18 11:13:21,422 [INFO] IPUIPlugin:80 - create IPUIPlugin
2026-03-18 11:13:21,422 [INFO] IPUIPlugin:80 - create IPUIPlugin
2026-03-18 11:13:21,423 [INFO] IPUIPlugin:80 - create IPUIPlugin
2026-03-18 11:13:21,424 [INFO] IPUIPlugin:80 - create IPUIPlugin
2026-03-18 11:13:21,921 [INFO] CADModel:165 - CPN selected for project levelSTM32F103C8T6
2026-03-18 11:13:21,921 [INFO] CADModel:114 - Register for checkConnection events
2026-03-18 11:13:21,997 [INFO] OpenFileManager:363 - Restore cursor
2026-03-18 11:13:24,217 [INFO] UtilMem:75 - End SaveConfig() Used Memory: 237510144 Bytes (625999872)
2026-03-18 11:13:24,373 [INFO] UtilMem:75 - End SaveConfig() Used Memory: 228322976 Bytes (625999872)
2026-03-18 11:13:25,525 [INFO] BlockDiagram:2766 - set Specific Code input for plugin: NVIC
2026-03-18 11:13:25,530 [INFO] BlockDiagram:2766 - set Specific Code input for plugin: RCC
2026-03-18 11:13:25,536 [INFO] CodeGenerator:807 - code generatio: config db path: E:\App Download\ST\STM32CubeIDE_1.16.1\STM32CubeIDE\plugins\com.st.stm32cube.common.mx_6.12.1.202409122256\\db\
2026-03-18 11:13:26,140 [INFO] CodeEngine:255 - oldGeneratedFile, E:\STM32CubeIDE\workspace_1.16.1\obj_detector_1\MXTmpFiles\license.tmp_save
2026-03-18 11:13:26,882 [INFO] CodeEngine:279 - Generated code: E:\STM32CubeIDE\workspace_1.16.1\obj_detector_1\MXTmpFiles\license.tmp
2026-03-18 11:13:26,992 [INFO] CodeEngine:255 - oldGeneratedFile, E:\STM32CubeIDE\workspace_1.16.1\obj_detector_1\Core\Src\stm32f1xx_it.c_save
2026-03-18 11:13:27,463 [INFO] CodeEngine:279 - Generated code: E:\STM32CubeIDE\workspace_1.16.1\obj_detector_1\Core\Src\stm32f1xx_it.c
2026-03-18 11:13:27,504 [INFO] CodeEngine:255 - oldGeneratedFile, E:\STM32CubeIDE\workspace_1.16.1\obj_detector_1\Core\Inc\stm32f1xx_it.h_save
2026-03-18 11:13:27,815 [INFO] CodeEngine:279 - Generated code: E:\STM32CubeIDE\workspace_1.16.1\obj_detector_1\Core\Inc\stm32f1xx_it.h
2026-03-18 11:13:28,207 [INFO] CodeEngine:255 - oldGeneratedFile, E:\STM32CubeIDE\workspace_1.16.1\obj_detector_1\Core\Src\stm32f1xx_hal_msp.c_save
2026-03-18 11:13:28,623 [INFO] CodeEngine:279 - Generated code: E:\STM32CubeIDE\workspace_1.16.1\obj_detector_1\Core\Src\stm32f1xx_hal_msp.c
2026-03-18 11:13:28,670 [INFO] CodeEngine:255 - oldGeneratedFile, E:\STM32CubeIDE\workspace_1.16.1\obj_detector_1\MXTmpFiles\system.tmp_save
2026-03-18 11:13:28,908 [INFO] CodeEngine:279 - Generated code: E:\STM32CubeIDE\workspace_1.16.1\obj_detector_1\MXTmpFiles\system.tmp
2026-03-18 11:13:28,998 [INFO] CodeEngine:311 - oldGeneratedFile, E:\STM32CubeIDE\workspace_1.16.1\obj_detector_1\Core\Inc\stm32f1xx_hal_conf.h_save
2026-03-18 11:13:29,255 [INFO] CodeEngine:335 - Generated code: E:\STM32CubeIDE\workspace_1.16.1\obj_detector_1\Core\Inc\stm32f1xx_hal_conf.h
2026-03-18 11:13:29,396 [INFO] CodeEngine:255 - oldGeneratedFile, E:\STM32CubeIDE\workspace_1.16.1\obj_detector_1\Core\Inc\main.h_save
2026-03-18 11:13:29,595 [INFO] CodeEngine:279 - Generated code: E:\STM32CubeIDE\workspace_1.16.1\obj_detector_1\Core\Inc\main.h
2026-03-18 11:13:29,614 [INFO] CodeEngine:255 - oldGeneratedFile, E:\STM32CubeIDE\workspace_1.16.1\obj_detector_1\Core\Src\main.c_save
2026-03-18 11:13:29,942 [INFO] CodeEngine:279 - Generated code: E:\STM32CubeIDE\workspace_1.16.1\obj_detector_1\Core\Src\main.c
2026-03-18 11:13:31,609 [INFO] ProjectBuilder:3249 - Time for Copy HAL[1] : 901mS.
2026-03-18 11:13:31,623 [INFO] ProjectBuilder:4828 - Project Generator version: 4.5.0-B34
2026-03-18 11:13:31,827 [INFO] ConfigFileManager:1531 - The Die is : DIE410
2026-03-18 11:13:31,890 [INFO] ApiDbMcu:508 - Load IP Config File for FATFS
2026-03-18 11:13:31,927 [INFO] ApiDbMcu:508 - Load IP Config File for FREERTOS
2026-03-18 11:13:31,953 [INFO] ApiDbMcu:508 - Load IP Config File for USB_DEVICE
2026-03-18 11:13:33,501 [INFO] LogOutputStream:77 - [STDOUT_REDIRECT] 
2026-03-18 11:13:42,260 [INFO] ProjectBuilder:5097 - Time for Generating toolchain IDE Files: 10636mS.
2026-03-18 11:13:42,264 [INFO] ProjectBuilder:3107 - Time for Copy CMSIS : 4mS.
2026-03-18 11:13:42,273 [INFO] ProjectBuilder:3107 - Time for Copy CMSIS : 0mS.
2026-03-18 11:13:44,155 [INFO] McuFinderGlobals:76 - Set McuFinderConnectedMode to true
2026-03-18 11:13:44,170 [INFO] ApiDb:448 - Save user favorites file C:\Users\DELL/.stm32cubeide/favorites.mcus.txt: 0 item(s)
2026-03-18 11:13:44,171 [INFO] ApiDb:452 - User favorites MCUs=[]
2026-03-18 11:17:43,459 [WARN] IP:2191 - I2C_Coeff_DF not found: check if there is a RefParameter without a condition.
2026-03-18 11:17:43,459 [WARN] IP:2191 - Analog_Filter not found: check if there is a RefParameter without a condition.
2026-03-18 11:17:43,493 [WARN] IP:2191 - I2C_Coeff_DF not found: check if there is a RefParameter without a condition.
2026-03-18 11:17:43,494 [WARN] IP:2191 - Analog_Filter not found: check if there is a RefParameter without a condition.
2026-03-18 11:17:43,495 [WARN] IP:2191 - I2C_Coeff_DF not found: check if there is a RefParameter without a condition.
2026-03-18 11:17:43,496 [WARN] IP:2191 - Analog_Filter not found: check if there is a RefParameter without a condition.
2026-03-18 11:17:44,134 [WARN] IP:2191 - I2C_Coeff_DF not found: check if there is a RefParameter without a condition.
2026-03-18 11:17:44,134 [WARN] IP:2191 - Analog_Filter not found: check if there is a RefParameter without a condition.
2026-03-18 11:17:44,139 [WARN] IP:2191 - I2C_Coeff_DF not found: check if there is a RefParameter without a condition.
2026-03-18 11:17:44,139 [WARN] IP:2191 - Analog_Filter not found: check if there is a RefParameter without a condition.
2026-03-18 11:23:05,337 [INFO] NvicIntPanel:101 - NVIC parent = com.st.microxplorer.plugins.ip.nvic.MultiNvicIntPanel[,0,0,0x0,invalid,layout=javax.swing.BoxLayout,alignmentX=0.0,alignmentY=0.0,border=,flags=9,maximumSize=,minimumSize=,preferredSize=]
2026-03-18 11:27:16,247 [INFO] UtilMem:75 - End SaveConfig() Used Memory: 464797096 Bytes (1063256064)
2026-03-18 11:27:18,682 [INFO] UtilMem:75 - End SaveConfig() Used Memory: 466740296 Bytes (1063256064)
2026-03-18 11:27:23,604 [INFO] UtilMem:75 - End SaveConfig() Used Memory: 733564392 Bytes (1063256064)
2026-03-18 11:27:23,756 [ERROR] ConfigurationRetriever:142 - IOException on connection: Read timed out
2026-03-18 11:27:24,148 [INFO] BlockDiagram:2766 - set Specific Code input for plugin: NVIC
2026-03-18 11:27:24,149 [INFO] BlockDiagram:2766 - set Specific Code input for plugin: TIM1_8F1
2026-03-18 11:27:24,149 [INFO] BlockDiagram:2766 - set Specific Code input for plugin: SYS
2026-03-18 11:27:24,150 [INFO] BlockDiagram:2766 - set Specific Code input for plugin: GPIO
2026-03-18 11:27:24,150 [INFO] BlockDiagram:2766 - set Specific Code input for plugin: RCC
2026-03-18 11:27:24,155 [INFO] CodeGenerator:807 - code generatio: config db path: E:\App Download\ST\STM32CubeIDE_1.16.1\STM32CubeIDE\plugins\com.st.stm32cube.common.mx_6.12.1.202409122256\\db\
2026-03-18 11:27:24,348 [INFO] CodeEngine:255 - oldGeneratedFile, E:\STM32CubeIDE\workspace_1.16.1\obj_detector_1\MXTmpFiles\license.tmp_save
2026-03-18 11:27:24,593 [INFO] CodeEngine:279 - Generated code: E:\STM32CubeIDE\workspace_1.16.1\obj_detector_1\MXTmpFiles\license.tmp
2026-03-18 11:27:24,783 [INFO] CodeEngine:255 - oldGeneratedFile, E:\STM32CubeIDE\workspace_1.16.1\obj_detector_1\MXTmpFiles\gpio.tmp_save
2026-03-18 11:27:24,968 [INFO] CodeEngine:279 - Generated code: E:\STM32CubeIDE\workspace_1.16.1\obj_detector_1\MXTmpFiles\gpio.tmp
2026-03-18 11:27:25,219 [INFO] CodeEngine:255 - oldGeneratedFile, E:\STM32CubeIDE\workspace_1.16.1\obj_detector_1\Core\Src\stm32f1xx_it.c_save
2026-03-18 11:27:25,581 [INFO] CodeEngine:279 - Generated code: E:\STM32CubeIDE\workspace_1.16.1\obj_detector_1\Core\Src\stm32f1xx_it.c
2026-03-18 11:27:25,622 [INFO] CodeEngine:255 - oldGeneratedFile, E:\STM32CubeIDE\workspace_1.16.1\obj_detector_1\Core\Inc\stm32f1xx_it.h_save
2026-03-18 11:27:25,782 [INFO] CodeEngine:279 - Generated code: E:\STM32CubeIDE\workspace_1.16.1\obj_detector_1\Core\Inc\stm32f1xx_it.h
2026-03-18 11:27:25,853 [INFO] CodeEngine:255 - oldGeneratedFile, E:\STM32CubeIDE\workspace_1.16.1\obj_detector_1\Core\Src\stm32f1xx_hal_msp.c_save
2026-03-18 11:27:26,133 [INFO] CodeEngine:279 - Generated code: E:\STM32CubeIDE\workspace_1.16.1\obj_detector_1\Core\Src\stm32f1xx_hal_msp.c
2026-03-18 11:27:26,168 [INFO] CodeEngine:255 - oldGeneratedFile, E:\STM32CubeIDE\workspace_1.16.1\obj_detector_1\MXTmpFiles\system.tmp_save
2026-03-18 11:27:26,336 [INFO] CodeEngine:279 - Generated code: E:\STM32CubeIDE\workspace_1.16.1\obj_detector_1\MXTmpFiles\system.tmp
2026-03-18 11:27:26,398 [INFO] CodeEngine:311 - oldGeneratedFile, E:\STM32CubeIDE\workspace_1.16.1\obj_detector_1\Core\Inc\stm32f1xx_hal_conf.h_save
2026-03-18 11:27:26,611 [INFO] CodeEngine:335 - Generated code: E:\STM32CubeIDE\workspace_1.16.1\obj_detector_1\Core\Inc\stm32f1xx_hal_conf.h
2026-03-18 11:27:26,677 [WARN] IPConfigManager:3554 - IP not found : TIM
2026-03-18 11:27:26,679 [WARN] CodeGenerator:4002 - IP not found : null
2026-03-18 11:27:26,722 [INFO] CodeEngine:255 - oldGeneratedFile, E:\STM32CubeIDE\workspace_1.16.1\obj_detector_1\Core\Inc\main.h_save
2026-03-18 11:27:26,979 [INFO] CodeEngine:279 - Generated code: E:\STM32CubeIDE\workspace_1.16.1\obj_detector_1\Core\Inc\main.h
2026-03-18 11:27:27,024 [INFO] CodeEngine:255 - oldGeneratedFile, E:\STM32CubeIDE\workspace_1.16.1\obj_detector_1\Core\Src\main.c_save
2026-03-18 11:27:27,319 [INFO] CodeEngine:279 - Generated code: E:\STM32CubeIDE\workspace_1.16.1\obj_detector_1\Core\Src\main.c
2026-03-18 11:27:28,494 [INFO] ProjectBuilder:3249 - Time for Copy HAL[1] : 809mS.
2026-03-18 11:27:28,499 [INFO] ProjectBuilder:4828 - Project Generator version: 4.5.0-B34
2026-03-18 11:27:28,626 [INFO] ConfigFileManager:1531 - The Die is : DIE410
2026-03-18 11:27:29,900 [ERROR] ConfigurationRetriever:142 - IOException on connection: Read timed out
2026-03-18 11:27:31,795 [INFO] ProjectBuilder:5097 - Time for Generating toolchain IDE Files: 3296mS.
2026-03-18 11:27:31,798 [INFO] ProjectBuilder:3107 - Time for Copy CMSIS : 3mS.
2026-03-18 11:27:31,803 [INFO] ProjectBuilder:3107 - Time for Copy CMSIS : 0mS.
2026-03-18 11:27:32,535 [ERROR] ConfigurationRetriever:142 - IOException on connection: Read timed out
2026-03-18 11:27:33,918 [ERROR] ConfigurationRetriever:142 - IOException on connection: Connect timed out
2026-03-18 11:27:34,236 [ERROR] ConfigurationRetriever:142 - IOException on connection: Read timed out
2026-03-18 11:27:34,905 [ERROR] ConfigurationRetriever:142 - IOException on connection: Connect timed out
2026-03-18 11:27:35,921 [ERROR] ConfigurationRetriever:142 - IOException on connection: Connect timed out
2026-03-18 11:27:37,537 [ERROR] ConfigurationRetriever:142 - IOException on connection: Connect timed out
2026-03-18 11:27:39,071 [ERROR] ConfigurationRetriever:142 - IOException on connection: Read timed out
2026-03-18 11:27:39,239 [ERROR] ConfigurationRetriever:142 - IOException on connection: Connect timed out
2026-03-18 11:27:39,907 [ERROR] ConfigurationRetriever:142 - IOException on connection: Connect timed out
2026-03-18 11:27:49,714 [ERROR] AdobePublisher:162 - Exception while opening the connection: java.net.UnknownHostException: stmicroelectronics.d3.sc.omtrdc.net
2026-03-18 11:27:49,716 [ERROR] AdobePublisher:162 - Exception while opening the connection: java.net.UnknownHostException: stmicroelectronics.d3.sc.omtrdc.net
2026-03-18 11:27:49,717 [ERROR] AdobePublisher:162 - Exception while opening the connection: java.net.UnknownHostException: stmicroelectronics.d3.sc.omtrdc.net
2026-03-18 11:27:49,718 [ERROR] AdobePublisher:162 - Exception while opening the connection: java.net.UnknownHostException: stmicroelectronics.d3.sc.omtrdc.net
2026-03-18 11:27:49,720 [ERROR] AdobePublisher:162 - Exception while opening the connection: java.net.UnknownHostException: stmicroelectronics.d3.sc.omtrdc.net
2026-03-18 11:29:17,723 [INFO] WebApp:189 - Connection lost
2026-03-18 11:29:59,880 [INFO] WebApp:186 - Connection restablished
2026-03-18 11:36:09,990 [INFO] WebApp:189 - Connection lost
2026-03-18 11:38:17,296 [INFO] MainUpdater:2873 - connection check result : 10
2026-03-18 11:38:17,502 [INFO] McuFinderGlobals:76 - Set McuFinderConnectedMode to true
2026-03-18 11:38:17,522 [INFO] MultiScanPanel:200 - Auto-refresh data requested => check proxy status ongoing
2026-03-18 11:38:17,524 [INFO] FinderPluginLoader:95 - Searching for filters in installed packs
2026-03-18 11:38:18,947 [INFO] LoadUrlFilesThread:185 - End of LoadServerUrlFiles without Thread
2026-03-18 11:38:18,947 [INFO] DetailPanel:341 - Set advertising image to E:\STM32Cube\Repository\en.prom-stm32c5-0326.jpg
2026-03-18 11:40:52,484 [INFO] WebApp:186 - Connection restablished
2026-03-18 11:42:40,647 [INFO] MainUpdater:2873 - connection check result : 10
2026-03-18 11:42:40,647 [INFO] MainUpdater:2873 - connection check result : 10
2026-03-18 11:42:40,762 [INFO] MicroXplorer:468 - Change Database Path : 
2026-03-18 11:42:40,763 [INFO] MicroXplorer:498 - Change Database Version : DB.6.0.121
2026-03-18 11:42:40,803 [ERROR] ProjectManagerView:394 - 
java.lang.NullPointerException: Cannot invoke "javax.swing.JTextField.getText()" because the return value of "java.util.List.get(int)" is null
	at com.st.microxplorer.plugins.projectmanager.gui.ProjectChoiceTab$10.caretUpdate(ProjectChoiceTab.java:2622) ~[filemanager.jar:?]
	at javax.swing.text.JTextComponent.fireCaretUpdate(JTextComponent.java:412) ~[?:?]
	at javax.swing.text.JTextComponent$MutableCaretEvent.fire(JTextComponent.java:4491) ~[?:?]
	at javax.swing.text.JTextComponent$MutableCaretEvent.stateChanged(JTextComponent.java:4513) ~[?:?]
	at javax.swing.text.DefaultCaret.fireStateChanged(DefaultCaret.java:842) ~[?:?]
	at javax.swing.text.DefaultCaret.changeCaretPosition(DefaultCaret.java:1313) ~[?:?]
	at javax.swing.text.DefaultCaret.handleSetDot(DefaultCaret.java:1212) ~[?:?]
	at javax.swing.text.DefaultCaret.setDot(DefaultCaret.java:1193) ~[?:?]
	at javax.swing.text.DefaultCaret$Handler.insertUpdate(DefaultCaret.java:1789) ~[?:?]
	at javax.swing.text.AbstractDocument.fireInsertUpdate(AbstractDocument.java:226) ~[?:?]
	at javax.swing.text.AbstractDocument.handleInsertString(AbstractDocument.java:780) ~[?:?]
	at javax.swing.text.AbstractDocument.insertString(AbstractDocument.java:739) ~[?:?]
	at javax.swing.text.PlainDocument.insertString(PlainDocument.java:131) ~[?:?]
	at javax.swing.text.AbstractDocument.replace(AbstractDocument.java:698) ~[?:?]
	at javax.swing.text.JTextComponent.setText(JTextComponent.java:1729) ~[?:?]
	at com.st.microxplorer.plugins.projectmanager.gui.ProjectChoiceTab.createHeapStackFields(ProjectChoiceTab.java:972) ~[filemanager.jar:?]
	at com.st.microxplorer.plugins.projectmanager.gui.ProjectChoiceTab.buildLinkSettingsPanel(ProjectChoiceTab.java:3597) ~[filemanager.jar:?]
	at com.st.microxplorer.plugins.projectmanager.gui.ProjectChoiceTab.defineWindowsFields(ProjectChoiceTab.java:1940) ~[filemanager.jar:?]
	at com.st.microxplorer.plugins.projectmanager.gui.ProjectChoiceTab.updateSettings(ProjectChoiceTab.java:550) ~[filemanager.jar:?]
	at com.st.microxplorer.plugins.projectmanager.gui.ProjectSettingsPanel.UpdateDialog(ProjectSettingsPanel.java:245) ~[filemanager.jar:?]
	at com.st.microxplorer.plugins.projectmanager.ProjectManagerView.propertyChange(ProjectManagerView.java:391) ~[filemanager.jar:?]
	at java.beans.PropertyChangeSupport.fire(PropertyChangeSupport.java:343) ~[?:?]
	at java.beans.PropertyChangeSupport.firePropertyChange(PropertyChangeSupport.java:335) ~[?:?]
	at java.beans.PropertyChangeSupport.firePropertyChange(PropertyChangeSupport.java:268) ~[?:?]
	at com.st.microxplorer.util.MXPropertyChangeSupport.firePropertyChange(MXPropertyChangeSupport.java:54) ~[STM32CubeMX.jar:?]
	at com.st.microxplorer.mxsystem.MxSystem.closeConfig(MxSystem.java:900) ~[STM32CubeMX.jar:?]
	at com.st.microxplorer.maingui.MainPanel.closeConfig(MainPanel.java:781) ~[STM32CubeMX.jar:?]
	at com.st.microxplorer.plugins.filemanager.engine.OpenFileManager.loadConfigurationFile(OpenFileManager.java:265) ~[filemanager.jar:?]
	at com.st.microxplorer.plugins.filemanager.engine.MainFileManager.userLoadConfig(MainFileManager.java:352) ~[filemanager.jar:?]
	at com.st.microxplorer.plugins.filemanager.engine.MainFileManager.userLoadConfig(MainFileManager.java:330) ~[filemanager.jar:?]
	at com.st.microxplorer.plugins.filemanager.FileManagerView.getSpecificTask(FileManagerView.java:246) ~[filemanager.jar:?]
	at com.st.stm32cube.common.mx.editor.CubeMxEditor.getMxTabbedPaneInstance(CubeMxEditor.java:1198) ~[com.st.stm32cube.common.mx_6.12.1.202409122256/:?]
	at com.st.stm32cube.common.mx.editor.CubeMxEditor$12$1.createSwingComponent(CubeMxEditor.java:1068) ~[com.st.stm32cube.common.mx_6.12.1.202409122256/:?]
	at com.st.stm32cube.common.mx.oss.core.awtswtbridge.EmbeddedSwingComposite.doComponentCreation(EmbeddedSwingComposite.java:492) ~[com.st.stm32cube.common.mx.oss_6.12.1.202409122256/:?]
	at com.st.stm32cube.common.mx.oss.core.awtswtbridge.EmbeddedSwingComposite$4.run(EmbeddedSwingComposite.java:291) ~[com.st.stm32cube.common.mx.oss_6.12.1.202409122256/:?]
	at com.st.stm32cube.common.mx.oss.core.awtswtbridge.AwtEnvironment$2.run(AwtEnvironment.java:166) ~[com.st.stm32cube.common.mx.oss_6.12.1.202409122256/:?]
	at java.awt.event.InvocationEvent.dispatch(InvocationEvent.java:318) ~[?:?]
	at java.awt.EventQueue.dispatchEventImpl(EventQueue.java:773) ~[?:?]
	at java.awt.EventQueue$4.run(EventQueue.java:720) ~[?:?]
	at java.awt.EventQueue$4.run(EventQueue.java:714) ~[?:?]
	at java.security.AccessController.doPrivileged(AccessController.java:399) ~[?:?]
	at java.security.ProtectionDomain$JavaSecurityAccessImpl.doIntersectionPrivilege(ProtectionDomain.java:86) ~[?:?]
	at java.awt.EventQueue.dispatchEvent(EventQueue.java:742) ~[?:?]
	at java.awt.EventDispatchThread.pumpOneEventForFilters(EventDispatchThread.java:203) ~[?:?]
	at java.awt.EventDispatchThread.pumpEventsForFilter(EventDispatchThread.java:124) ~[?:?]
	at java.awt.EventDispatchThread.pumpEventsForHierarchy(EventDispatchThread.java:113) ~[?:?]
	at java.awt.EventDispatchThread.pumpEvents(EventDispatchThread.java:109) ~[?:?]
	at java.awt.EventDispatchThread.pumpEvents(EventDispatchThread.java:101) ~[?:?]
	at java.awt.EventDispatchThread.run(EventDispatchThread.java:90) ~[?:?]
2026-03-18 11:42:40,881 [WARN] ThirdParty:871 - waiting for thirdparty lock release [close project]
2026-03-18 11:42:40,882 [INFO] ThirdParty:873 - entering critical section [close project]
2026-03-18 11:42:40,882 [INFO] ThirdParty:883 - exiting critical section [close project]
2026-03-18 11:42:40,885 [INFO] PinOutPanel:1561 - setPackage(No Configuration,No Configuration)
2026-03-18 11:42:40,902 [INFO] UtilMem:75 - Begin LoadConfig() Used Memory: 621786192 Bytes (958398464)
2026-03-18 11:42:40,904 [INFO] MicroXplorer:468 - Change Database Path : 
2026-03-18 11:42:40,905 [INFO] MicroXplorer:498 - Change Database Version : DB.6.0.121
2026-03-18 11:42:40,905 [INFO] OpenFileManager:332 - Change cursor
2026-03-18 11:42:40,987 [INFO] RulesReader:64 - Compatibility file has been processed (297 Rules)
2026-03-18 11:42:41,021 [INFO] Mcu:2032 - Initializing MCU STM32F103C6Tx STM32F103C6Tx STM32F103C6T6A
2026-03-18 11:42:42,108 [INFO] Context:742 - Trying to add GPIOservice into a context  which must be forbidden
2026-03-18 11:42:42,339 [INFO] ImportTextPane:205 - (OptionalMessage_ERROR) Unable to find key (Mcu.ThirdPartyNb) in loaded IOC file
2026-03-18 11:42:42,340 [INFO] ImportTextPane:205 - (OptionalMessage_ERROR) Unable to find key (Mcu.PinsNb) in loaded IOC file
2026-03-18 11:42:42,340 [INFO] ImportTextPane:205 - (OptionalMessage_ERROR) Unable to find key (Mcu.IPNb) in loaded IOC file
2026-03-18 11:42:42,434 [INFO] RtosManager:555 - Registered RTOS mode: class=CMSIS, group=RTOS, mode=CMSIS_V1, owner=FREERTOS
2026-03-18 11:42:42,435 [INFO] RtosManager:555 - Registered RTOS mode: class=CMSIS, group=RTOS2, mode=CMSIS_V2, owner=FREERTOS
2026-03-18 11:42:42,435 [INFO] RtosManager:555 - Registered RTOS mode: class=RTOS, group=Core, mode=CMSIS_V1, owner=FREERTOS
2026-03-18 11:42:42,435 [INFO] RtosManager:555 - Registered RTOS mode: class=RTOS, group=Core, mode=CMSIS_V2, owner=FREERTOS
2026-03-18 11:42:42,435 [WARN] ModelIntegratedComponent:184 - Missing modes for component STMicroelectronics:FreeRTOS:0.0.1:STMicroelectronics:RTOS:FreeRTOS:Core:::10.2.0:
2026-03-18 11:42:42,442 [WARN] ModelIntegratedComponent:63 - No mode defined for component null
2026-03-18 11:42:42,443 [WARN] ModelIntegratedComponent:63 - No mode defined for component null
2026-03-18 11:42:42,443 [WARN] ModelIntegratedComponent:63 - No mode defined for component null
2026-03-18 11:42:42,443 [WARN] ModelIntegratedComponent:63 - No mode defined for component null
2026-03-18 11:42:42,443 [WARN] ModelIntegratedComponent:63 - No mode defined for component null
2026-03-18 11:42:42,443 [WARN] ModelIntegratedComponent:63 - No mode defined for component null
2026-03-18 11:42:42,443 [WARN] ModelIntegratedComponent:63 - No mode defined for component null
2026-03-18 11:42:42,443 [WARN] ModelIntegratedComponent:63 - No mode defined for component null
2026-03-18 11:42:42,443 [WARN] ModelIntegratedComponent:63 - No mode defined for component null
2026-03-18 11:42:42,443 [WARN] ModelIntegratedComponent:63 - No mode defined for component null
2026-03-18 11:42:42,444 [WARN] ModelIntegratedComponent:63 - No mode defined for component null
2026-03-18 11:42:42,444 [WARN] ModelIntegratedComponent:63 - No mode defined for component null
2026-03-18 11:42:42,444 [WARN] ModelIntegratedComponent:63 - No mode defined for component null
2026-03-18 11:42:42,444 [WARN] ModelIntegratedComponent:63 - No mode defined for component null
2026-03-18 11:42:42,444 [WARN] ModelIntegratedComponent:63 - No mode defined for component null
2026-03-18 11:42:42,444 [WARN] ModelIntegratedComponent:63 - No mode defined for component null
2026-03-18 11:42:42,444 [WARN] ModelIntegratedComponent:63 - No mode defined for component null
2026-03-18 11:42:42,444 [WARN] ModelIntegratedComponent:63 - No mode defined for component null
2026-03-18 11:42:42,444 [WARN] ModelIntegratedComponent:63 - No mode defined for component null
2026-03-18 11:42:42,444 [WARN] ModelIntegratedComponent:63 - No mode defined for component null
2026-03-18 11:42:42,444 [WARN] ModelIntegratedComponent:63 - No mode defined for component null
2026-03-18 11:42:42,444 [WARN] ModelIntegratedComponent:63 - No mode defined for component null
2026-03-18 11:42:42,444 [WARN] ModelIntegratedComponent:63 - No mode defined for component null
2026-03-18 11:42:42,445 [WARN] ModelIntegratedComponent:63 - No mode defined for component null
2026-03-18 11:42:42,445 [WARN] ModelIntegratedComponent:63 - No mode defined for component null
2026-03-18 11:42:42,445 [WARN] ModelIntegratedComponent:63 - No mode defined for component null
2026-03-18 11:42:42,445 [WARN] ModelIntegratedComponent:63 - No mode defined for component null
2026-03-18 11:42:42,445 [WARN] ModelIntegratedComponent:63 - No mode defined for component null
2026-03-18 11:42:42,445 [WARN] ModelIntegratedComponent:63 - No mode defined for component null
2026-03-18 11:42:42,445 [WARN] ModelIntegratedComponent:63 - No mode defined for component null
2026-03-18 11:42:42,445 [WARN] ModelIntegratedComponent:63 - No mode defined for component null
2026-03-18 11:42:42,445 [WARN] ModelIntegratedComponent:63 - No mode defined for component null
2026-03-18 11:42:42,445 [WARN] ModelIntegratedComponent:63 - No mode defined for component null
2026-03-18 11:42:42,445 [WARN] ModelIntegratedComponent:63 - No mode defined for component null
2026-03-18 11:42:42,445 [WARN] ModelIntegratedComponent:63 - No mode defined for component null
2026-03-18 11:42:42,446 [WARN] ModelPack:524 - Component already loaded: STMicroelectronics:HAL Drivers:0.0.0:STMicroelectronics:Device:STMicro_Driver:XSPI:HAL::0.0.1:HAL_XSPI
2026-03-18 11:42:42,469 [INFO] ThirdPartyModel:298 - Start build external matchings
2026-03-18 11:42:42,999 [INFO] ThirdPartyModel:316 - End build external matchings
2026-03-18 11:42:43,344 [INFO] UtilMem:75 - End LoadConfig() Used Memory: 721968824 Bytes (958398464)
2026-03-18 11:42:43,407 [WARN] ThirdParty:833 - waiting for thirdparty lock release [change project]
2026-03-18 11:42:43,408 [INFO] ThirdParty:835 - entering critical section [change project]
2026-03-18 11:42:43,408 [INFO] ThirdParty:1030 - CMSIS Pack Vendor :STMicroelectronics X-CUBE-AZRTOS-H7 3.5.0
2026-03-18 11:42:43,408 [INFO] ThirdParty:1030 - CMSIS Pack Vendor :STMicroelectronics X-CUBE-PM33A1 1.0.0
2026-03-18 11:42:43,409 [INFO] ThirdParty:1030 - CMSIS Pack Vendor :STMicroelectronics USBPD 4.1
2026-03-18 11:42:43,409 [INFO] ThirdParty:1030 - CMSIS Pack Vendor :STMicroelectronics X-CUBE-NFC9 1.0.0
2026-03-18 11:42:43,409 [INFO] ThirdParty:1030 - CMSIS Pack Vendor :STMicroelectronics USB_HOST 2.0.0
2026-03-18 11:42:43,409 [INFO] ThirdParty:1030 - CMSIS Pack Vendor :STMicroelectronics X-CUBE-AZRTOS-F4 1.1.0
2026-03-18 11:42:43,409 [INFO] ThirdParty:1030 - CMSIS Pack Vendor :STMicroelectronics LIBJPEG 8.0.0
2026-03-18 11:42:43,409 [INFO] ThirdParty:1030 - CMSIS Pack Vendor :STMicroelectronics FP-ATR-ASTRA1 2.0.2
2026-03-18 11:42:43,409 [INFO] ThirdParty:1030 - CMSIS Pack Vendor :STMicroelectronics X-CUBE-BLE1 7.1.0
2026-03-18 11:42:43,409 [INFO] ThirdParty:1030 - CMSIS Pack Vendor :STMicroelectronics X-CUBE-SMBUS 2.1.0
2026-03-18 11:42:43,409 [INFO] ThirdParty:1030 - CMSIS Pack Vendor :wolfSSL I-CUBE-wolfMQTT 1.19.2
2026-03-18 11:42:43,409 [INFO] ThirdParty:1030 - CMSIS Pack Vendor :STMicroelectronics USB_DEVICE 3.0.0
2026-03-18 11:42:43,410 [INFO] ThirdParty:1030 - CMSIS Pack Vendor :STMicroelectronics X-CUBE-ISPU 2.1.0
2026-03-18 11:42:43,410 [INFO] ThirdParty:1030 - CMSIS Pack Vendor :STMicroelectronics X-CUBE-EEPRMA1 5.2.0
2026-03-18 11:42:43,411 [INFO] ThirdParty:1030 - CMSIS Pack Vendor :STMicroelectronics X-CUBE-AZRTOS-WB 2.0.0
2026-03-18 11:42:43,411 [INFO] ThirdParty:1030 - CMSIS Pack Vendor :wolfSSL I-CUBE-wolfSSL 5.8.4
2026-03-18 11:42:43,412 [INFO] ThirdParty:1030 - CMSIS Pack Vendor :STMicroelectronics X-CUBE-NFC12 1.0.0
2026-03-18 11:42:43,412 [INFO] ThirdParty:1030 - CMSIS Pack Vendor :STMicroelectronics X-CUBE-AZRTOS-F7 1.1.0
2026-03-18 11:42:43,413 [INFO] ThirdParty:1030 - CMSIS Pack Vendor :STMicroelectronics X-CUBE-AZRTOS-L5 2.0.0
2026-03-18 11:42:43,413 [INFO] ThirdParty:1030 - CMSIS Pack Vendor :STMicroelectronics USB_DEVICE 2.0.0
2026-03-18 11:42:43,413 [INFO] ThirdParty:1030 - CMSIS Pack Vendor :quantropi X-CUBE-qispace-sdk-base 2.1.0
2026-03-18 11:42:43,413 [INFO] ThirdParty:1030 - CMSIS Pack Vendor :STMicroelectronics X-CUBE-MEMS1 12.0.0
2026-03-18 11:42:43,413 [INFO] ThirdParty:1030 - CMSIS Pack Vendor :STMicroelectronics X-CUBE-STSE01 2.0.0
2026-03-18 11:42:43,414 [INFO] ThirdParty:1030 - CMSIS Pack Vendor :STMicroelectronics FreeRTOS 0.0.1
2026-03-18 11:42:43,414 [INFO] ThirdParty:1030 - CMSIS Pack Vendor :STMicroelectronics X-CUBE-AZRTOS-G0 1.1.0
2026-03-18 11:42:43,414 [INFO] ThirdParty:1030 - CMSIS Pack Vendor :STMicroelectronics X-CUBE-NFC4 3.0.0
2026-03-18 11:42:43,414 [INFO] ThirdParty:1030 - CMSIS Pack Vendor :STMicroelectronics X-CUBE-SUBG2 5.0.0
2026-03-18 11:42:43,414 [INFO] ThirdParty:1030 - CMSIS Pack Vendor :STMicroelectronics STM32_WPAN 1.0.0
2026-03-18 11:42:43,414 [INFO] ThirdParty:1030 - CMSIS Pack Vendor :EmbeddedOffice I-CUBE-FS-RTOS 1.0.1
2026-03-18 11:42:43,414 [INFO] ThirdParty:1030 - CMSIS Pack Vendor :STMicroelectronics lwIP 2.0.3
2026-03-18 11:42:43,414 [INFO] ThirdParty:1030 - CMSIS Pack Vendor :STMicroelectronics USB_HOST 1.0.0
2026-03-18 11:42:43,414 [INFO] ThirdParty:1030 - CMSIS Pack Vendor :STMicroelectronics X-CUBE-AZRTOS-G4 2.0.0
2026-03-18 11:42:43,414 [INFO] ThirdParty:1030 - CMSIS Pack Vendor :STMicroelectronics X-CUBE-WB05N 2.0.0
2026-03-18 11:42:43,415 [INFO] ThirdParty:1030 - CMSIS Pack Vendor :STMicroelectronics PDM2PCM 3.1.0
2026-03-18 11:42:43,415 [INFO] ThirdParty:1030 - CMSIS Pack Vendor :STMicroelectronics PDM2PCM 3.3.0
2026-03-18 11:42:43,415 [INFO] ThirdParty:1030 - CMSIS Pack Vendor :wolfSSL I-CUBE-wolfTPM 3.8.0
2026-03-18 11:42:43,415 [INFO] ThirdParty:1030 - CMSIS Pack Vendor :STMicroelectronics X-CUBE-DISPLAY 3.0.0
2026-03-18 11:42:43,415 [INFO] ThirdParty:1030 - CMSIS Pack Vendor :wolfSSL I-CUBE-wolfSSH 1.4.20
2026-03-18 11:42:43,415 [INFO] ThirdParty:1030 - CMSIS Pack Vendor :STMicroelectronics X-CUBE-NFC7 2.0.0
2026-03-18 11:42:43,415 [INFO] ThirdParty:1030 - CMSIS Pack Vendor :RealThread X-CUBE-RT-Thread_Nano 4.1.1
2026-03-18 11:42:43,415 [INFO] ThirdParty:1030 - CMSIS Pack Vendor :STMicroelectronics FP-ATR-SIGFOX1 3.2.0
2026-03-18 11:42:43,415 [INFO] ThirdParty:1030 - CMSIS Pack Vendor :STMicroelectronics X-CUBE-NFC10 1.0.0
2026-03-18 11:42:43,416 [INFO] ThirdParty:1030 - CMSIS Pack Vendor :STMicroelectronics HAL Drivers 0.0.0
2026-03-18 11:42:43,416 [INFO] ThirdParty:1030 - CMSIS Pack Vendor :STMicroelectronics MBEDTLS 2.16.2
2026-03-18 11:42:43,416 [INFO] ThirdParty:1030 - CMSIS Pack Vendor :STMicroelectronics X-CUBE-ALS 1.0.2
2026-03-18 11:42:43,416 [INFO] ThirdParty:1030 - CMSIS Pack Vendor :emotas I-CUBE-CANOPEN 1.3.0
2026-03-18 11:42:43,416 [INFO] ThirdParty:1030 - CMSIS Pack Vendor :STMicroelectronics MBEDTLS 2.14.1
2026-03-18 11:42:43,416 [INFO] ThirdParty:1030 - CMSIS Pack Vendor :STMicroelectronics X-CUBE-GNSS1 7.1.0
2026-03-18 11:42:43,416 [INFO] ThirdParty:1030 - CMSIS Pack Vendor :ITTIA_DB I-CUBE-ITTIADB 8.9.0
2026-03-18 11:42:43,416 [INFO] ThirdParty:1030 - CMSIS Pack Vendor :STMicroelectronics X-CUBE-TOUCHGFX 4.26.1
2026-03-18 11:42:43,416 [INFO] ThirdParty:1030 - CMSIS Pack Vendor :STMicroelectronics X-CUBE-NFC6 3.2.0
2026-03-18 11:42:43,416 [INFO] ThirdParty:1030 - CMSIS Pack Vendor :STMicroelectronics X-CUBE-AI 10.2.0
2026-03-18 11:42:43,417 [INFO] ThirdParty:1030 - CMSIS Pack Vendor :STMicroelectronics ThreadX 1.0.0
2026-03-18 11:42:43,417 [INFO] ThirdParty:1030 - CMSIS Pack Vendor :STMicroelectronics FP-SNS-SMARTAG2 1.2.0
2026-03-18 11:42:43,417 [INFO] ThirdParty:1030 - CMSIS Pack Vendor :STMicroelectronics X-CUBE-AZRTOS-WL 2.0.0
2026-03-18 11:42:43,417 [INFO] ThirdParty:1030 - CMSIS Pack Vendor :SEGGER I-CUBE-embOS 1.3.1
2026-03-18 11:42:43,417 [INFO] ThirdParty:1030 - CMSIS Pack Vendor :STMicroelectronics X-CUBE-ALGOBUILD 1.4.0
2026-03-18 11:42:43,417 [INFO] ThirdParty:1030 - CMSIS Pack Vendor :STMicroelectronics X-CUBE-DPower 1.3.0
2026-03-18 11:42:43,417 [INFO] ThirdParty:1030 - CMSIS Pack Vendor :STMicroelectronics USB_DEVICE 1.0.0
2026-03-18 11:42:43,417 [INFO] ThirdParty:1030 - CMSIS Pack Vendor :STMicroelectronics X-CUBE-AZRTOS-H7RS 1.2.0
2026-03-18 11:42:43,417 [INFO] ThirdParty:1030 - CMSIS Pack Vendor :STMicroelectronics X-CUBE-AZRTOS-L4 2.0.0
2026-03-18 11:42:43,417 [INFO] ThirdParty:1030 - CMSIS Pack Vendor :STMicroelectronics ThreadX 0.0.2
2026-03-18 11:42:43,417 [INFO] ThirdParty:1030 - CMSIS Pack Vendor :STMicroelectronics lwIP 2.1.2
2026-03-18 11:42:43,418 [INFO] ThirdParty:1030 - CMSIS Pack Vendor :STMicroelectronics X-CUBE-SFXS2LP1 4.0.0
2026-03-18 11:42:43,418 [INFO] ThirdParty:1030 - CMSIS Pack Vendor :STMicroelectronics X-CUBE-BLE2 3.3.0
2026-03-18 11:42:43,418 [INFO] ThirdParty:1030 - CMSIS Pack Vendor :Infineon AIROC-Wi-Fi-Bluetooth-STM32 1.8.0
2026-03-18 11:42:43,418 [INFO] ThirdParty:1030 - CMSIS Pack Vendor :STMicroelectronics PDM2PCM 3.2.0
2026-03-18 11:42:43,418 [INFO] ThirdParty:841 - exiting critical section [change project]
2026-03-18 11:42:43,620 [INFO] PinOutPanel:1561 - setPackage(No Configuration,No Configuration)
2026-03-18 11:42:43,622 [INFO] PinOutPanel:1561 - setPackage(STM32F103C6Tx,LQFP48)
2026-03-18 11:42:44,072 [INFO] UtilMem:75 - Before build in PCC Used Memory: 290018912 Bytes (958398464)
2026-03-18 11:42:44,781 [INFO] UtilMem:75 - After build in PCC Used Memory: 290637920 Bytes (853540864)
2026-03-18 11:42:44,803 [INFO] IPUIPlugin:80 - create IPUIPlugin
2026-03-18 11:42:44,803 [INFO] IPUIPlugin:80 - create IPUIPlugin
2026-03-18 11:42:44,803 [INFO] IPUIPlugin:80 - create IPUIPlugin
2026-03-18 11:42:44,804 [INFO] IPUIPlugin:80 - create IPUIPlugin
2026-03-18 11:42:44,804 [INFO] IPUIPlugin:80 - create IPUIPlugin
2026-03-18 11:42:44,804 [INFO] IPUIPlugin:80 - create IPUIPlugin
2026-03-18 11:42:44,805 [INFO] IPUIPlugin:80 - create IPUIPlugin
2026-03-18 11:42:44,805 [INFO] IPUIPlugin:80 - create IPUIPlugin
2026-03-18 11:42:44,805 [INFO] IPUIPlugin:80 - create IPUIPlugin
2026-03-18 11:42:44,806 [INFO] IPUIPlugin:80 - create IPUIPlugin
2026-03-18 11:42:44,806 [INFO] IPUIPlugin:80 - create IPUIPlugin
2026-03-18 11:42:44,806 [INFO] IPUIPlugin:80 - create IPUIPlugin
2026-03-18 11:42:44,806 [INFO] IPUIPlugin:80 - create IPUIPlugin
2026-03-18 11:42:44,807 [INFO] IPUIPlugin:80 - create IPUIPlugin
2026-03-18 11:42:44,807 [INFO] IPUIPlugin:80 - create IPUIPlugin
2026-03-18 11:42:44,807 [INFO] IPUIPlugin:80 - create IPUIPlugin
2026-03-18 11:42:44,807 [INFO] IPUIPlugin:80 - create IPUIPlugin
2026-03-18 11:42:44,808 [INFO] IPUIPlugin:80 - create IPUIPlugin
2026-03-18 11:42:44,809 [INFO] IPUIPlugin:80 - create IPUIPlugin
2026-03-18 11:42:44,810 [INFO] IPUIPlugin:80 - create IPUIPlugin
2026-03-18 11:42:44,810 [INFO] IPUIPlugin:80 - create IPUIPlugin
2026-03-18 11:42:44,812 [INFO] IPUIPlugin:80 - create IPUIPlugin
2026-03-18 11:42:44,812 [INFO] IPUIPlugin:80 - create IPUIPlugin
2026-03-18 11:42:44,866 [INFO] CADModel:165 - CPN selected for project levelSTM32F103C6T6A
2026-03-18 11:42:44,866 [INFO] CADModel:114 - Register for checkConnection events
2026-03-18 11:42:44,932 [INFO] OpenFileManager:363 - Restore cursor
2026-03-18 11:42:45,647 [INFO] UtilMem:75 - End SaveConfig() Used Memory: 337823840 Bytes (853540864)
2026-03-18 11:42:45,733 [INFO] UtilMem:75 - End SaveConfig() Used Memory: 348309600 Bytes (853540864)
2026-03-18 11:42:46,002 [INFO] BlockDiagram:2766 - set Specific Code input for plugin: NVIC
2026-03-18 11:42:46,003 [INFO] BlockDiagram:2766 - set Specific Code input for plugin: RCC
2026-03-18 11:42:46,011 [INFO] CodeGenerator:807 - code generatio: config db path: E:\App Download\ST\STM32CubeIDE_1.16.1\STM32CubeIDE\plugins\com.st.stm32cube.common.mx_6.12.1.202409122256\\db\
2026-03-18 11:42:46,182 [INFO] CodeEngine:255 - oldGeneratedFile, E:\STM32CubeIDE\workspace_1.16.1\obj_detector_2\MXTmpFiles\license.tmp_save
2026-03-18 11:42:46,333 [INFO] CodeEngine:279 - Generated code: E:\STM32CubeIDE\workspace_1.16.1\obj_detector_2\MXTmpFiles\license.tmp
2026-03-18 11:42:46,385 [INFO] CodeEngine:255 - oldGeneratedFile, E:\STM32CubeIDE\workspace_1.16.1\obj_detector_2\Core\Src\stm32f1xx_it.c_save
2026-03-18 11:42:46,635 [INFO] CodeEngine:279 - Generated code: E:\STM32CubeIDE\workspace_1.16.1\obj_detector_2\Core\Src\stm32f1xx_it.c
2026-03-18 11:42:46,666 [INFO] CodeEngine:255 - oldGeneratedFile, E:\STM32CubeIDE\workspace_1.16.1\obj_detector_2\Core\Inc\stm32f1xx_it.h_save
2026-03-18 11:42:46,772 [INFO] CodeEngine:279 - Generated code: E:\STM32CubeIDE\workspace_1.16.1\obj_detector_2\Core\Inc\stm32f1xx_it.h
2026-03-18 11:42:46,917 [INFO] CodeEngine:255 - oldGeneratedFile, E:\STM32CubeIDE\workspace_1.16.1\obj_detector_2\Core\Src\stm32f1xx_hal_msp.c_save
2026-03-18 11:42:47,041 [INFO] CodeEngine:279 - Generated code: E:\STM32CubeIDE\workspace_1.16.1\obj_detector_2\Core\Src\stm32f1xx_hal_msp.c
2026-03-18 11:42:47,073 [INFO] CodeEngine:255 - oldGeneratedFile, E:\STM32CubeIDE\workspace_1.16.1\obj_detector_2\MXTmpFiles\system.tmp_save
2026-03-18 11:42:47,171 [INFO] CodeEngine:279 - Generated code: E:\STM32CubeIDE\workspace_1.16.1\obj_detector_2\MXTmpFiles\system.tmp
2026-03-18 11:42:47,197 [INFO] CodeEngine:311 - oldGeneratedFile, E:\STM32CubeIDE\workspace_1.16.1\obj_detector_2\Core\Inc\stm32f1xx_hal_conf.h_save
2026-03-18 11:42:47,313 [INFO] CodeEngine:335 - Generated code: E:\STM32CubeIDE\workspace_1.16.1\obj_detector_2\Core\Inc\stm32f1xx_hal_conf.h
2026-03-18 11:42:47,381 [INFO] CodeEngine:255 - oldGeneratedFile, E:\STM32CubeIDE\workspace_1.16.1\obj_detector_2\Core\Inc\main.h_save
2026-03-18 11:42:47,506 [INFO] CodeEngine:279 - Generated code: E:\STM32CubeIDE\workspace_1.16.1\obj_detector_2\Core\Inc\main.h
2026-03-18 11:42:47,538 [INFO] CodeEngine:255 - oldGeneratedFile, E:\STM32CubeIDE\workspace_1.16.1\obj_detector_2\Core\Src\main.c_save
2026-03-18 11:42:47,674 [INFO] CodeEngine:279 - Generated code: E:\STM32CubeIDE\workspace_1.16.1\obj_detector_2\Core\Src\main.c
2026-03-18 11:42:48,577 [INFO] ProjectBuilder:3249 - Time for Copy HAL[1] : 670mS.
2026-03-18 11:42:48,584 [INFO] ProjectBuilder:4828 - Project Generator version: 4.5.0-B34
2026-03-18 11:42:48,704 [INFO] ConfigFileManager:1531 - The Die is : DIE412
2026-03-18 11:42:48,709 [INFO] ApiDbMcu:508 - Load IP Config File for FATFS
2026-03-18 11:42:48,727 [INFO] ApiDbMcu:508 - Load IP Config File for FREERTOS
2026-03-18 11:42:48,742 [INFO] ApiDbMcu:508 - Load IP Config File for USB_DEVICE
2026-03-18 11:42:53,291 [ERROR] ConfigurationRetriever:142 - IOException on connection: Read timed out
2026-03-18 11:42:54,089 [INFO] ProjectBuilder:5097 - Time for Generating toolchain IDE Files: 5505mS.
2026-03-18 11:42:54,094 [INFO] ProjectBuilder:3107 - Time for Copy CMSIS : 3mS.
2026-03-18 11:42:54,097 [INFO] ProjectBuilder:3107 - Time for Copy CMSIS : 0mS.
2026-03-18 11:42:55,348 [INFO] McuFinderGlobals:76 - Set McuFinderConnectedMode to true
2026-03-18 11:42:55,357 [INFO] ApiDb:448 - Save user favorites file C:\Users\DELL/.stm32cubeide/favorites.mcus.txt: 0 item(s)
2026-03-18 11:42:55,358 [INFO] ApiDb:452 - User favorites MCUs=[]
2026-03-18 11:42:56,761 [ERROR] ConfigurationRetriever:142 - IOException on connection: Connect timed out
2026-03-18 11:42:58,294 [ERROR] ConfigurationRetriever:142 - IOException on connection: Connect timed out
2026-03-18 11:42:58,764 [ERROR] ConfigurationRetriever:142 - IOException on connection: Connect timed out
2026-03-18 11:43:00,768 [ERROR] ConfigurationRetriever:142 - IOException on connection: Connect timed out
2026-03-18 11:43:03,296 [ERROR] ConfigurationRetriever:142 - IOException on connection: Connect timed out
2026-03-18 11:43:24,524 [INFO] WebApp:189 - Connection lost
2026-03-18 11:49:04,928 [INFO] WebApp:186 - Connection restablished
2026-03-18 11:49:05,726 [INFO] WebApp:189 - Connection lost
2026-03-18 11:49:07,828 [INFO] WebApp:186 - Connection restablished
2026-03-18 11:49:22,787 [INFO] WebApp:189 - Connection lost
2026-03-18 11:50:39,614 [INFO] WebApp:186 - Connection restablished
2026-03-18 11:51:50,728 [INFO] WebApp:189 - Connection lost
2026-03-18 11:52:03,957 [INFO] WebApp:186 - Connection restablished
2026-03-18 11:52:55,755 [ERROR] ConfigurationRetriever:142 - IOException on connection: sw-center.st.com
2026-03-18 11:52:55,756 [ERROR] ConfigurationRetriever:142 - IOException on connection: sw-center.st.com
2026-03-18 11:52:55,758 [ERROR] ConfigurationRetriever:142 - IOException on connection: sw-center.st.com
2026-03-18 11:52:55,998 [ERROR] ConfigurationRetriever:142 - IOException on connection: sw-center.st.com
2026-03-18 11:52:56,000 [ERROR] ConfigurationRetriever:142 - IOException on connection: sw-center.st.com
2026-03-18 11:52:56,000 [ERROR] ConfigurationRetriever:142 - IOException on connection: sw-center.st.com
2026-03-18 11:54:07,138 [INFO] WebApp:189 - Connection lost
2026-03-18 11:54:18,283 [INFO] WebApp:186 - Connection restablished
2026-03-18 11:56:59,791 [INFO] WebApp:189 - Connection lost
2026-03-18 11:57:05,771 [INFO] WebApp:186 - Connection restablished
2026-03-18 11:57:40,108 [INFO] WebApp:189 - Connection lost
2026-03-18 12:08:32,796 [INFO] MainUpdater:2873 - connection check result : 10
2026-03-18 12:08:32,797 [INFO] MainUpdater:2873 - connection check result : 10
2026-03-18 12:08:33,048 [INFO] MicroXplorer:468 - Change Database Path : 
2026-03-18 12:08:33,049 [INFO] MicroXplorer:498 - Change Database Version : DB.6.0.121
2026-03-18 12:08:33,151 [ERROR] ProjectManagerView:394 - 
java.lang.NullPointerException: Cannot invoke "javax.swing.JTextField.getText()" because the return value of "java.util.List.get(int)" is null
	at com.st.microxplorer.plugins.projectmanager.gui.ProjectChoiceTab$10.caretUpdate(ProjectChoiceTab.java:2622) ~[filemanager.jar:?]
	at javax.swing.text.JTextComponent.fireCaretUpdate(JTextComponent.java:412) ~[?:?]
	at javax.swing.text.JTextComponent$MutableCaretEvent.fire(JTextComponent.java:4491) ~[?:?]
	at javax.swing.text.JTextComponent$MutableCaretEvent.stateChanged(JTextComponent.java:4513) ~[?:?]
	at javax.swing.text.DefaultCaret.fireStateChanged(DefaultCaret.java:842) ~[?:?]
	at javax.swing.text.DefaultCaret.changeCaretPosition(DefaultCaret.java:1313) ~[?:?]
	at javax.swing.text.DefaultCaret.handleSetDot(DefaultCaret.java:1212) ~[?:?]
	at javax.swing.text.DefaultCaret.setDot(DefaultCaret.java:1193) ~[?:?]
	at javax.swing.text.DefaultCaret$Handler.insertUpdate(DefaultCaret.java:1789) ~[?:?]
	at javax.swing.text.AbstractDocument.fireInsertUpdate(AbstractDocument.java:226) ~[?:?]
	at javax.swing.text.AbstractDocument.handleInsertString(AbstractDocument.java:780) ~[?:?]
	at javax.swing.text.AbstractDocument.insertString(AbstractDocument.java:739) ~[?:?]
	at javax.swing.text.PlainDocument.insertString(PlainDocument.java:131) ~[?:?]
	at javax.swing.text.AbstractDocument.replace(AbstractDocument.java:698) ~[?:?]
	at javax.swing.text.JTextComponent.setText(JTextComponent.java:1729) ~[?:?]
	at com.st.microxplorer.plugins.projectmanager.gui.ProjectChoiceTab.createHeapStackFields(ProjectChoiceTab.java:972) ~[filemanager.jar:?]
	at com.st.microxplorer.plugins.projectmanager.gui.ProjectChoiceTab.buildLinkSettingsPanel(ProjectChoiceTab.java:3597) ~[filemanager.jar:?]
	at com.st.microxplorer.plugins.projectmanager.gui.ProjectChoiceTab.defineWindowsFields(ProjectChoiceTab.java:1940) ~[filemanager.jar:?]
	at com.st.microxplorer.plugins.projectmanager.gui.ProjectChoiceTab.updateSettings(ProjectChoiceTab.java:550) ~[filemanager.jar:?]
	at com.st.microxplorer.plugins.projectmanager.gui.ProjectSettingsPanel.UpdateDialog(ProjectSettingsPanel.java:245) ~[filemanager.jar:?]
	at com.st.microxplorer.plugins.projectmanager.ProjectManagerView.propertyChange(ProjectManagerView.java:391) ~[filemanager.jar:?]
	at java.beans.PropertyChangeSupport.fire(PropertyChangeSupport.java:343) ~[?:?]
	at java.beans.PropertyChangeSupport.firePropertyChange(PropertyChangeSupport.java:335) ~[?:?]
	at java.beans.PropertyChangeSupport.firePropertyChange(PropertyChangeSupport.java:268) ~[?:?]
	at com.st.microxplorer.util.MXPropertyChangeSupport.firePropertyChange(MXPropertyChangeSupport.java:54) ~[STM32CubeMX.jar:?]
	at com.st.microxplorer.mxsystem.MxSystem.closeConfig(MxSystem.java:900) ~[STM32CubeMX.jar:?]
	at com.st.microxplorer.maingui.MainPanel.closeConfig(MainPanel.java:781) ~[STM32CubeMX.jar:?]
	at com.st.microxplorer.plugins.filemanager.engine.OpenFileManager.loadConfigurationFile(OpenFileManager.java:265) ~[filemanager.jar:?]
	at com.st.microxplorer.plugins.filemanager.engine.MainFileManager.userLoadConfig(MainFileManager.java:352) ~[filemanager.jar:?]
	at com.st.microxplorer.plugins.filemanager.engine.MainFileManager.userLoadConfig(MainFileManager.java:330) ~[filemanager.jar:?]
	at com.st.microxplorer.plugins.filemanager.FileManagerView.getSpecificTask(FileManagerView.java:246) ~[filemanager.jar:?]
	at com.st.stm32cube.common.mx.editor.CubeMxEditor.getMxTabbedPaneInstance(CubeMxEditor.java:1198) ~[com.st.stm32cube.common.mx_6.12.1.202409122256/:?]
	at com.st.stm32cube.common.mx.editor.CubeMxEditor$12$1.createSwingComponent(CubeMxEditor.java:1068) ~[com.st.stm32cube.common.mx_6.12.1.202409122256/:?]
	at com.st.stm32cube.common.mx.oss.core.awtswtbridge.EmbeddedSwingComposite.doComponentCreation(EmbeddedSwingComposite.java:492) ~[com.st.stm32cube.common.mx.oss_6.12.1.202409122256/:?]
	at com.st.stm32cube.common.mx.oss.core.awtswtbridge.EmbeddedSwingComposite$4.run(EmbeddedSwingComposite.java:291) ~[com.st.stm32cube.common.mx.oss_6.12.1.202409122256/:?]
	at com.st.stm32cube.common.mx.oss.core.awtswtbridge.AwtEnvironment$2.run(AwtEnvironment.java:166) ~[com.st.stm32cube.common.mx.oss_6.12.1.202409122256/:?]
	at java.awt.event.InvocationEvent.dispatch(InvocationEvent.java:318) ~[?:?]
	at java.awt.EventQueue.dispatchEventImpl(EventQueue.java:773) ~[?:?]
	at java.awt.EventQueue$4.run(EventQueue.java:720) ~[?:?]
	at java.awt.EventQueue$4.run(EventQueue.java:714) ~[?:?]
	at java.security.AccessController.doPrivileged(AccessController.java:399) ~[?:?]
	at java.security.ProtectionDomain$JavaSecurityAccessImpl.doIntersectionPrivilege(ProtectionDomain.java:86) ~[?:?]
	at java.awt.EventQueue.dispatchEvent(EventQueue.java:742) ~[?:?]
	at java.awt.EventDispatchThread.pumpOneEventForFilters(EventDispatchThread.java:203) ~[?:?]
	at java.awt.EventDispatchThread.pumpEventsForFilter(EventDispatchThread.java:124) ~[?:?]
	at java.awt.EventDispatchThread.pumpEventsForHierarchy(EventDispatchThread.java:113) ~[?:?]
	at java.awt.EventDispatchThread.pumpEvents(EventDispatchThread.java:109) ~[?:?]
	at java.awt.EventDispatchThread.pumpEvents(EventDispatchThread.java:101) ~[?:?]
	at java.awt.EventDispatchThread.run(EventDispatchThread.java:90) ~[?:?]
2026-03-18 12:08:33,175 [WARN] ThirdParty:871 - waiting for thirdparty lock release [close project]
2026-03-18 12:08:33,176 [INFO] ThirdParty:873 - entering critical section [close project]
2026-03-18 12:08:33,176 [INFO] ThirdParty:883 - exiting critical section [close project]
2026-03-18 12:08:33,188 [INFO] PinOutPanel:1561 - setPackage(No Configuration,No Configuration)
2026-03-18 12:08:33,206 [INFO] UtilMem:75 - Begin LoadConfig() Used Memory: 427769720 Bytes (901775360)
2026-03-18 12:08:33,211 [INFO] MicroXplorer:468 - Change Database Path : 
2026-03-18 12:08:33,211 [INFO] MicroXplorer:498 - Change Database Version : DB.6.0.121
2026-03-18 12:08:33,211 [INFO] OpenFileManager:332 - Change cursor
2026-03-18 12:08:33,287 [INFO] RulesReader:64 - Compatibility file has been processed (297 Rules)
2026-03-18 12:08:33,304 [INFO] Mcu:2032 - Initializing MCU STM32F103C(8-B)Tx STM32F103C8Tx STM32F103C8T6
2026-03-18 12:08:35,519 [INFO] Context:742 - Trying to add GPIOservice into a context  which must be forbidden
2026-03-18 12:08:36,434 [INFO] RtosManager:555 - Registered RTOS mode: class=CMSIS, group=RTOS, mode=CMSIS_V1, owner=FREERTOS
2026-03-18 12:08:36,434 [INFO] RtosManager:555 - Registered RTOS mode: class=CMSIS, group=RTOS2, mode=CMSIS_V2, owner=FREERTOS
2026-03-18 12:08:36,435 [INFO] RtosManager:555 - Registered RTOS mode: class=RTOS, group=Core, mode=CMSIS_V1, owner=FREERTOS
2026-03-18 12:08:36,435 [INFO] RtosManager:555 - Registered RTOS mode: class=RTOS, group=Core, mode=CMSIS_V2, owner=FREERTOS
2026-03-18 12:08:36,435 [WARN] ModelIntegratedComponent:184 - Missing modes for component STMicroelectronics:FreeRTOS:0.0.1:STMicroelectronics:RTOS:FreeRTOS:Core:::10.2.0:
2026-03-18 12:08:36,458 [WARN] ModelIntegratedComponent:63 - No mode defined for component null
2026-03-18 12:08:36,459 [WARN] ModelIntegratedComponent:63 - No mode defined for component null
2026-03-18 12:08:36,459 [WARN] ModelIntegratedComponent:63 - No mode defined for component null
2026-03-18 12:08:36,459 [WARN] ModelIntegratedComponent:63 - No mode defined for component null
2026-03-18 12:08:36,459 [WARN] ModelIntegratedComponent:63 - No mode defined for component null
2026-03-18 12:08:36,459 [WARN] ModelIntegratedComponent:63 - No mode defined for component null
2026-03-18 12:08:36,459 [WARN] ModelIntegratedComponent:63 - No mode defined for component null
2026-03-18 12:08:36,459 [WARN] ModelIntegratedComponent:63 - No mode defined for component null
2026-03-18 12:08:36,459 [WARN] ModelIntegratedComponent:63 - No mode defined for component null
2026-03-18 12:08:36,460 [WARN] ModelIntegratedComponent:63 - No mode defined for component null
2026-03-18 12:08:36,460 [WARN] ModelIntegratedComponent:63 - No mode defined for component null
2026-03-18 12:08:36,460 [WARN] ModelIntegratedComponent:63 - No mode defined for component null
2026-03-18 12:08:36,460 [WARN] ModelIntegratedComponent:63 - No mode defined for component null
2026-03-18 12:08:36,460 [WARN] ModelIntegratedComponent:63 - No mode defined for component null
2026-03-18 12:08:36,460 [WARN] ModelIntegratedComponent:63 - No mode defined for component null
2026-03-18 12:08:36,460 [WARN] ModelIntegratedComponent:63 - No mode defined for component null
2026-03-18 12:08:36,460 [WARN] ModelIntegratedComponent:63 - No mode defined for component null
2026-03-18 12:08:36,460 [WARN] ModelIntegratedComponent:63 - No mode defined for component null
2026-03-18 12:08:36,460 [WARN] ModelIntegratedComponent:63 - No mode defined for component null
2026-03-18 12:08:36,460 [WARN] ModelIntegratedComponent:63 - No mode defined for component null
2026-03-18 12:08:36,460 [WARN] ModelIntegratedComponent:63 - No mode defined for component null
2026-03-18 12:08:36,460 [WARN] ModelIntegratedComponent:63 - No mode defined for component null
2026-03-18 12:08:36,460 [WARN] ModelIntegratedComponent:63 - No mode defined for component null
2026-03-18 12:08:36,461 [WARN] ModelIntegratedComponent:63 - No mode defined for component null
2026-03-18 12:08:36,461 [WARN] ModelIntegratedComponent:63 - No mode defined for component null
2026-03-18 12:08:36,461 [WARN] ModelIntegratedComponent:63 - No mode defined for component null
2026-03-18 12:08:36,461 [WARN] ModelIntegratedComponent:63 - No mode defined for component null
2026-03-18 12:08:36,461 [WARN] ModelIntegratedComponent:63 - No mode defined for component null
2026-03-18 12:08:36,461 [WARN] ModelIntegratedComponent:63 - No mode defined for component null
2026-03-18 12:08:36,461 [WARN] ModelIntegratedComponent:63 - No mode defined for component null
2026-03-18 12:08:36,461 [WARN] ModelIntegratedComponent:63 - No mode defined for component null
2026-03-18 12:08:36,461 [WARN] ModelIntegratedComponent:63 - No mode defined for component null
2026-03-18 12:08:36,461 [WARN] ModelIntegratedComponent:63 - No mode defined for component null
2026-03-18 12:08:36,461 [WARN] ModelIntegratedComponent:63 - No mode defined for component null
2026-03-18 12:08:36,461 [WARN] ModelIntegratedComponent:63 - No mode defined for component null
2026-03-18 12:08:36,462 [WARN] ModelPack:524 - Component already loaded: STMicroelectronics:HAL Drivers:0.0.0:STMicroelectronics:Device:STMicro_Driver:XSPI:HAL::0.0.1:HAL_XSPI
2026-03-18 12:08:36,492 [INFO] ThirdPartyModel:298 - Start build external matchings
2026-03-18 12:08:37,071 [INFO] ThirdPartyModel:316 - End build external matchings
2026-03-18 12:08:37,903 [INFO] UtilMem:75 - End LoadConfig() Used Memory: 281548504 Bytes (901775360)
2026-03-18 12:08:38,021 [WARN] ThirdParty:833 - waiting for thirdparty lock release [change project]
2026-03-18 12:08:38,021 [INFO] ThirdParty:835 - entering critical section [change project]
2026-03-18 12:08:38,021 [INFO] ThirdParty:1030 - CMSIS Pack Vendor :STMicroelectronics X-CUBE-AZRTOS-H7 3.5.0
2026-03-18 12:08:38,021 [INFO] ThirdParty:1030 - CMSIS Pack Vendor :STMicroelectronics X-CUBE-PM33A1 1.0.0
2026-03-18 12:08:38,021 [INFO] ThirdParty:1030 - CMSIS Pack Vendor :STMicroelectronics USBPD 4.1
2026-03-18 12:08:38,021 [INFO] ThirdParty:1030 - CMSIS Pack Vendor :STMicroelectronics X-CUBE-NFC9 1.0.0
2026-03-18 12:08:38,021 [INFO] ThirdParty:1030 - CMSIS Pack Vendor :STMicroelectronics USB_HOST 2.0.0
2026-03-18 12:08:38,021 [INFO] ThirdParty:1030 - CMSIS Pack Vendor :STMicroelectronics X-CUBE-AZRTOS-F4 1.1.0
2026-03-18 12:08:38,021 [INFO] ThirdParty:1030 - CMSIS Pack Vendor :STMicroelectronics LIBJPEG 8.0.0
2026-03-18 12:08:38,021 [INFO] ThirdParty:1030 - CMSIS Pack Vendor :STMicroelectronics FP-ATR-ASTRA1 2.0.2
2026-03-18 12:08:38,021 [INFO] ThirdParty:1030 - CMSIS Pack Vendor :STMicroelectronics X-CUBE-BLE1 7.1.0
2026-03-18 12:08:38,021 [INFO] ThirdParty:1030 - CMSIS Pack Vendor :STMicroelectronics X-CUBE-SMBUS 2.1.0
2026-03-18 12:08:38,022 [INFO] ThirdParty:1030 - CMSIS Pack Vendor :wolfSSL I-CUBE-wolfMQTT 1.19.2
2026-03-18 12:08:38,022 [INFO] ThirdParty:1030 - CMSIS Pack Vendor :STMicroelectronics USB_DEVICE 3.0.0
2026-03-18 12:08:38,022 [INFO] ThirdParty:1030 - CMSIS Pack Vendor :STMicroelectronics X-CUBE-ISPU 2.1.0
2026-03-18 12:08:38,022 [INFO] ThirdParty:1030 - CMSIS Pack Vendor :STMicroelectronics X-CUBE-EEPRMA1 5.2.0
2026-03-18 12:08:38,022 [INFO] ThirdParty:1030 - CMSIS Pack Vendor :STMicroelectronics X-CUBE-AZRTOS-WB 2.0.0
2026-03-18 12:08:38,022 [INFO] ThirdParty:1030 - CMSIS Pack Vendor :wolfSSL I-CUBE-wolfSSL 5.8.4
2026-03-18 12:08:38,022 [INFO] ThirdParty:1030 - CMSIS Pack Vendor :STMicroelectronics X-CUBE-NFC12 1.0.0
2026-03-18 12:08:38,022 [INFO] ThirdParty:1030 - CMSIS Pack Vendor :STMicroelectronics X-CUBE-AZRTOS-F7 1.1.0
2026-03-18 12:08:38,022 [INFO] ThirdParty:1030 - CMSIS Pack Vendor :STMicroelectronics X-CUBE-AZRTOS-L5 2.0.0
2026-03-18 12:08:38,022 [INFO] ThirdParty:1030 - CMSIS Pack Vendor :STMicroelectronics USB_DEVICE 2.0.0
2026-03-18 12:08:38,022 [INFO] ThirdParty:1030 - CMSIS Pack Vendor :quantropi X-CUBE-qispace-sdk-base 2.1.0
2026-03-18 12:08:38,022 [INFO] ThirdParty:1030 - CMSIS Pack Vendor :STMicroelectronics X-CUBE-MEMS1 12.0.0
2026-03-18 12:08:38,023 [INFO] ThirdParty:1030 - CMSIS Pack Vendor :STMicroelectronics X-CUBE-STSE01 2.0.0
2026-03-18 12:08:38,023 [INFO] ThirdParty:1030 - CMSIS Pack Vendor :STMicroelectronics FreeRTOS 0.0.1
2026-03-18 12:08:38,023 [INFO] ThirdParty:1030 - CMSIS Pack Vendor :STMicroelectronics X-CUBE-AZRTOS-G0 1.1.0
2026-03-18 12:08:38,023 [INFO] ThirdParty:1030 - CMSIS Pack Vendor :STMicroelectronics X-CUBE-NFC4 3.0.0
2026-03-18 12:08:38,023 [INFO] ThirdParty:1030 - CMSIS Pack Vendor :STMicroelectronics X-CUBE-SUBG2 5.0.0
2026-03-18 12:08:38,023 [INFO] ThirdParty:1030 - CMSIS Pack Vendor :STMicroelectronics STM32_WPAN 1.0.0
2026-03-18 12:08:38,023 [INFO] ThirdParty:1030 - CMSIS Pack Vendor :EmbeddedOffice I-CUBE-FS-RTOS 1.0.1
2026-03-18 12:08:38,023 [INFO] ThirdParty:1030 - CMSIS Pack Vendor :STMicroelectronics lwIP 2.0.3
2026-03-18 12:08:38,023 [INFO] ThirdParty:1030 - CMSIS Pack Vendor :STMicroelectronics USB_HOST 1.0.0
2026-03-18 12:08:38,023 [INFO] ThirdParty:1030 - CMSIS Pack Vendor :STMicroelectronics X-CUBE-AZRTOS-G4 2.0.0
2026-03-18 12:08:38,023 [INFO] ThirdParty:1030 - CMSIS Pack Vendor :STMicroelectronics X-CUBE-WB05N 2.0.0
2026-03-18 12:08:38,023 [INFO] ThirdParty:1030 - CMSIS Pack Vendor :STMicroelectronics PDM2PCM 3.1.0
2026-03-18 12:08:38,023 [INFO] ThirdParty:1030 - CMSIS Pack Vendor :STMicroelectronics PDM2PCM 3.3.0
2026-03-18 12:08:38,023 [INFO] ThirdParty:1030 - CMSIS Pack Vendor :wolfSSL I-CUBE-wolfTPM 3.8.0
2026-03-18 12:08:38,023 [INFO] ThirdParty:1030 - CMSIS Pack Vendor :STMicroelectronics X-CUBE-DISPLAY 3.0.0
2026-03-18 12:08:38,023 [INFO] ThirdParty:1030 - CMSIS Pack Vendor :wolfSSL I-CUBE-wolfSSH 1.4.20
2026-03-18 12:08:38,024 [INFO] ThirdParty:1030 - CMSIS Pack Vendor :STMicroelectronics X-CUBE-NFC7 2.0.0
2026-03-18 12:08:38,024 [INFO] ThirdParty:1030 - CMSIS Pack Vendor :RealThread X-CUBE-RT-Thread_Nano 4.1.1
2026-03-18 12:08:38,024 [INFO] ThirdParty:1030 - CMSIS Pack Vendor :STMicroelectronics FP-ATR-SIGFOX1 3.2.0
2026-03-18 12:08:38,024 [INFO] ThirdParty:1030 - CMSIS Pack Vendor :STMicroelectronics X-CUBE-NFC10 1.0.0
2026-03-18 12:08:38,024 [INFO] ThirdParty:1030 - CMSIS Pack Vendor :STMicroelectronics HAL Drivers 0.0.0
2026-03-18 12:08:38,024 [INFO] ThirdParty:1030 - CMSIS Pack Vendor :STMicroelectronics MBEDTLS 2.16.2
2026-03-18 12:08:38,024 [INFO] ThirdParty:1030 - CMSIS Pack Vendor :STMicroelectronics X-CUBE-ALS 1.0.2
2026-03-18 12:08:38,025 [INFO] ThirdParty:1030 - CMSIS Pack Vendor :emotas I-CUBE-CANOPEN 1.3.0
2026-03-18 12:08:38,025 [INFO] ThirdParty:1030 - CMSIS Pack Vendor :STMicroelectronics MBEDTLS 2.14.1
2026-03-18 12:08:38,025 [INFO] ThirdParty:1030 - CMSIS Pack Vendor :STMicroelectronics X-CUBE-GNSS1 7.1.0
2026-03-18 12:08:38,025 [INFO] ThirdParty:1030 - CMSIS Pack Vendor :ITTIA_DB I-CUBE-ITTIADB 8.9.0
2026-03-18 12:08:38,026 [INFO] ThirdParty:1030 - CMSIS Pack Vendor :STMicroelectronics X-CUBE-TOUCHGFX 4.26.1
2026-03-18 12:08:38,026 [INFO] ThirdParty:1030 - CMSIS Pack Vendor :STMicroelectronics X-CUBE-NFC6 3.2.0
2026-03-18 12:08:38,026 [INFO] ThirdParty:1030 - CMSIS Pack Vendor :STMicroelectronics X-CUBE-AI 10.2.0
2026-03-18 12:08:38,026 [INFO] ThirdParty:1030 - CMSIS Pack Vendor :STMicroelectronics ThreadX 1.0.0
2026-03-18 12:08:38,026 [INFO] ThirdParty:1030 - CMSIS Pack Vendor :STMicroelectronics FP-SNS-SMARTAG2 1.2.0
2026-03-18 12:08:38,026 [INFO] ThirdParty:1030 - CMSIS Pack Vendor :STMicroelectronics X-CUBE-AZRTOS-WL 2.0.0
2026-03-18 12:08:38,027 [INFO] ThirdParty:1030 - CMSIS Pack Vendor :SEGGER I-CUBE-embOS 1.3.1
2026-03-18 12:08:38,028 [INFO] ThirdParty:1030 - CMSIS Pack Vendor :STMicroelectronics X-CUBE-ALGOBUILD 1.4.0
2026-03-18 12:08:38,028 [INFO] ThirdParty:1030 - CMSIS Pack Vendor :STMicroelectronics X-CUBE-DPower 1.3.0
2026-03-18 12:08:38,028 [INFO] ThirdParty:1030 - CMSIS Pack Vendor :STMicroelectronics USB_DEVICE 1.0.0
2026-03-18 12:08:38,028 [INFO] ThirdParty:1030 - CMSIS Pack Vendor :STMicroelectronics X-CUBE-AZRTOS-H7RS 1.2.0
2026-03-18 12:08:38,028 [INFO] ThirdParty:1030 - CMSIS Pack Vendor :STMicroelectronics X-CUBE-AZRTOS-L4 2.0.0
2026-03-18 12:08:38,028 [INFO] ThirdParty:1030 - CMSIS Pack Vendor :STMicroelectronics ThreadX 0.0.2
2026-03-18 12:08:38,029 [INFO] ThirdParty:1030 - CMSIS Pack Vendor :STMicroelectronics lwIP 2.1.2
2026-03-18 12:08:38,029 [INFO] ThirdParty:1030 - CMSIS Pack Vendor :STMicroelectronics X-CUBE-SFXS2LP1 4.0.0
2026-03-18 12:08:38,029 [INFO] ThirdParty:1030 - CMSIS Pack Vendor :STMicroelectronics X-CUBE-BLE2 3.3.0
2026-03-18 12:08:38,029 [INFO] ThirdParty:1030 - CMSIS Pack Vendor :Infineon AIROC-Wi-Fi-Bluetooth-STM32 1.8.0
2026-03-18 12:08:38,029 [INFO] ThirdParty:1030 - CMSIS Pack Vendor :STMicroelectronics PDM2PCM 3.2.0
2026-03-18 12:08:38,029 [INFO] ThirdParty:841 - exiting critical section [change project]
2026-03-18 12:08:38,760 [INFO] PinOutPanel:1561 - setPackage(No Configuration,No Configuration)
2026-03-18 12:08:38,763 [INFO] PinOutPanel:1561 - setPackage(STM32F103C8Tx,LQFP48)
2026-03-18 12:08:39,326 [INFO] UtilMem:75 - Before build in PCC Used Memory: 361949560 Bytes (901775360)
2026-03-18 12:08:39,967 [INFO] UtilMem:75 - After build in PCC Used Memory: 403892600 Bytes (901775360)
2026-03-18 12:08:40,006 [INFO] IPUIPlugin:80 - create IPUIPlugin
2026-03-18 12:08:40,006 [INFO] IPUIPlugin:80 - create IPUIPlugin
2026-03-18 12:08:40,006 [INFO] IPUIPlugin:80 - create IPUIPlugin
2026-03-18 12:08:40,007 [INFO] IPUIPlugin:80 - create IPUIPlugin
2026-03-18 12:08:40,007 [INFO] IPUIPlugin:80 - create IPUIPlugin
2026-03-18 12:08:40,007 [INFO] IPUIPlugin:80 - create IPUIPlugin
2026-03-18 12:08:40,008 [INFO] IPUIPlugin:80 - create IPUIPlugin
2026-03-18 12:08:40,009 [INFO] IPUIPlugin:80 - create IPUIPlugin
2026-03-18 12:08:40,010 [INFO] IPUIPlugin:80 - create IPUIPlugin
2026-03-18 12:08:40,010 [INFO] IPUIPlugin:80 - create IPUIPlugin
2026-03-18 12:08:40,011 [INFO] IPUIPlugin:80 - create IPUIPlugin
2026-03-18 12:08:40,011 [INFO] IPUIPlugin:80 - create IPUIPlugin
2026-03-18 12:08:40,012 [INFO] IPUIPlugin:80 - create IPUIPlugin
2026-03-18 12:08:40,012 [INFO] IPUIPlugin:80 - create IPUIPlugin
2026-03-18 12:08:40,013 [INFO] IPUIPlugin:80 - create IPUIPlugin
2026-03-18 12:08:40,014 [INFO] IPUIPlugin:80 - create IPUIPlugin
2026-03-18 12:08:40,015 [INFO] IPUIPlugin:80 - create IPUIPlugin
2026-03-18 12:08:40,016 [INFO] IPUIPlugin:80 - create IPUIPlugin
2026-03-18 12:08:40,016 [INFO] IPUIPlugin:80 - create IPUIPlugin
2026-03-18 12:08:40,017 [INFO] IPUIPlugin:80 - create IPUIPlugin
2026-03-18 12:08:40,018 [INFO] IPUIPlugin:80 - create IPUIPlugin
2026-03-18 12:08:40,019 [INFO] IPUIPlugin:80 - create IPUIPlugin
2026-03-18 12:08:40,020 [INFO] IPUIPlugin:80 - create IPUIPlugin
2026-03-18 12:08:40,020 [INFO] IPUIPlugin:80 - create IPUIPlugin
2026-03-18 12:08:40,021 [INFO] IPUIPlugin:80 - create IPUIPlugin
2026-03-18 12:08:40,022 [INFO] IPUIPlugin:80 - create IPUIPlugin
2026-03-18 12:08:40,022 [INFO] IPUIPlugin:80 - create IPUIPlugin
2026-03-18 12:08:40,027 [WARN] IP:2191 - I2C_Coeff_DF not found: check if there is a RefParameter without a condition.
2026-03-18 12:08:40,028 [WARN] IP:2191 - Analog_Filter not found: check if there is a RefParameter without a condition.
2026-03-18 12:08:40,165 [INFO] CADModel:165 - CPN selected for project levelSTM32F103C8T6
2026-03-18 12:08:40,165 [INFO] CADModel:114 - Register for checkConnection events
2026-03-18 12:08:40,268 [INFO] OpenFileManager:363 - Restore cursor
2026-03-18 12:08:40,938 [WARN] IP:2191 - I2C_Coeff_DF not found: check if there is a RefParameter without a condition.
2026-03-18 12:08:40,938 [WARN] IP:2191 - Analog_Filter not found: check if there is a RefParameter without a condition.
2026-03-18 12:08:40,940 [WARN] IP:2191 - I2C_Coeff_DF not found: check if there is a RefParameter without a condition.
2026-03-18 12:08:40,940 [WARN] IP:2191 - Analog_Filter not found: check if there is a RefParameter without a condition.
2026-03-18 12:09:00,680 [WARN] IP:2191 - I2C_Coeff_DF not found: check if there is a RefParameter without a condition.
2026-03-18 12:09:00,680 [WARN] IP:2191 - Analog_Filter not found: check if there is a RefParameter without a condition.
2026-03-18 12:09:48,339 [WARN] IP:2191 - I2C_Coeff_DF not found: check if there is a RefParameter without a condition.
2026-03-18 12:09:48,339 [WARN] IP:2191 - Analog_Filter not found: check if there is a RefParameter without a condition.
2026-03-18 12:09:48,341 [WARN] IP:2191 - I2C_Coeff_DF not found: check if there is a RefParameter without a condition.
2026-03-18 12:09:48,341 [WARN] IP:2191 - Analog_Filter not found: check if there is a RefParameter without a condition.
2026-03-18 12:09:48,379 [WARN] IP:2191 - I2C_Coeff_DF not found: check if there is a RefParameter without a condition.
2026-03-18 12:09:48,379 [WARN] IP:2191 - Analog_Filter not found: check if there is a RefParameter without a condition.
2026-03-18 12:09:48,404 [WARN] IP:2191 - I2C_Coeff_DF not found: check if there is a RefParameter without a condition.
2026-03-18 12:09:48,404 [WARN] IP:2191 - Analog_Filter not found: check if there is a RefParameter without a condition.
2026-03-18 12:09:57,465 [WARN] IP:2191 - I2C_Coeff_DF not found: check if there is a RefParameter without a condition.
2026-03-18 12:09:57,466 [WARN] IP:2191 - Analog_Filter not found: check if there is a RefParameter without a condition.
2026-03-18 12:09:57,467 [WARN] IP:2191 - I2C_Coeff_DF not found: check if there is a RefParameter without a condition.
2026-03-18 12:09:57,468 [WARN] IP:2191 - Analog_Filter not found: check if there is a RefParameter without a condition.
2026-03-18 12:09:57,495 [WARN] IP:2191 - I2C_Coeff_DF not found: check if there is a RefParameter without a condition.
2026-03-18 12:09:57,495 [WARN] IP:2191 - Analog_Filter not found: check if there is a RefParameter without a condition.
2026-03-18 12:09:57,518 [WARN] IP:2191 - I2C_Coeff_DF not found: check if there is a RefParameter without a condition.
2026-03-18 12:09:57,518 [WARN] IP:2191 - Analog_Filter not found: check if there is a RefParameter without a condition.
2026-03-18 12:10:10,018 [WARN] IP:2191 - I2C_Coeff_DF not found: check if there is a RefParameter without a condition.
2026-03-18 12:10:10,018 [WARN] IP:2191 - Analog_Filter not found: check if there is a RefParameter without a condition.
2026-03-18 12:10:10,019 [WARN] IP:2191 - I2C_Coeff_DF not found: check if there is a RefParameter without a condition.
2026-03-18 12:10:10,019 [WARN] IP:2191 - Analog_Filter not found: check if there is a RefParameter without a condition.
2026-03-18 12:10:10,041 [WARN] IP:2191 - I2C_Coeff_DF not found: check if there is a RefParameter without a condition.
2026-03-18 12:10:10,042 [WARN] IP:2191 - Analog_Filter not found: check if there is a RefParameter without a condition.
2026-03-18 12:10:10,065 [WARN] IP:2191 - I2C_Coeff_DF not found: check if there is a RefParameter without a condition.
2026-03-18 12:10:10,065 [WARN] IP:2191 - Analog_Filter not found: check if there is a RefParameter without a condition.
2026-03-18 12:10:24,983 [INFO] UtilMem:75 - End SaveConfig() Used Memory: 308118176 Bytes (870318080)
2026-03-18 12:10:38,879 [WARN] IP:2191 - I2C_Coeff_DF not found: check if there is a RefParameter without a condition.
2026-03-18 12:10:38,880 [WARN] IP:2191 - Analog_Filter not found: check if there is a RefParameter without a condition.
2026-03-18 12:10:38,881 [WARN] IP:2191 - I2C_Coeff_DF not found: check if there is a RefParameter without a condition.
2026-03-18 12:10:39,144 [WARN] IP:2191 - Analog_Filter not found: check if there is a RefParameter without a condition.
2026-03-18 12:10:59,176 [INFO] UtilMem:75 - End SaveConfig() Used Memory: 247129616 Bytes (790626304)
2026-03-18 12:11:01,700 [INFO] UtilMem:75 - End SaveConfig() Used Memory: 510004160 Bytes (790626304)
2026-03-18 12:11:05,911 [INFO] UtilMem:75 - End SaveConfig() Used Memory: 763623784 Bytes (974127104)
2026-03-18 12:11:06,193 [INFO] BlockDiagram:2766 - set Specific Code input for plugin: NVIC
2026-03-18 12:11:06,193 [INFO] BlockDiagram:2766 - set Specific Code input for plugin: TIM1_8F1
2026-03-18 12:11:06,193 [INFO] BlockDiagram:2766 - set Specific Code input for plugin: SYS
2026-03-18 12:11:06,193 [INFO] BlockDiagram:2766 - set Specific Code input for plugin: GPIO
2026-03-18 12:11:06,193 [INFO] BlockDiagram:2766 - set Specific Code input for plugin: RCC
2026-03-18 12:11:06,193 [INFO] BlockDiagram:2766 - set Specific Code input for plugin: I2C
2026-03-18 12:11:06,198 [INFO] CodeGenerator:807 - code generatio: config db path: E:\App Download\ST\STM32CubeIDE_1.16.1\STM32CubeIDE\plugins\com.st.stm32cube.common.mx_6.12.1.202409122256\\db\
2026-03-18 12:11:06,200 [WARN] IP:2191 - I2C_Coeff_DF not found: check if there is a RefParameter without a condition.
2026-03-18 12:11:06,200 [WARN] IP:2191 - Analog_Filter not found: check if there is a RefParameter without a condition.
2026-03-18 12:11:06,526 [INFO] CodeEngine:255 - oldGeneratedFile, E:\STM32CubeIDE\workspace_1.16.1\oled_display\MXTmpFiles\license.tmp_save
2026-03-18 12:11:06,801 [INFO] CodeEngine:279 - Generated code: E:\STM32CubeIDE\workspace_1.16.1\oled_display\MXTmpFiles\license.tmp
2026-03-18 12:11:07,002 [INFO] CodeEngine:255 - oldGeneratedFile, E:\STM32CubeIDE\workspace_1.16.1\oled_display\MXTmpFiles\gpio.tmp_save
2026-03-18 12:11:07,194 [INFO] CodeEngine:279 - Generated code: E:\STM32CubeIDE\workspace_1.16.1\oled_display\MXTmpFiles\gpio.tmp
2026-03-18 12:11:07,507 [INFO] CodeEngine:255 - oldGeneratedFile, E:\STM32CubeIDE\workspace_1.16.1\oled_display\Core\Src\stm32f1xx_it.c_save
2026-03-18 12:11:07,868 [INFO] CodeEngine:279 - Generated code: E:\STM32CubeIDE\workspace_1.16.1\oled_display\Core\Src\stm32f1xx_it.c
2026-03-18 12:11:07,907 [INFO] CodeEngine:255 - oldGeneratedFile, E:\STM32CubeIDE\workspace_1.16.1\oled_display\Core\Inc\stm32f1xx_it.h_save
2026-03-18 12:11:08,089 [INFO] CodeEngine:279 - Generated code: E:\STM32CubeIDE\workspace_1.16.1\oled_display\Core\Inc\stm32f1xx_it.h
2026-03-18 12:11:08,173 [INFO] CodeEngine:255 - oldGeneratedFile, E:\STM32CubeIDE\workspace_1.16.1\oled_display\Core\Src\stm32f1xx_hal_msp.c_save
2026-03-18 12:11:08,547 [INFO] CodeEngine:279 - Generated code: E:\STM32CubeIDE\workspace_1.16.1\oled_display\Core\Src\stm32f1xx_hal_msp.c
2026-03-18 12:11:08,608 [INFO] CodeEngine:255 - oldGeneratedFile, E:\STM32CubeIDE\workspace_1.16.1\oled_display\MXTmpFiles\system.tmp_save
2026-03-18 12:11:08,766 [INFO] CodeEngine:279 - Generated code: E:\STM32CubeIDE\workspace_1.16.1\oled_display\MXTmpFiles\system.tmp
2026-03-18 12:11:08,839 [INFO] CodeEngine:311 - oldGeneratedFile, E:\STM32CubeIDE\workspace_1.16.1\oled_display\Core\Inc\stm32f1xx_hal_conf.h_save
2026-03-18 12:11:09,016 [INFO] CodeEngine:335 - Generated code: E:\STM32CubeIDE\workspace_1.16.1\oled_display\Core\Inc\stm32f1xx_hal_conf.h
2026-03-18 12:11:09,105 [WARN] IPConfigManager:3554 - IP not found : TIM
2026-03-18 12:11:09,107 [WARN] CodeGenerator:4002 - IP not found : null
2026-03-18 12:11:09,137 [INFO] CodeEngine:255 - oldGeneratedFile, E:\STM32CubeIDE\workspace_1.16.1\oled_display\Core\Inc\main.h_save
2026-03-18 12:11:09,351 [INFO] CodeEngine:279 - Generated code: E:\STM32CubeIDE\workspace_1.16.1\oled_display\Core\Inc\main.h
2026-03-18 12:11:09,398 [INFO] CodeEngine:255 - oldGeneratedFile, E:\STM32CubeIDE\workspace_1.16.1\oled_display\Core\Src\main.c_save
2026-03-18 12:11:09,679 [INFO] CodeEngine:279 - Generated code: E:\STM32CubeIDE\workspace_1.16.1\oled_display\Core\Src\main.c
2026-03-18 12:11:11,352 [INFO] ProjectBuilder:3249 - Time for Copy HAL[1] : 1179mS.
2026-03-18 12:11:11,359 [INFO] ProjectBuilder:4828 - Project Generator version: 4.5.0-B34
2026-03-18 12:11:11,571 [INFO] ConfigFileManager:1531 - The Die is : DIE410
2026-03-18 12:11:11,595 [INFO] ApiDbMcu:508 - Load IP Config File for FATFS
2026-03-18 12:11:11,610 [INFO] ApiDbMcu:508 - Load IP Config File for FREERTOS
2026-03-18 12:11:11,623 [INFO] ApiDbMcu:508 - Load IP Config File for USB_DEVICE
2026-03-18 12:11:15,677 [INFO] ProjectBuilder:5097 - Time for Generating toolchain IDE Files: 4318mS.
2026-03-18 12:11:15,683 [INFO] ProjectBuilder:3107 - Time for Copy CMSIS : 4mS.
2026-03-18 12:11:15,690 [INFO] ProjectBuilder:3107 - Time for Copy CMSIS : 0mS.
2026-03-18 12:13:44,243 [INFO] WebApp:186 - Connection restablished
2026-03-18 12:23:23,463 [INFO] WebApp:189 - Connection lost
2026-03-18 12:23:26,677 [INFO] WebApp:186 - Connection restablished
2026-03-18 12:28:36,185 [INFO] WebApp:189 - Connection lost
2026-03-18 12:28:42,192 [INFO] WebApp:186 - Connection restablished
2026-03-18 12:28:47,555 [INFO] WebApp:189 - Connection lost
2026-03-18 12:28:55,534 [INFO] WebApp:186 - Connection restablished
2026-03-18 13:15:25,611 [ERROR] LogOutputStream:75 - [STDERR_REDIRECT] 
