2026-03-17 11:25:36,238 [INFO] Activator:176 - 


2026-03-17 11:25:36,300 [INFO] Activator:177 - !SESSION log4j initialized
2026-03-17 11:26:06,454 [INFO] LogOutputStream:77 - [STDOUT_REDIRECT] 
2026-03-17 11:26:12,173 [INFO] ApplicationProperties:184 - Using Application install path: E:\App Download\ST\STM32CubeIDE_1.16.1\STM32CubeIDE\plugins\com.st.stm32cube.common.mx_6.12.1.202409122256
2026-03-17 11:26:12,301 [INFO] DbMcusXml:78 - Set database path to: E:\App Download\ST\STM32CubeIDE_1.16.1\STM32CubeIDE\plugins\com.st.stm32cube.common.mx_6.12.1.202409122256\\db\/mcu/
2026-03-17 11:26:12,302 [INFO] ApiDb:274 - Set plugin database path to: E:\App Download\ST\STM32CubeIDE_1.16.1\STM32CubeIDE\plugins\com.st.stm32cube.common.mx_6.12.1.202409122256\\db\/plugins/boardmanager/
2026-03-17 11:26:12,304 [WARN] ApiDb:259 - Overriding images path with different value:  => E:\App Download\ST\STM32CubeIDE_1.16.1\STM32CubeIDE\plugins\com.st.stm32cube.common.mx_6.12.1.202409122256\\db\/plugins/mcufinder/images/
2026-03-17 11:26:12,655 [INFO] ApiDb:250 - Set database path to: C:\Users\DELL\.stmcufinder\plugins\mcufinder//mcu/
2026-03-17 11:26:12,659 [INFO] DbMcusAds:125 - Set database path to: C:\Users\DELL\.stmcufinder\plugins\mcufinder//mcu/
2026-03-17 11:26:12,670 [INFO] CrossReferenceDbSqlite:203 - Set database path to: C:\Users\DELL\.stmcufinder\plugins\mcufinder//mcu/cs/
2026-03-17 11:26:13,081 [INFO] RulesReader:64 - Compatibility file has been processed (297 Rules)
2026-03-17 11:26:13,593 [INFO] DbMcusXml:78 - Set database path to: E:\App Download\ST\STM32CubeIDE_1.16.1\STM32CubeIDE\plugins\com.st.stm32cube.common.mx_6.12.1.202409122256\\db\/mcu/
2026-03-17 11:26:13,593 [INFO] ApiDb:274 - Set plugin database path to: E:\App Download\ST\STM32CubeIDE_1.16.1\STM32CubeIDE\plugins\com.st.stm32cube.common.mx_6.12.1.202409122256\\db\/plugins/boardmanager/
2026-03-17 11:26:13,594 [INFO] ApiDb:261 - Set plugin images path to: E:\App Download\ST\STM32CubeIDE_1.16.1\STM32CubeIDE\plugins\com.st.stm32cube.common.mx_6.12.1.202409122256\\db\/plugins/mcufinder/images/
2026-03-17 11:26:13,595 [WARN] DbFile:41 - Overriding database path with different value: C:\Users\DELL\.stmcufinder\plugins\mcufinder/ => C:\Users\DELL\.stmcufinder\plugins\mcufinder
2026-03-17 11:26:13,596 [INFO] ApiDb:250 - Set database path to: C:\Users\DELL\.stmcufinder\plugins\mcufinder//mcu/
2026-03-17 11:26:13,596 [WARN] DbFile:41 - Overriding database path with different value: C:\Users\DELL\.stmcufinder\plugins\mcufinder/ => C:\Users\DELL\.stmcufinder\plugins\mcufinder
2026-03-17 11:26:13,596 [INFO] DbMcusAds:125 - Set database path to: C:\Users\DELL\.stmcufinder\plugins\mcufinder//mcu/
2026-03-17 11:26:13,597 [WARN] DbFile:41 - Overriding database path with different value: C:\Users\DELL\.stmcufinder\plugins\mcufinder/ => C:\Users\DELL\.stmcufinder\plugins\mcufinder
2026-03-17 11:26:13,597 [WARN] DbFile:41 - Overriding database path with different value: C:\Users\DELL\.stmcufinder\plugins\mcufinder/ => C:\Users\DELL\.stmcufinder\plugins\mcufinder
2026-03-17 11:26:13,597 [INFO] CrossReferenceDbSqlite:203 - Set database path to: C:\Users\DELL\.stmcufinder\plugins\mcufinder//mcu/cs/
2026-03-17 11:26:14,011 [INFO] MainPanel:268 - HeapMemory: 268435456
2026-03-17 11:26:14,540 [INFO] DbMcusXml:78 - Set database path to: E:\App Download\ST\STM32CubeIDE_1.16.1\STM32CubeIDE\plugins\com.st.stm32cube.common.mx_6.12.1.202409122256\\db\/mcu/
2026-03-17 11:26:14,541 [INFO] ApiDb:274 - Set plugin database path to: E:\App Download\ST\STM32CubeIDE_1.16.1\STM32CubeIDE\plugins\com.st.stm32cube.common.mx_6.12.1.202409122256\\db\/plugins/boardmanager/
2026-03-17 11:26:14,541 [INFO] ApiDb:261 - Set plugin images path to: E:\App Download\ST\STM32CubeIDE_1.16.1\STM32CubeIDE\plugins\com.st.stm32cube.common.mx_6.12.1.202409122256\\db\/plugins/mcufinder/images/
2026-03-17 11:26:14,542 [WARN] DbFile:41 - Overriding database path with different value: C:\Users\DELL\.stmcufinder\plugins\mcufinder/ => C:\Users\DELL\.stmcufinder\plugins\mcufinder
2026-03-17 11:26:14,542 [INFO] ApiDb:250 - Set database path to: C:\Users\DELL\.stmcufinder\plugins\mcufinder//mcu/
2026-03-17 11:26:14,543 [WARN] DbFile:41 - Overriding database path with different value: C:\Users\DELL\.stmcufinder\plugins\mcufinder/ => C:\Users\DELL\.stmcufinder\plugins\mcufinder
2026-03-17 11:26:14,543 [INFO] DbMcusAds:125 - Set database path to: C:\Users\DELL\.stmcufinder\plugins\mcufinder//mcu/
2026-03-17 11:26:14,543 [WARN] DbFile:41 - Overriding database path with different value: C:\Users\DELL\.stmcufinder\plugins\mcufinder/ => C:\Users\DELL\.stmcufinder\plugins\mcufinder
2026-03-17 11:26:14,543 [WARN] DbFile:41 - Overriding database path with different value: C:\Users\DELL\.stmcufinder\plugins\mcufinder/ => C:\Users\DELL\.stmcufinder\plugins\mcufinder
2026-03-17 11:26:14,544 [INFO] CrossReferenceDbSqlite:203 - Set database path to: C:\Users\DELL\.stmcufinder\plugins\mcufinder//mcu/cs/
2026-03-17 11:26:14,652 [INFO] ApplicationProperties:184 - Using Application install path: E:\App Download\ST\STM32CubeIDE_1.16.1\STM32CubeIDE\plugins\com.st.stm32cube.common.mx_6.12.1.202409122256
2026-03-17 11:26:14,658 [INFO] PluginManage:196 - Search for loadable plugins [exclusion list=, ]
2026-03-17 11:26:14,663 [INFO] PluginManage:310 - Check plugin analytics
2026-03-17 11:26:15,475 [INFO] AnalyticsPlugin:253 - Accepted Software Licenses: 
2026-03-17 11:26:15,476 [INFO] AnalyticsPlugin:255 - Accepted CMSIS Pack Licenses: 
2026-03-17 11:26:15,478 [INFO] AnalyticsPlugin:257 - Accepted Firmware Licenses: 
2026-03-17 11:26:15,492 [INFO] PluginManage:359 - Loaded plugin analytics (category:tool,tabindex:-1)
2026-03-17 11:26:15,493 [INFO] PluginManage:310 - Check plugin cadmodel
2026-03-17 11:26:15,544 [INFO] CADModel:105 - Init CAD model plugin
2026-03-17 11:26:15,544 [INFO] PluginManage:359 - Loaded plugin cadmodel (category:power,tabindex:5)
2026-03-17 11:26:15,544 [INFO] PluginManage:310 - Check plugin clock
2026-03-17 11:26:15,630 [INFO] PluginManage:359 - Loaded plugin clock (category:base,tabindex:2)
2026-03-17 11:26:15,632 [INFO] PluginManage:310 - Check plugin ddr
2026-03-17 11:26:15,669 [INFO] PluginManage:359 - Loaded plugin ddr (category:tool,tabindex:6)
2026-03-17 11:26:15,670 [INFO] PluginManage:310 - Check plugin filemanager
2026-03-17 11:26:16,271 [INFO] PluginManage:359 - Loaded plugin filemanager (category:base,tabindex:10)
2026-03-17 11:26:16,272 [INFO] PluginManage:310 - Check plugin ipmanager
2026-03-17 11:26:16,322 [INFO] PluginManage:359 - Loaded plugin ipmanager (category:base,tabindex:5)
2026-03-17 11:26:16,323 [INFO] PluginManage:310 - Check plugin lpbam
2026-03-17 11:26:16,362 [INFO] PluginManage:359 - Loaded plugin lpbam (category:base,tabindex:0)
2026-03-17 11:26:16,363 [INFO] PluginManage:310 - Check plugin memorymap
2026-03-17 11:26:16,551 [INFO] PluginManage:359 - Loaded plugin memorymap (category:base,tabindex:4)
2026-03-17 11:26:16,552 [INFO] PluginManage:310 - Check plugin pinoutandconfiguration
2026-03-17 11:26:16,608 [INFO] PluginManage:359 - Loaded plugin pinoutandconfiguration (category:base,tabindex:1)
2026-03-17 11:26:16,609 [INFO] PluginManage:310 - Check plugin pinoutconfig
2026-03-17 11:26:17,017 [WARN] SupportedApi:132 - Cannot load RTOS API schema: s4s-elt-must-match.1: The content of 'definitions' must match (annotation?, (simpleType | complexType)?, (unique | key | keyref)*)). A problem was found starting at: attribute.
2026-03-17 11:26:17,532 [INFO] PluginManage:359 - Loaded plugin pinoutconfig (category:base,tabindex:0)
2026-03-17 11:26:17,533 [INFO] PluginManage:310 - Check plugin power
2026-03-17 11:26:17,597 [INFO] PluginManage:359 - Loaded plugin power (category:power,tabindex:4)
2026-03-17 11:26:17,598 [INFO] PluginManage:310 - Check plugin projectmanager
2026-03-17 11:26:17,671 [INFO] PluginManage:359 - Loaded plugin projectmanager (category:projectmanager,tabindex:4)
2026-03-17 11:26:17,672 [INFO] PluginManage:310 - Check plugin rif
2026-03-17 11:26:17,696 [INFO] PluginManage:359 - Loaded plugin rif (category:base,tabindex:3)
2026-03-17 11:26:17,697 [INFO] PluginManage:310 - Check plugin thirdparty
2026-03-17 11:26:18,478 [INFO] PluginManage:359 - Loaded plugin thirdparty (category:base,tabindex:-1)
2026-03-17 11:26:18,478 [WARN] IntegrityCheckThread:84 - waiting for thirdparty lock release [integrity check]
2026-03-17 11:26:18,479 [INFO] IntegrityCheckThread:86 - entering critical section [integrity check]
2026-03-17 11:26:18,479 [INFO] PluginManage:310 - Check plugin tools
2026-03-17 11:26:18,481 [INFO] ThirdPartyUpdaterWithRetryManager:70 - Updater plugin not ready yet. [1/15]
2026-03-17 11:26:18,503 [INFO] PluginManage:359 - Loaded plugin tools (category:base,tabindex:7)
2026-03-17 11:26:18,503 [INFO] PluginManage:310 - Check plugin tutovideos
2026-03-17 11:26:19,425 [INFO] PluginManage:359 - Loaded plugin tutovideos (category:base,tabindex:-1)
2026-03-17 11:26:19,426 [INFO] PluginManage:310 - Check plugin updater
2026-03-17 11:26:19,514 [INFO] PluginManage:359 - Loaded plugin updater (category:base,tabindex:12)
2026-03-17 11:26:19,515 [INFO] PluginManage:310 - Check plugin userauth
2026-03-17 11:26:19,556 [INFO] UserAuth:113 - Init User Auth plugin
2026-03-17 11:26:19,557 [INFO] PluginManage:359 - Loaded plugin userauth (category:base,tabindex:14)
2026-03-17 11:26:19,560 [INFO] PluginManage:283 - PluginManage : Loaded plugins [18]
2026-03-17 11:26:20,598 [INFO] PinOutPanel:1561 - setPackage(No Configuration,No Configuration)
2026-03-17 11:26:21,003 [INFO] CADModel:165 - CPN selected for project level
2026-03-17 11:26:21,003 [INFO] CADModel:114 - Register for checkConnection events
2026-03-17 11:26:21,155 [INFO] IPUIPlugin:80 - create IPUIPlugin
2026-03-17 11:26:21,155 [INFO] PluginManager:220 - loadIPPluginJar : add adc
2026-03-17 11:26:21,165 [INFO] IPUIPlugin:80 - create IPUIPlugin
2026-03-17 11:26:21,165 [INFO] PluginManager:220 - loadIPPluginJar : add aes
2026-03-17 11:26:21,184 [INFO] IPUIPlugin:80 - create IPUIPlugin
2026-03-17 11:26:21,185 [INFO] PluginManager:220 - loadIPPluginJar : add can
2026-03-17 11:26:21,191 [INFO] IPUIPlugin:80 - create IPUIPlugin
2026-03-17 11:26:21,192 [INFO] PluginManager:220 - loadIPPluginJar : add comp
2026-03-17 11:26:21,215 [INFO] IPUIPlugin:80 - create IPUIPlugin
2026-03-17 11:26:21,216 [INFO] PluginManager:220 - loadIPPluginJar : add cryp
2026-03-17 11:26:21,259 [INFO] IPUIPlugin:80 - create IPUIPlugin
2026-03-17 11:26:21,259 [INFO] PluginManager:220 - loadIPPluginJar : add ddr_ctrl_phy
2026-03-17 11:26:21,310 [INFO] IPUIPlugin:80 - create IPUIPlugin
2026-03-17 11:26:21,312 [INFO] PluginManager:220 - loadIPPluginJar : add dfsdm
2026-03-17 11:26:21,349 [INFO] IPUIPlugin:80 - create IPUIPlugin
2026-03-17 11:26:21,351 [INFO] PluginManager:220 - loadIPPluginJar : add dma
2026-03-17 11:26:21,384 [INFO] IPUIPlugin:80 - create IPUIPlugin
2026-03-17 11:26:21,384 [INFO] PluginManager:220 - loadIPPluginJar : add dma3
2026-03-17 11:26:21,397 [INFO] IPUIPlugin:80 - create IPUIPlugin
2026-03-17 11:26:21,397 [INFO] PluginManager:220 - loadIPPluginJar : add extmemmanager
2026-03-17 11:26:21,419 [INFO] IPUIPlugin:80 - create IPUIPlugin
2026-03-17 11:26:21,419 [INFO] PluginManager:220 - loadIPPluginJar : add fatfs
2026-03-17 11:26:21,433 [INFO] IPUIPlugin:80 - create IPUIPlugin
2026-03-17 11:26:21,434 [INFO] PluginManager:220 - loadIPPluginJar : add fmc
2026-03-17 11:26:21,484 [INFO] ThirdPartyUpdaterWithRetryManager:70 - Updater plugin not ready yet. [2/15]
2026-03-17 11:26:21,508 [INFO] IPUIPlugin:80 - create IPUIPlugin
2026-03-17 11:26:21,509 [INFO] PluginManager:220 - loadIPPluginJar : add freertos
2026-03-17 11:26:21,518 [INFO] IPUIPlugin:80 - create IPUIPlugin
2026-03-17 11:26:21,518 [INFO] PluginManager:220 - loadIPPluginJar : add genericplugin
2026-03-17 11:26:21,528 [INFO] IPUIPlugin:80 - create IPUIPlugin
2026-03-17 11:26:21,529 [INFO] PluginManager:220 - loadIPPluginJar : add gfxmmu
2026-03-17 11:26:21,550 [INFO] IPUIPlugin:80 - create IPUIPlugin
2026-03-17 11:26:21,551 [INFO] PluginManager:220 - loadIPPluginJar : add gic
2026-03-17 11:26:21,618 [INFO] IPUIPlugin:80 - create IPUIPlugin
2026-03-17 11:26:21,619 [INFO] PluginManager:220 - loadIPPluginJar : add gpio
2026-03-17 11:26:21,629 [INFO] IPUIPlugin:80 - create IPUIPlugin
2026-03-17 11:26:21,629 [INFO] PluginManager:220 - loadIPPluginJar : add gtzc
2026-03-17 11:26:21,641 [INFO] IPUIPlugin:80 - create IPUIPlugin
2026-03-17 11:26:21,642 [INFO] PluginManager:220 - loadIPPluginJar : add hash
2026-03-17 11:26:21,656 [INFO] IPUIPlugin:80 - create IPUIPlugin
2026-03-17 11:26:21,656 [INFO] PluginManager:220 - loadIPPluginJar : add i2c
2026-03-17 11:26:21,682 [INFO] IPUIPlugin:80 - create IPUIPlugin
2026-03-17 11:26:21,682 [INFO] PluginManager:220 - loadIPPluginJar : add i2s
2026-03-17 11:26:21,695 [INFO] IPUIPlugin:80 - create IPUIPlugin
2026-03-17 11:26:21,696 [INFO] PluginManager:220 - loadIPPluginJar : add i3c
2026-03-17 11:26:21,723 [INFO] IPUIPlugin:80 - create IPUIPlugin
2026-03-17 11:26:21,725 [INFO] PluginManager:220 - loadIPPluginJar : add ipddr
2026-03-17 11:26:21,753 [INFO] IPUIPlugin:80 - create IPUIPlugin
2026-03-17 11:26:21,754 [INFO] PluginManager:220 - loadIPPluginJar : add linkedlist
2026-03-17 11:26:21,800 [INFO] IPUIPlugin:80 - create IPUIPlugin
2026-03-17 11:26:21,801 [INFO] PluginManager:220 - loadIPPluginJar : add lorawan
2026-03-17 11:26:21,809 [INFO] IPUIPlugin:80 - create IPUIPlugin
2026-03-17 11:26:21,810 [INFO] PluginManager:220 - loadIPPluginJar : add ltdc
2026-03-17 11:26:21,833 [INFO] IPUIPlugin:80 - create IPUIPlugin
2026-03-17 11:26:21,834 [INFO] PluginManager:220 - loadIPPluginJar : add mdma
2026-03-17 11:26:21,848 [INFO] IPUIPlugin:80 - create IPUIPlugin
2026-03-17 11:26:21,849 [INFO] PluginManager:220 - loadIPPluginJar : add nvic
2026-03-17 11:26:21,881 [INFO] IPUIPlugin:80 - create IPUIPlugin
2026-03-17 11:26:21,882 [INFO] PluginManager:220 - loadIPPluginJar : add opamp
2026-03-17 11:26:21,894 [INFO] IPUIPlugin:80 - create IPUIPlugin
2026-03-17 11:26:21,895 [INFO] PluginManager:220 - loadIPPluginJar : add openamp
2026-03-17 11:26:21,909 [INFO] IPUIPlugin:80 - create IPUIPlugin
2026-03-17 11:26:21,910 [INFO] PluginManager:220 - loadIPPluginJar : add pdm2pcm
2026-03-17 11:26:21,932 [INFO] IPUIPlugin:80 - create IPUIPlugin
2026-03-17 11:26:21,945 [INFO] PluginManager:220 - loadIPPluginJar : add plateformsettings
2026-03-17 11:26:21,972 [INFO] IPUIPlugin:80 - create IPUIPlugin
2026-03-17 11:26:21,973 [INFO] PluginManager:220 - loadIPPluginJar : add quadspi
2026-03-17 11:26:21,981 [INFO] IPUIPlugin:80 - create IPUIPlugin
2026-03-17 11:26:21,984 [INFO] PluginManager:220 - loadIPPluginJar : add radio
2026-03-17 11:26:22,001 [INFO] IPUIPlugin:80 - create IPUIPlugin
2026-03-17 11:26:22,002 [INFO] PluginManager:220 - loadIPPluginJar : add resmgrutility
2026-03-17 11:26:22,018 [INFO] IPUIPlugin:80 - create IPUIPlugin
2026-03-17 11:26:22,018 [INFO] PluginManager:220 - loadIPPluginJar : add sai
2026-03-17 11:26:22,048 [INFO] IPUIPlugin:80 - create IPUIPlugin
2026-03-17 11:26:22,049 [INFO] PluginManager:220 - loadIPPluginJar : add spi
2026-03-17 11:26:22,069 [INFO] IPUIPlugin:80 - create IPUIPlugin
2026-03-17 11:26:22,070 [INFO] PluginManager:220 - loadIPPluginJar : add stm32_wpan
2026-03-17 11:26:22,081 [INFO] IPUIPlugin:80 - create IPUIPlugin
2026-03-17 11:26:22,082 [INFO] PluginManager:220 - loadIPPluginJar : add tim
2026-03-17 11:26:22,097 [INFO] IPUIPlugin:80 - create IPUIPlugin
2026-03-17 11:26:22,098 [INFO] PluginManager:220 - loadIPPluginJar : add touchsensing
2026-03-17 11:26:22,113 [INFO] IPUIPlugin:80 - create IPUIPlugin
2026-03-17 11:26:22,113 [INFO] PluginManager:220 - loadIPPluginJar : add tracer_emb
2026-03-17 11:26:22,126 [INFO] IPUIPlugin:80 - create IPUIPlugin
2026-03-17 11:26:22,126 [INFO] PluginManager:220 - loadIPPluginJar : add ts
2026-03-17 11:26:22,135 [INFO] IPUIPlugin:80 - create IPUIPlugin
2026-03-17 11:26:22,136 [INFO] PluginManager:220 - loadIPPluginJar : add tsc
2026-03-17 11:26:22,145 [INFO] IPUIPlugin:80 - create IPUIPlugin
2026-03-17 11:26:22,146 [INFO] PluginManager:220 - loadIPPluginJar : add ucpd
2026-03-17 11:26:22,170 [INFO] IPUIPlugin:80 - create IPUIPlugin
2026-03-17 11:26:22,171 [INFO] PluginManager:220 - loadIPPluginJar : add usart
2026-03-17 11:26:22,185 [INFO] IPUIPlugin:80 - create IPUIPlugin
2026-03-17 11:26:22,187 [INFO] PluginManager:220 - loadIPPluginJar : add usbx
2026-03-17 11:26:22,585 [INFO] CADModel:165 - CPN selected for project level
2026-03-17 11:26:22,586 [INFO] CADModel:114 - Register for checkConnection events
2026-03-17 11:26:22,588 [FATAL] Updater:334 - Updater called before beeing initialized
2026-03-17 11:26:22,589 [ERROR] CADModel:125 - Updater not yet initialized, retry later 
2026-03-17 11:26:23,259 [INFO] CADModel:165 - CPN selected for project level
2026-03-17 11:26:23,259 [INFO] CADModel:114 - Register for checkConnection events
2026-03-17 11:26:23,260 [FATAL] Updater:334 - Updater called before beeing initialized
2026-03-17 11:26:23,260 [ERROR] CADModel:125 - Updater not yet initialized, retry later 
2026-03-17 11:26:23,271 [FATAL] Updater:334 - Updater called before beeing initialized
2026-03-17 11:26:23,676 [FATAL] Updater:334 - Updater called before beeing initialized
2026-03-17 11:26:23,683 [INFO] DbMcusAds:53 - JSON generation date=Thu Sep 30 12:25:09 IST 2021 (1632984909247)
2026-03-17 11:26:23,684 [FATAL] Updater:334 - Updater called before beeing initialized
2026-03-17 11:26:23,917 [WARN] DetailPanel:346 - Failed to get advertising image, set to default
2026-03-17 11:26:24,164 [FATAL] Updater:334 - Updater called before beeing initialized
2026-03-17 11:26:24,169 [FATAL] Updater:334 - Updater called before beeing initialized
2026-03-17 11:26:24,170 [FATAL] Updater:334 - Updater called before beeing initialized
2026-03-17 11:26:24,170 [WARN] DetailPanel:346 - Failed to get advertising image, set to default
2026-03-17 11:26:24,172 [FATAL] Updater:334 - Updater called before beeing initialized
2026-03-17 11:26:24,478 [ERROR] Updater:1164 - MainUpdater not yet initialized. External WinMGr cannot be set.
2026-03-17 11:26:24,486 [INFO] ThirdPartyUpdaterWithRetryManager:70 - Updater plugin not ready yet. [3/15]
2026-03-17 11:26:24,500 [INFO] Updater:1100 - Updater Version found : 6.12.1
2026-03-17 11:26:24,579 [INFO] ApplicationProperties:184 - Using Application install path: E:\App Download\ST\STM32CubeIDE_1.16.1\STM32CubeIDE\plugins\com.st.stm32cube.common.mx_6.12.1.202409122256
2026-03-17 11:26:26,339 [ERROR] LogOutputStream:75 - [STDERR_REDIRECT] Mar 17, 2026 11:26:26 AM java.util.prefs.WindowsPreferences <init>
2026-03-17 11:26:26,343 [ERROR] LogOutputStream:75 - [STDERR_REDIRECT] WARNING: Could not open/create prefs root node Software\JavaSoft\Prefs at root 0xffffffff80000002. Windows RegCreateKeyEx(...) returned error code 5.
2026-03-17 11:26:26,345 [ERROR] LogOutputStream:75 - [STDERR_REDIRECT] 
2026-03-17 11:26:27,487 [FATAL] Updater:334 - Updater called before beeing initialized
2026-03-17 11:26:27,488 [ERROR] IntegrityCheckThread:130 - Cannot retrieve database content from updater: error 21
2026-03-17 11:26:27,489 [INFO] ThirdParty:978 - Integrity check success = false
2026-03-17 11:26:27,490 [INFO] IntegrityCheckThread:100 - exiting critical section [integrity check]
2026-03-17 11:26:27,490 [INFO] IntegrityCheckThread:103 - End integrity checks thread
2026-03-17 11:26:28,190 [INFO] MainUpdater:2873 - connection check result : 10
2026-03-17 11:26:28,193 [INFO] MainUpdater:290 - Updater Check For Update Now.
2026-03-17 11:26:28,194 [INFO] MicroXplorer:498 - Change Database Version : DB.6.0.121
2026-03-17 11:26:28,234 [INFO] McuFinderGlobals:63 - Set McuFinder mode to 2 (CubeIDE integrated)
2026-03-17 11:26:28,235 [INFO] UserAuth:179 - activating auth plugin
2026-03-17 11:26:28,268 [INFO] UserAuth:417 - Internet connection configuration mode: 1
2026-03-17 11:26:28,410 [INFO] JxBrowserEngine:152 - Initiate JxBrowser Engine with user profile folder
2026-03-17 11:26:28,673 [INFO] CheckServerUpdateThread:120 - End of CheckServer Thread
2026-03-17 11:26:31,138 [INFO] WebApp:167 - Instantiating new browser for Auth
2026-03-17 11:26:34,282 [INFO] WebApp:448 - Apply proxy settings
2026-03-17 11:26:34,284 [INFO] WebApp:533 - Chromium requires no authentication
2026-03-17 11:26:34,365 [INFO] WebApp:476 - Direct internet connection detected
2026-03-17 11:26:34,493 [INFO] WebApp:869 - Register for checkConnection events
2026-03-17 11:26:34,494 [INFO] WebApp:448 - Apply proxy settings
2026-03-17 11:26:34,494 [INFO] WebApp:533 - Chromium requires no authentication
2026-03-17 11:26:34,496 [INFO] WebApp:476 - Direct internet connection detected
2026-03-17 11:26:35,216 [INFO] WebApp:220 - Starting web application
2026-03-17 11:26:35,218 [INFO] WebApp:578 - Web application path used E:\App Download\ST\STM32CubeIDE_1.16.1\STM32CubeIDE\plugins\com.st.stm32cube.common.mx_6.12.1.202409122256\db\plugins\mcufinder\reactClient1\index.html
2026-03-17 11:26:35,772 [INFO] WebApp:186 - Connection restablished
2026-03-17 11:27:04,149 [INFO] McuFinderGlobals:63 - Set McuFinder mode to 2 (CubeIDE integrated)
2026-03-17 11:27:04,209 [INFO] MainUpdater:2873 - connection check result : 10
2026-03-17 11:27:04,240 [INFO] McuFinderGlobals:76 - Set McuFinderConnectedMode to true
2026-03-17 11:27:05,843 [INFO] ServerAccessManage:473 - Download File mcusAds.json._tmp_
2026-03-17 11:27:06,030 [INFO] LoadUrlFilesThread:156 - End of LoadUrlFiles Thread
2026-03-17 11:27:06,592 [INFO] ServerAccessManage:473 - Download File cube-finder-db.zip
2026-03-17 11:30:56,663 [INFO] FileExtend:240 - Unzip File : cube-finder-db.zip
2026-03-17 11:30:56,664 [INFO] FileExtend:255 - Standard Zip Deflate
2026-03-17 11:31:01,309 [INFO] LoadUrlFilesThread:156 - End of LoadUrlFiles Thread
2026-03-17 11:31:02,315 [INFO] ServerAccessManage:473 - Download File crdb.zip
2026-03-17 11:31:05,887 [INFO] FileExtend:240 - Unzip File : crdb.zip
2026-03-17 11:31:05,889 [INFO] FileExtend:255 - Standard Zip Deflate
2026-03-17 11:31:06,048 [INFO] LoadUrlFilesThread:156 - End of LoadUrlFiles Thread
2026-03-17 11:31:06,517 [INFO] ServerAccessManage:473 - Download File tutoVideoDB.zip
2026-03-17 11:31:06,753 [INFO] FileExtend:240 - Unzip File : tutoVideoDB.zip
2026-03-17 11:31:06,754 [INFO] FileExtend:255 - Standard Zip Deflate
2026-03-17 11:31:06,872 [INFO] LoadUrlFilesThread:156 - End of LoadUrlFiles Thread
2026-03-17 11:31:06,878 [WARN] DbFile:41 - Overriding database path with different value: C:\Users\DELL\.stmcufinder\plugins\mcufinder/ => C:\Users\DELL\.stmcufinder\plugins\mcufinder
2026-03-17 11:31:07,131 [INFO] ServerAccessManage:473 - Download File api_config.json
2026-03-17 11:31:07,262 [INFO] LoadUrlFilesThread:156 - End of LoadUrlFiles Thread
2026-03-17 11:31:07,264 [INFO] DbMcusAds:53 - JSON generation date=Thu Mar 05 20:02:52 IST 2026 (1772721172610)
2026-03-17 11:31:07,968 [INFO] ServerAccessManage:473 - Download File 
2026-03-17 11:31:08,276 [INFO] LoadUrlFilesThread:185 - End of LoadServerUrlFiles without Thread
2026-03-17 11:31:08,277 [INFO] TargetSelectorAdapter:259 - Refresh data is successful
2026-03-17 11:31:08,543 [INFO] ApiDb:581 - Connected to CubeFinder SQLite database (C:\Users\DELL\.stmcufinder\plugins\mcufinder\mcu\cube-finder-db.db)
2026-03-17 11:31:08,830 [INFO] ApiDb:668 - CubeFinder database Data Model version=2.1
2026-03-17 11:31:08,830 [INFO] ApiDb:669 - CubeFinder database Configuration version=3.0.42
2026-03-17 11:31:08,831 [INFO] ApiDb:670 - CubeFinder database generation date=2026-03-11 (1773229989)
2026-03-17 11:31:08,832 [INFO] ApiDb:671 - CubeFinder database FW Pack versions=[FP-ATR-ASTRA1_V2.0.0, FP-SNS-FLIGHT1_V5.1.0, FP-SNS-MOTENV1_V5.1.0, FP-SNS-MOTENVWB1_V1.5.0, FP-SNS-SMARTAG2_V1.2.0, FP-SNS-STBOX1_V2.1.0, STM32Cube_FW_C0_V1.4.0, STM32Cube_FW_F4_V1.28.3, STM32Cube_FW_F7_V1.17.4, STM32Cube_FW_G0_V1.6.3, STM32Cube_FW_G4_V1.6.2, STM32Cube_FW_H5_V1.6.0, STM32Cube_FW_H7RS_V1.3.0, STM32Cube_FW_H7_V1.13.0, STM32Cube_FW_L0_V1.12.2, STM32Cube_FW_L4_V1.18.2, STM32Cube_FW_L5_V1.6.0, STM32Cube_FW_N6_V1.3.0, STM32Cube_FW_U0_V1.3.0, STM32Cube_FW_U3_V1.3.0, STM32Cube_FW_U5_V1.8.0, STM32Cube_FW_WB0_V1.4.0, STM32Cube_FW_WBA_V1.9.0, STM32Cube_FW_WB_V1.24.0, STM32Cube_FW_WL3_V1.4.0, STM32Cube_FW_WL_V1.5.0, X-CUBE-ALGOBUILD_V1.4.0, X-CUBE-ALS_V1.0.2, X-CUBE-AZRTOS-F4_V1.1.0, X-CUBE-AZRTOS-F7_V1.1.0, X-CUBE-AZRTOS-G0_V1.1.0, X-CUBE-AZRTOS-G4_V2.0.0, X-CUBE-AZRTOS-H7RS_V1.1.0, X-CUBE-AZRTOS-H7_V3.4.0, X-CUBE-AZRTOS-L4_V2.0.0, X-CUBE-AZRTOS-L5_V2.0.0, X-CUBE-AZRTOS-WB_V2.0.0, X-CUBE-AZRTOS-WL_V2.0.0, X-CUBE-BLE1_V7.1.0, X-CUBE-BLE2_V3.3.0, X-CUBE-BLEMGR_V4.1.0, X-CUBE-EEPRMA1_V5.2.0, X-CUBE-FREERTOS_V1.5.0, X-CUBE-GNSS1_V6.0.0, X-CUBE-MEMS1_V12.0.0, X-CUBE-NFC4_V3.0.0, X-CUBE-NFC7_V2.0.0, X-CUBE-SFXS2LP1_V4.0.0, X-CUBE-ST67W61_V1.2.0, X-CUBE-SUBG2_V5.0.0, X-CUBE-TOF1_V3.4.3]
2026-03-17 11:31:15,462 [INFO] ApiDb:240 - Found 646 in-development CPN: [B-G473E-ZEST1S, B-WB1M-WPAN1, B-WL5M-SUBG1, NUCLEO-C031C6, NUCLEO-C071RB, NUCLEO-H503RB, NUCLEO-H533RE, NUCLEO-H563ZI, NUCLEO-H7S3L8, NUCLEO-U031R8, NUCLEO-U083RC, NUCLEO-U545RE-Q, NUCLEO-U5A5ZJ-Q, NUCLEO-WB05KZ, NUCLEO-WB07CC, NUCLEO-WB09KE, NUCLEO-WBA52CG, NUCLEO-WBA55CG, STEVAL-PROTEUS1, STEVAL-SMARTAG2, STEVAL-STWINBX1, STM320518-EVAL, STM32C0116-DK, STM32C011D6Y3TR, STM32C011D6Y6TR, STM32C011F4P3, STM32C011F4P6, STM32C011F4U3, STM32C011F4U6TR, STM32C011F6P3, STM32C011F6P6, STM32C011F6U3, STM32C011F6U6TR, STM32C011J4M3, STM32C011J4M6, STM32C011J6M3, STM32C011J6M6, STM32C0316-DK, STM32C031C4T3, STM32C031C4T6, STM32C031C4U3, STM32C031C4U6, STM32C031C6T3, STM32C031C6T6, STM32C031C6U3, STM32C031C6U6, STM32C031F4P3, STM32C031F4P6, STM32C031F6P3, STM32C031F6P6, STM32C031G4U3, STM32C031G4U6, STM32C031G6U3, STM32C031G6U6, STM32C031K4T3, STM32C031K4T6, STM32C031K4U3, STM32C031K4U6, STM32C031K6T3, STM32C031K6T6, STM32C031K6U3, STM32C031K6U6, STM32C071C8T6, STM32C071C8T6N, STM32C071C8U6, STM32C071C8U6N, STM32C071CBT6, STM32C071CBT6N, STM32C071CBU6, STM32C071CBU6N, STM32C071F8P6, STM32C071F8P6N, STM32C071FBP6, STM32C071FBP6N, STM32C071FBY6TR, STM32C071G8U6, STM32C071G8U6N, STM32C071GBU6, STM32C071GBU6N, STM32C071K8T6, STM32C071K8T6N, STM32C071K8U6, STM32C071K8U6N, STM32C071KBT6, STM32C071KBT6N, STM32C071KBU6, STM32C071KBU6N, STM32C071R8T6, STM32C071R8T6N, STM32C071RBI6N, STM32C071RBT6, STM32C071RBT6N, STM32G071K8TXN, STM32G071K8UXN, STM32G081GBU6N, STM32G081KBT6N, STM32G081KBUXN, STM32G0B1CCT6N, STM32G0B1KCT6, STM32G0B1NEY6TR, STM32G0B1RCT6N, STM32G0C1CCT6, STM32G0C1CCT6N, STM32G0C1CCU6N, STM32G0C1CET6N, STM32G0C1CEU6N, STM32G0C1KCT6, STM32G0C1NEY6TR, STM32G0C1RCI6N, STM32G0C1RCT6N, STM32G0C1REI6N, STM32G0C1RET6N, STM32G0C1VCI6, STM32G0C1VEI6, STM32G411C6T3, STM32G411C6T6, STM32G411C6U3, STM32G411C6U6, STM32G411C8T3, STM32G411C8T6, STM32G411C8U3, STM32G411C8U6, STM32G411CBT3, STM32G411CBT6, STM32G411CBU3, STM32G411CBU6, STM32G411K6T3, STM32G411K6T6, STM32G411K6U3, STM32G411K6U6, STM32G411K8T3, STM32G411K8T6, STM32G411K8U3, STM32G411K8U6, STM32G411KBT3, STM32G411KBT6, STM32G411KBU3, STM32G411KBU6, STM32G411M6T3, STM32G411M6T6, STM32G411M8T3, STM32G411M8T6, STM32G411MBT3, STM32G411MBT6, STM32G411R6T3, STM32G411R6T6, STM32G411R8T3, STM32G411R8T6, STM32G411RBT3, STM32G411RBT6, STM32G414CBT3, STM32G414CBT6, STM32G414CBU3, STM32G414CBU6, STM32G414CCT3, STM32G414CCT6, STM32G414CCU3, STM32G414CCU6, STM32G414MBT3, STM32G414MBT6, STM32G414MCT3, STM32G414MCT6, STM32G414RBT3, STM32G414RBT6, STM32G414RCT3, STM32G414RCT6, STM32G414VBT3, STM32G414VBT6, STM32G414VCT3, STM32G414VCT6, STM32G431CBT3Z, STM32G431RBT3Z, STM32G471CCT6, STM32G471CCU6, STM32G471CET3, STM32G471CET6, STM32G471CEU3, STM32G471CEU6, STM32G471MCT6, STM32G471MET3, STM32G471MET6, STM32G471MEY6TR, STM32G471QCT6, STM32G471QET3, STM32G471RCT6, STM32G471RET3, STM32G471RET6, STM32G471VCH6, STM32G471VCI6, STM32G471VCT6, STM32G471VEH3, STM32G471VEH6, STM32G471VEI3, STM32G471VEI6, STM32G471VET3, STM32G471VET6, STM32G473QET3Z, STM32G473RET3Z, STM32G474CCT6, STM32G491RET3Z, STM32H503CBT6, STM32H503CBU6, STM32H503EBY6TR, STM32H503KBU6, STM32H503RBT6, STM32H523CCT6, STM32H523CCU6, STM32H523CET6, STM32H523CEU6, STM32H523HEY6TR, STM32H523RCT6, STM32H523RET6, STM32H523VCI6, STM32H523VCT6, STM32H523VEI6, STM32H523VET6, STM32H523ZCJ6, STM32H523ZCT6, STM32H523ZEJ6, STM32H523ZET6, STM32H533CET6, STM32H533CEU6, STM32H533HEY6TR, STM32H533RET6, STM32H533VEI6, STM32H533VET6, STM32H533ZEJ6, STM32H533ZET6, STM32H562AGI6, STM32H562AII6, STM32H562IGK6, STM32H562IGT6, STM32H562IIK6, STM32H562IIT6, STM32H562RGT6, STM32H562RGV6, STM32H562RIT6, STM32H562RIV6, STM32H562VGT6, STM32H562VIT6, STM32H562ZGT6, STM32H562ZIT6, STM32H563AGI6, STM32H563AII3Q, STM32H563AII6, STM32H563IGK6, STM32H563IGT6, STM32H563IIK3Q, STM32H563IIK6, STM32H563IIT3Q, STM32H563IIT6, STM32H563MIY3QTR, STM32H563RGT6, STM32H563RGV6, STM32H563RIT6, STM32H563RIV6, STM32H563VGT6, STM32H563VIT3Q, STM32H563VIT6, STM32H563ZGT6, STM32H563ZIT3Q, STM32H563ZIT6, STM32H573AII3Q, STM32H573AII6, STM32H573I-DK, STM32H573IIK3Q, STM32H573IIK6, STM32H573IIT3Q, STM32H573IIT6, STM32H573MIY3QTR, STM32H573RIT6, STM32H573RIV6, STM32H573VIT3Q, STM32H573VIT6, STM32H573ZIT3Q, STM32H573ZIT6, STM32H7R3A8I6, STM32H7R3I8K6, STM32H7R3I8T6, STM32H7R3L8H6, STM32H7R3L8H6H, STM32H7R3R8V6, STM32H7R3V8H6, STM32H7R3V8T6, STM32H7R3V8Y6TR, STM32H7R3Z8J6, STM32H7R3Z8T6, STM32H7R7A8I6, STM32H7R7I8K6, STM32H7R7I8T6, STM32H7R7L8H6, STM32H7R7L8H6H, STM32H7R7Z8J6, STM32H7S3A8I6, STM32H7S3I8K6, STM32H7S3I8T6, STM32H7S3L8H6, STM32H7S3L8H6H, STM32H7S3R8V6, STM32H7S3V8H6, STM32H7S3V8T6, STM32H7S3V8Y6TR, STM32H7S3Z8J6, STM32H7S3Z8T6, STM32H7S78-DK, STM32H7S7A8I6, STM32H7S7I8K6, STM32H7S7I8T6, STM32H7S7L8H6, STM32H7S7L8H6H, STM32H7S7Z8J6, STM32L4R5QGI6STR, STM32MP131AAE3, STM32MP131AAF3, STM32MP131AAG3, STM32MP131CAE3, STM32MP131CAF3, STM32MP131CAG3, STM32MP131DAE7, STM32MP131DAF7, STM32MP131DAG7, STM32MP131FAE7, STM32MP131FAF7, STM32MP131FAG7, STM32MP133AAE3, STM32MP133AAF3, STM32MP133AAG3, STM32MP133CAE3, STM32MP133CAF3, STM32MP133CAG3, STM32MP133DAE7, STM32MP133DAF7, STM32MP133DAG7, STM32MP133FAE7, STM32MP133FAF7, STM32MP133FAG7, STM32MP135AAE3, STM32MP135AAF3, STM32MP135AAG3, STM32MP135CAE3, STM32MP135CAF3, STM32MP135CAG3, STM32MP135DAE7, STM32MP135DAF7, STM32MP135DAG7, STM32MP135F-DK, STM32MP135FAE7, STM32MP135FAF7, STM32MP135FAF7T, STM32MP135FAF7U, STM32MP135FAG7, STM32MP251AAI3, STM32MP251AAK3, STM32MP251AAL3, STM32MP251CAI3, STM32MP251CAK3, STM32MP251CAL3, STM32MP251DAI3, STM32MP251DAK3, STM32MP251DAL3, STM32MP251FAI3, STM32MP251FAK3, STM32MP251FAL3, STM32MP253AAI3, STM32MP253AAK3, STM32MP253AAL3, STM32MP253CAI3, STM32MP253CAK3, STM32MP253CAL3, STM32MP253DAI3, STM32MP253DAK3, STM32MP253DAL3, STM32MP253FAI3, STM32MP253FAK3, STM32MP253FAL3, STM32MP255AAI3, STM32MP255AAK3, STM32MP255AAL3, STM32MP255CAI3, STM32MP255CAK3, STM32MP255CAL3, STM32MP255DAI3, STM32MP255DAK3, STM32MP255DAL3, STM32MP255FAI3, STM32MP255FAK3, STM32MP255FAL3, STM32MP257AAI3, STM32MP257AAK3, STM32MP257AAL3, STM32MP257CAI3, STM32MP257CAK3, STM32MP257CAL3, STM32MP257DAI3, STM32MP257DAK3, STM32MP257DAL3, STM32MP257F-DK, STM32MP257F-EV1, STM32MP257FAI3, STM32MP257FAK3, STM32MP257FAL3, STM32U031C6T6, STM32U031C6U6, STM32U031C8T6, STM32U031C8U6, STM32U031F4P6, STM32U031F6P6, STM32U031F8P6, STM32U031G6Y6TR, STM32U031G8Y6TR, STM32U031K4U6, STM32U031K6U6, STM32U031K8U6, STM32U031R6I6, STM32U031R6T6, STM32U031R8I6, STM32U031R8T6, STM32U073C8T6, STM32U073C8U6, STM32U073CBT6, STM32U073CBU6, STM32U073CCT6, STM32U073CCU6, STM32U073H8Y6TR, STM32U073HBY6TR, STM32U073HCY6TR, STM32U073K8U6, STM32U073KBU6, STM32U073KCU6, STM32U073M8I6, STM32U073M8T6, STM32U073MBI6, STM32U073MBT6, STM32U073MCI6, STM32U073MCT6, STM32U073R8I6, STM32U073R8T6, STM32U073RBI6, STM32U073RBT6, STM32U073RCI6, STM32U073RCT6, STM32U083C-DK, STM32U083CCT6, STM32U083CCU6, STM32U083HCY6TR, STM32U083KCU6, STM32U083MCI6, STM32U083MCT6, STM32U083RCI6, STM32U083RCT6, STM32U535CBT6, STM32U535CBT6Q, STM32U535CBU6, STM32U535CBU6Q, STM32U535CCT6, STM32U535CCT6Q, STM32U535CCU6, STM32U535CCU6Q, STM32U535CET6, STM32U535CET6Q, STM32U535CEU6, STM32U535CEU6Q, STM32U535JEY6QTR, STM32U535NCY6QTR, STM32U535NEY6QTR, STM32U535RBI6, STM32U535RBI6Q, STM32U535RBT6, STM32U535RBT6Q, STM32U535RCI6, STM32U535RCI6Q, STM32U535RCT6, STM32U535RCT6Q, STM32U535REI6, STM32U535REI6Q, STM32U535RET6, STM32U535RET6Q, STM32U535VCI6, STM32U535VCI6Q, STM32U535VCT6, STM32U535VCT6Q, STM32U535VEI6, STM32U535VEI6Q, STM32U535VET6, STM32U535VET6Q, STM32U545CET6, STM32U545CET6Q, STM32U545CEU6, STM32U545CEU6Q, STM32U545JEY6QTR, STM32U545NEY6QTR, STM32U545REI6, STM32U545REI6Q, STM32U545RET6, STM32U545RET6Q, STM32U545VEI6, STM32U545VEI6Q, STM32U545VET6, STM32U545VET6Q, STM32U595AIH6, STM32U595AIH6Q, STM32U595AJH6, STM32U595AJH6Q, STM32U595QII6, STM32U595QII6Q, STM32U595QJI6, STM32U595QJI6Q, STM32U595RIT6, STM32U595RIT6Q, STM32U595RJT6, STM32U595RJT6Q, STM32U595VIT6, STM32U595VIT6Q, STM32U595VJT6, STM32U595VJT6Q, STM32U595ZIT6, STM32U595ZIT6Q, STM32U595ZIY6QTR, STM32U595ZJT6, STM32U595ZJT6Q, STM32U595ZJY6QTR, STM32U599BJY6QTR, STM32U599NIH6Q, STM32U599NJH6Q, STM32U599VIT6Q, STM32U599VJT6, STM32U599VJT6Q, STM32U599ZIT6Q, STM32U599ZIY6QTR, STM32U599ZJT6Q, STM32U599ZJY6QTR, STM32U5A5AJH6, STM32U5A5AJH6Q, STM32U5A5QII3Q , STM32U5A5QJI6, STM32U5A5QJI6Q, STM32U5A5RJT6, STM32U5A5RJT6Q, STM32U5A5VJT6, STM32U5A5VJT6Q, STM32U5A5ZJT6, STM32U5A5ZJT6Q, STM32U5A5ZJY6QTR, STM32U5A9BJY6QTR, STM32U5A9J-DK, STM32U5A9NJH6Q, STM32U5A9VJT6Q, STM32U5A9ZJT6Q, STM32U5A9ZJY6QTR, STM32U5F7VIT6, STM32U5F7VIT6Q, STM32U5F7VJT6, STM32U5F7VJT6Q, STM32U5F9BJY6QTR, STM32U5F9NJH6Q, STM32U5F9VIT6Q, STM32U5F9VJT6Q, STM32U5F9ZIJ6QTR, STM32U5F9ZIT6Q, STM32U5F9ZJJ6QTR, STM32U5F9ZJT6Q, STM32U5G7VJT6, STM32U5G7VJT6Q, STM32U5G9BJY6QTR, STM32U5G9J-DK1, STM32U5G9J-DK2, STM32U5G9NJH6Q, STM32U5G9VJT6Q, STM32U5G9ZJJ6QTR, STM32U5G9ZJT6Q, STM32WB05KZV6TR, STM32WB05KZV7TR, STM32WB05TZF6TR, STM32WB05TZF7TR, STM32WB06CCF6TR, STM32WB06CCF7TR, STM32WB06CCV6TR, STM32WB06CCV7TR, STM32WB06KCV6TR, STM32WB06KCV7TR, STM32WB07CCF6TR, STM32WB07CCF7TR, STM32WB07CCV6TR, STM32WB07CCV7TR, STM32WB07KCV6TR, STM32WB07KCV7TR, STM32WB09KEV6TR, STM32WB09KEV7TR, STM32WB09TEF6TR, STM32WB09TEF7TR, STM32WB1MMCH6, STM32WBA50KGU6, STM32WBA50KGU6TR, STM32WBA52CEU6, STM32WBA52CEU6TR, STM32WBA52CEU7, STM32WBA52CEU7TR, STM32WBA52CGU6, STM32WBA52CGU6TR, STM32WBA52CGU6U, STM32WBA52CGU7, STM32WBA52CGU7TR, STM32WBA52KEU6, STM32WBA52KEU6TR, STM32WBA52KGU6, STM32WBA52KGU6TR, STM32WBA54CEU6, STM32WBA54CEU6TR, STM32WBA54CEU7, STM32WBA54CEU7TR, STM32WBA54CGU6, STM32WBA54CGU6TR, STM32WBA54CGU7, STM32WBA54CGU7TR, STM32WBA54KEU6, STM32WBA54KEU6TR, STM32WBA54KEU7, STM32WBA54KEU7TR, STM32WBA54KGU6, STM32WBA54KGU6TR, STM32WBA54KGU7, STM32WBA54KGU7TR, STM32WBA55CEU6, STM32WBA55CEU6TR, STM32WBA55CEU7, STM32WBA55CEU7TR, STM32WBA55CGU6, STM32WBA55CGU6TR, STM32WBA55CGU6U, STM32WBA55CGU7, STM32WBA55CGU7TR, STM32WBA55G-DK1, STM32WBA55HEF6, STM32WBA55HEF7, STM32WBA55HGF6, STM32WBA55HGF7, STM32WBA55UEI6, STM32WBA55UEI6TR, STM32WBA55UEI7, STM32WBA55UEI7TR, STM32WBA55UGI6, STM32WBA55UGI6TR, STM32WBA55UGI7, STM32WBA55UGI7TR, STM32WL5MOCH6, STM32WL5MOCH6TR]
2026-03-17 11:31:15,508 [INFO] DbMcus:218 - Found 5045 MCUs, 4958 are supported
2026-03-17 11:31:15,512 [INFO] ApiDb:423 - Load user favorites file C:\Users\DELL/.stm32cubeide/favorites.mcus.txt: 0 item(s)
2026-03-17 11:31:15,514 [INFO] ApiDb:427 - User favorites MCUs=[]
2026-03-17 11:31:15,515 [INFO] DbMcus:224 - Set 0 / 0 favorites MCUs
2026-03-17 11:31:17,806 [INFO] ApiDb:668 - CubeFinder database Data Model version=2.1
2026-03-17 11:31:17,807 [INFO] ApiDb:669 - CubeFinder database Configuration version=3.0.42
2026-03-17 11:31:17,807 [INFO] ApiDb:670 - CubeFinder database generation date=2026-03-11 (1773229989)
2026-03-17 11:31:17,808 [INFO] ApiDb:671 - CubeFinder database FW Pack versions=[FP-ATR-ASTRA1_V2.0.0, FP-SNS-FLIGHT1_V5.1.0, FP-SNS-MOTENV1_V5.1.0, FP-SNS-MOTENVWB1_V1.5.0, FP-SNS-SMARTAG2_V1.2.0, FP-SNS-STBOX1_V2.1.0, STM32Cube_FW_C0_V1.4.0, STM32Cube_FW_F4_V1.28.3, STM32Cube_FW_F7_V1.17.4, STM32Cube_FW_G0_V1.6.3, STM32Cube_FW_G4_V1.6.2, STM32Cube_FW_H5_V1.6.0, STM32Cube_FW_H7RS_V1.3.0, STM32Cube_FW_H7_V1.13.0, STM32Cube_FW_L0_V1.12.2, STM32Cube_FW_L4_V1.18.2, STM32Cube_FW_L5_V1.6.0, STM32Cube_FW_N6_V1.3.0, STM32Cube_FW_U0_V1.3.0, STM32Cube_FW_U3_V1.3.0, STM32Cube_FW_U5_V1.8.0, STM32Cube_FW_WB0_V1.4.0, STM32Cube_FW_WBA_V1.9.0, STM32Cube_FW_WB_V1.24.0, STM32Cube_FW_WL3_V1.4.0, STM32Cube_FW_WL_V1.5.0, X-CUBE-ALGOBUILD_V1.4.0, X-CUBE-ALS_V1.0.2, X-CUBE-AZRTOS-F4_V1.1.0, X-CUBE-AZRTOS-F7_V1.1.0, X-CUBE-AZRTOS-G0_V1.1.0, X-CUBE-AZRTOS-G4_V2.0.0, X-CUBE-AZRTOS-H7RS_V1.1.0, X-CUBE-AZRTOS-H7_V3.4.0, X-CUBE-AZRTOS-L4_V2.0.0, X-CUBE-AZRTOS-L5_V2.0.0, X-CUBE-AZRTOS-WB_V2.0.0, X-CUBE-AZRTOS-WL_V2.0.0, X-CUBE-BLE1_V7.1.0, X-CUBE-BLE2_V3.3.0, X-CUBE-BLEMGR_V4.1.0, X-CUBE-EEPRMA1_V5.2.0, X-CUBE-FREERTOS_V1.5.0, X-CUBE-GNSS1_V6.0.0, X-CUBE-MEMS1_V12.0.0, X-CUBE-NFC4_V3.0.0, X-CUBE-NFC7_V2.0.0, X-CUBE-SFXS2LP1_V4.0.0, X-CUBE-ST67W61_V1.2.0, X-CUBE-SUBG2_V5.0.0, X-CUBE-TOF1_V3.4.3]
2026-03-17 11:31:17,971 [INFO] DbBoardsSqlite:226 - include board P-NUCLEO-WB55-NUCLEO as a kit item of type 'Nucleo-64'
2026-03-17 11:31:17,973 [INFO] DbBoardsSqlite:226 - include board P-NUCLEO-WB55-USBDONGLE as a kit item of type 'Nucleo USB Dongle'
2026-03-17 11:31:17,974 [INFO] DbBoardsSqlite:226 - include board STEVAL-IDP005V1 as a kit item of type 'Evaluation Board'
2026-03-17 11:31:17,975 [INFO] DbBoardsSqlite:226 - include board STEVAL-IDP005V2 as a kit item of type 'Evaluation Board'
2026-03-17 11:31:18,199 [INFO] ApiDb:240 - Found 646 in-development CPN: [B-G473E-ZEST1S, B-WB1M-WPAN1, B-WL5M-SUBG1, NUCLEO-C031C6, NUCLEO-C071RB, NUCLEO-H503RB, NUCLEO-H533RE, NUCLEO-H563ZI, NUCLEO-H7S3L8, NUCLEO-U031R8, NUCLEO-U083RC, NUCLEO-U545RE-Q, NUCLEO-U5A5ZJ-Q, NUCLEO-WB05KZ, NUCLEO-WB07CC, NUCLEO-WB09KE, NUCLEO-WBA52CG, NUCLEO-WBA55CG, STEVAL-PROTEUS1, STEVAL-SMARTAG2, STEVAL-STWINBX1, STM320518-EVAL, STM32C0116-DK, STM32C011D6Y3TR, STM32C011D6Y6TR, STM32C011F4P3, STM32C011F4P6, STM32C011F4U3, STM32C011F4U6TR, STM32C011F6P3, STM32C011F6P6, STM32C011F6U3, STM32C011F6U6TR, STM32C011J4M3, STM32C011J4M6, STM32C011J6M3, STM32C011J6M6, STM32C0316-DK, STM32C031C4T3, STM32C031C4T6, STM32C031C4U3, STM32C031C4U6, STM32C031C6T3, STM32C031C6T6, STM32C031C6U3, STM32C031C6U6, STM32C031F4P3, STM32C031F4P6, STM32C031F6P3, STM32C031F6P6, STM32C031G4U3, STM32C031G4U6, STM32C031G6U3, STM32C031G6U6, STM32C031K4T3, STM32C031K4T6, STM32C031K4U3, STM32C031K4U6, STM32C031K6T3, STM32C031K6T6, STM32C031K6U3, STM32C031K6U6, STM32C071C8T6, STM32C071C8T6N, STM32C071C8U6, STM32C071C8U6N, STM32C071CBT6, STM32C071CBT6N, STM32C071CBU6, STM32C071CBU6N, STM32C071F8P6, STM32C071F8P6N, STM32C071FBP6, STM32C071FBP6N, STM32C071FBY6TR, STM32C071G8U6, STM32C071G8U6N, STM32C071GBU6, STM32C071GBU6N, STM32C071K8T6, STM32C071K8T6N, STM32C071K8U6, STM32C071K8U6N, STM32C071KBT6, STM32C071KBT6N, STM32C071KBU6, STM32C071KBU6N, STM32C071R8T6, STM32C071R8T6N, STM32C071RBI6N, STM32C071RBT6, STM32C071RBT6N, STM32G071K8TXN, STM32G071K8UXN, STM32G081GBU6N, STM32G081KBT6N, STM32G081KBUXN, STM32G0B1CCT6N, STM32G0B1KCT6, STM32G0B1NEY6TR, STM32G0B1RCT6N, STM32G0C1CCT6, STM32G0C1CCT6N, STM32G0C1CCU6N, STM32G0C1CET6N, STM32G0C1CEU6N, STM32G0C1KCT6, STM32G0C1NEY6TR, STM32G0C1RCI6N, STM32G0C1RCT6N, STM32G0C1REI6N, STM32G0C1RET6N, STM32G0C1VCI6, STM32G0C1VEI6, STM32G411C6T3, STM32G411C6T6, STM32G411C6U3, STM32G411C6U6, STM32G411C8T3, STM32G411C8T6, STM32G411C8U3, STM32G411C8U6, STM32G411CBT3, STM32G411CBT6, STM32G411CBU3, STM32G411CBU6, STM32G411K6T3, STM32G411K6T6, STM32G411K6U3, STM32G411K6U6, STM32G411K8T3, STM32G411K8T6, STM32G411K8U3, STM32G411K8U6, STM32G411KBT3, STM32G411KBT6, STM32G411KBU3, STM32G411KBU6, STM32G411M6T3, STM32G411M6T6, STM32G411M8T3, STM32G411M8T6, STM32G411MBT3, STM32G411MBT6, STM32G411R6T3, STM32G411R6T6, STM32G411R8T3, STM32G411R8T6, STM32G411RBT3, STM32G411RBT6, STM32G414CBT3, STM32G414CBT6, STM32G414CBU3, STM32G414CBU6, STM32G414CCT3, STM32G414CCT6, STM32G414CCU3, STM32G414CCU6, STM32G414MBT3, STM32G414MBT6, STM32G414MCT3, STM32G414MCT6, STM32G414RBT3, STM32G414RBT6, STM32G414RCT3, STM32G414RCT6, STM32G414VBT3, STM32G414VBT6, STM32G414VCT3, STM32G414VCT6, STM32G431CBT3Z, STM32G431RBT3Z, STM32G471CCT6, STM32G471CCU6, STM32G471CET3, STM32G471CET6, STM32G471CEU3, STM32G471CEU6, STM32G471MCT6, STM32G471MET3, STM32G471MET6, STM32G471MEY6TR, STM32G471QCT6, STM32G471QET3, STM32G471RCT6, STM32G471RET3, STM32G471RET6, STM32G471VCH6, STM32G471VCI6, STM32G471VCT6, STM32G471VEH3, STM32G471VEH6, STM32G471VEI3, STM32G471VEI6, STM32G471VET3, STM32G471VET6, STM32G473QET3Z, STM32G473RET3Z, STM32G474CCT6, STM32G491RET3Z, STM32H503CBT6, STM32H503CBU6, STM32H503EBY6TR, STM32H503KBU6, STM32H503RBT6, STM32H523CCT6, STM32H523CCU6, STM32H523CET6, STM32H523CEU6, STM32H523HEY6TR, STM32H523RCT6, STM32H523RET6, STM32H523VCI6, STM32H523VCT6, STM32H523VEI6, STM32H523VET6, STM32H523ZCJ6, STM32H523ZCT6, STM32H523ZEJ6, STM32H523ZET6, STM32H533CET6, STM32H533CEU6, STM32H533HEY6TR, STM32H533RET6, STM32H533VEI6, STM32H533VET6, STM32H533ZEJ6, STM32H533ZET6, STM32H562AGI6, STM32H562AII6, STM32H562IGK6, STM32H562IGT6, STM32H562IIK6, STM32H562IIT6, STM32H562RGT6, STM32H562RGV6, STM32H562RIT6, STM32H562RIV6, STM32H562VGT6, STM32H562VIT6, STM32H562ZGT6, STM32H562ZIT6, STM32H563AGI6, STM32H563AII3Q, STM32H563AII6, STM32H563IGK6, STM32H563IGT6, STM32H563IIK3Q, STM32H563IIK6, STM32H563IIT3Q, STM32H563IIT6, STM32H563MIY3QTR, STM32H563RGT6, STM32H563RGV6, STM32H563RIT6, STM32H563RIV6, STM32H563VGT6, STM32H563VIT3Q, STM32H563VIT6, STM32H563ZGT6, STM32H563ZIT3Q, STM32H563ZIT6, STM32H573AII3Q, STM32H573AII6, STM32H573I-DK, STM32H573IIK3Q, STM32H573IIK6, STM32H573IIT3Q, STM32H573IIT6, STM32H573MIY3QTR, STM32H573RIT6, STM32H573RIV6, STM32H573VIT3Q, STM32H573VIT6, STM32H573ZIT3Q, STM32H573ZIT6, STM32H7R3A8I6, STM32H7R3I8K6, STM32H7R3I8T6, STM32H7R3L8H6, STM32H7R3L8H6H, STM32H7R3R8V6, STM32H7R3V8H6, STM32H7R3V8T6, STM32H7R3V8Y6TR, STM32H7R3Z8J6, STM32H7R3Z8T6, STM32H7R7A8I6, STM32H7R7I8K6, STM32H7R7I8T6, STM32H7R7L8H6, STM32H7R7L8H6H, STM32H7R7Z8J6, STM32H7S3A8I6, STM32H7S3I8K6, STM32H7S3I8T6, STM32H7S3L8H6, STM32H7S3L8H6H, STM32H7S3R8V6, STM32H7S3V8H6, STM32H7S3V8T6, STM32H7S3V8Y6TR, STM32H7S3Z8J6, STM32H7S3Z8T6, STM32H7S78-DK, STM32H7S7A8I6, STM32H7S7I8K6, STM32H7S7I8T6, STM32H7S7L8H6, STM32H7S7L8H6H, STM32H7S7Z8J6, STM32L4R5QGI6STR, STM32MP131AAE3, STM32MP131AAF3, STM32MP131AAG3, STM32MP131CAE3, STM32MP131CAF3, STM32MP131CAG3, STM32MP131DAE7, STM32MP131DAF7, STM32MP131DAG7, STM32MP131FAE7, STM32MP131FAF7, STM32MP131FAG7, STM32MP133AAE3, STM32MP133AAF3, STM32MP133AAG3, STM32MP133CAE3, STM32MP133CAF3, STM32MP133CAG3, STM32MP133DAE7, STM32MP133DAF7, STM32MP133DAG7, STM32MP133FAE7, STM32MP133FAF7, STM32MP133FAG7, STM32MP135AAE3, STM32MP135AAF3, STM32MP135AAG3, STM32MP135CAE3, STM32MP135CAF3, STM32MP135CAG3, STM32MP135DAE7, STM32MP135DAF7, STM32MP135DAG7, STM32MP135F-DK, STM32MP135FAE7, STM32MP135FAF7, STM32MP135FAF7T, STM32MP135FAF7U, STM32MP135FAG7, STM32MP251AAI3, STM32MP251AAK3, STM32MP251AAL3, STM32MP251CAI3, STM32MP251CAK3, STM32MP251CAL3, STM32MP251DAI3, STM32MP251DAK3, STM32MP251DAL3, STM32MP251FAI3, STM32MP251FAK3, STM32MP251FAL3, STM32MP253AAI3, STM32MP253AAK3, STM32MP253AAL3, STM32MP253CAI3, STM32MP253CAK3, STM32MP253CAL3, STM32MP253DAI3, STM32MP253DAK3, STM32MP253DAL3, STM32MP253FAI3, STM32MP253FAK3, STM32MP253FAL3, STM32MP255AAI3, STM32MP255AAK3, STM32MP255AAL3, STM32MP255CAI3, STM32MP255CAK3, STM32MP255CAL3, STM32MP255DAI3, STM32MP255DAK3, STM32MP255DAL3, STM32MP255FAI3, STM32MP255FAK3, STM32MP255FAL3, STM32MP257AAI3, STM32MP257AAK3, STM32MP257AAL3, STM32MP257CAI3, STM32MP257CAK3, STM32MP257CAL3, STM32MP257DAI3, STM32MP257DAK3, STM32MP257DAL3, STM32MP257F-DK, STM32MP257F-EV1, STM32MP257FAI3, STM32MP257FAK3, STM32MP257FAL3, STM32U031C6T6, STM32U031C6U6, STM32U031C8T6, STM32U031C8U6, STM32U031F4P6, STM32U031F6P6, STM32U031F8P6, STM32U031G6Y6TR, STM32U031G8Y6TR, STM32U031K4U6, STM32U031K6U6, STM32U031K8U6, STM32U031R6I6, STM32U031R6T6, STM32U031R8I6, STM32U031R8T6, STM32U073C8T6, STM32U073C8U6, STM32U073CBT6, STM32U073CBU6, STM32U073CCT6, STM32U073CCU6, STM32U073H8Y6TR, STM32U073HBY6TR, STM32U073HCY6TR, STM32U073K8U6, STM32U073KBU6, STM32U073KCU6, STM32U073M8I6, STM32U073M8T6, STM32U073MBI6, STM32U073MBT6, STM32U073MCI6, STM32U073MCT6, STM32U073R8I6, STM32U073R8T6, STM32U073RBI6, STM32U073RBT6, STM32U073RCI6, STM32U073RCT6, STM32U083C-DK, STM32U083CCT6, STM32U083CCU6, STM32U083HCY6TR, STM32U083KCU6, STM32U083MCI6, STM32U083MCT6, STM32U083RCI6, STM32U083RCT6, STM32U535CBT6, STM32U535CBT6Q, STM32U535CBU6, STM32U535CBU6Q, STM32U535CCT6, STM32U535CCT6Q, STM32U535CCU6, STM32U535CCU6Q, STM32U535CET6, STM32U535CET6Q, STM32U535CEU6, STM32U535CEU6Q, STM32U535JEY6QTR, STM32U535NCY6QTR, STM32U535NEY6QTR, STM32U535RBI6, STM32U535RBI6Q, STM32U535RBT6, STM32U535RBT6Q, STM32U535RCI6, STM32U535RCI6Q, STM32U535RCT6, STM32U535RCT6Q, STM32U535REI6, STM32U535REI6Q, STM32U535RET6, STM32U535RET6Q, STM32U535VCI6, STM32U535VCI6Q, STM32U535VCT6, STM32U535VCT6Q, STM32U535VEI6, STM32U535VEI6Q, STM32U535VET6, STM32U535VET6Q, STM32U545CET6, STM32U545CET6Q, STM32U545CEU6, STM32U545CEU6Q, STM32U545JEY6QTR, STM32U545NEY6QTR, STM32U545REI6, STM32U545REI6Q, STM32U545RET6, STM32U545RET6Q, STM32U545VEI6, STM32U545VEI6Q, STM32U545VET6, STM32U545VET6Q, STM32U595AIH6, STM32U595AIH6Q, STM32U595AJH6, STM32U595AJH6Q, STM32U595QII6, STM32U595QII6Q, STM32U595QJI6, STM32U595QJI6Q, STM32U595RIT6, STM32U595RIT6Q, STM32U595RJT6, STM32U595RJT6Q, STM32U595VIT6, STM32U595VIT6Q, STM32U595VJT6, STM32U595VJT6Q, STM32U595ZIT6, STM32U595ZIT6Q, STM32U595ZIY6QTR, STM32U595ZJT6, STM32U595ZJT6Q, STM32U595ZJY6QTR, STM32U599BJY6QTR, STM32U599NIH6Q, STM32U599NJH6Q, STM32U599VIT6Q, STM32U599VJT6, STM32U599VJT6Q, STM32U599ZIT6Q, STM32U599ZIY6QTR, STM32U599ZJT6Q, STM32U599ZJY6QTR, STM32U5A5AJH6, STM32U5A5AJH6Q, STM32U5A5QII3Q , STM32U5A5QJI6, STM32U5A5QJI6Q, STM32U5A5RJT6, STM32U5A5RJT6Q, STM32U5A5VJT6, STM32U5A5VJT6Q, STM32U5A5ZJT6, STM32U5A5ZJT6Q, STM32U5A5ZJY6QTR, STM32U5A9BJY6QTR, STM32U5A9J-DK, STM32U5A9NJH6Q, STM32U5A9VJT6Q, STM32U5A9ZJT6Q, STM32U5A9ZJY6QTR, STM32U5F7VIT6, STM32U5F7VIT6Q, STM32U5F7VJT6, STM32U5F7VJT6Q, STM32U5F9BJY6QTR, STM32U5F9NJH6Q, STM32U5F9VIT6Q, STM32U5F9VJT6Q, STM32U5F9ZIJ6QTR, STM32U5F9ZIT6Q, STM32U5F9ZJJ6QTR, STM32U5F9ZJT6Q, STM32U5G7VJT6, STM32U5G7VJT6Q, STM32U5G9BJY6QTR, STM32U5G9J-DK1, STM32U5G9J-DK2, STM32U5G9NJH6Q, STM32U5G9VJT6Q, STM32U5G9ZJJ6QTR, STM32U5G9ZJT6Q, STM32WB05KZV6TR, STM32WB05KZV7TR, STM32WB05TZF6TR, STM32WB05TZF7TR, STM32WB06CCF6TR, STM32WB06CCF7TR, STM32WB06CCV6TR, STM32WB06CCV7TR, STM32WB06KCV6TR, STM32WB06KCV7TR, STM32WB07CCF6TR, STM32WB07CCF7TR, STM32WB07CCV6TR, STM32WB07CCV7TR, STM32WB07KCV6TR, STM32WB07KCV7TR, STM32WB09KEV6TR, STM32WB09KEV7TR, STM32WB09TEF6TR, STM32WB09TEF7TR, STM32WB1MMCH6, STM32WBA50KGU6, STM32WBA50KGU6TR, STM32WBA52CEU6, STM32WBA52CEU6TR, STM32WBA52CEU7, STM32WBA52CEU7TR, STM32WBA52CGU6, STM32WBA52CGU6TR, STM32WBA52CGU6U, STM32WBA52CGU7, STM32WBA52CGU7TR, STM32WBA52KEU6, STM32WBA52KEU6TR, STM32WBA52KGU6, STM32WBA52KGU6TR, STM32WBA54CEU6, STM32WBA54CEU6TR, STM32WBA54CEU7, STM32WBA54CEU7TR, STM32WBA54CGU6, STM32WBA54CGU6TR, STM32WBA54CGU7, STM32WBA54CGU7TR, STM32WBA54KEU6, STM32WBA54KEU6TR, STM32WBA54KEU7, STM32WBA54KEU7TR, STM32WBA54KGU6, STM32WBA54KGU6TR, STM32WBA54KGU7, STM32WBA54KGU7TR, STM32WBA55CEU6, STM32WBA55CEU6TR, STM32WBA55CEU7, STM32WBA55CEU7TR, STM32WBA55CGU6, STM32WBA55CGU6TR, STM32WBA55CGU6U, STM32WBA55CGU7, STM32WBA55CGU7TR, STM32WBA55G-DK1, STM32WBA55HEF6, STM32WBA55HEF7, STM32WBA55HGF6, STM32WBA55HGF7, STM32WBA55UEI6, STM32WBA55UEI6TR, STM32WBA55UEI7, STM32WBA55UEI7TR, STM32WBA55UGI6, STM32WBA55UGI6TR, STM32WBA55UGI7, STM32WBA55UGI7TR, STM32WL5MOCH6, STM32WL5MOCH6TR]
2026-03-17 11:31:18,465 [INFO] BoardInfo:889 - No configuration file found for board B-WBA5M-WPAN
2026-03-17 11:31:18,467 [INFO] DbBoards:161 - Board is not supported: B-WBA5M-WPAN
2026-03-17 11:31:18,478 [INFO] BoardInfo:889 - No configuration file found for board NUCLEO-C051C8
2026-03-17 11:31:18,480 [INFO] DbBoards:161 - Board is not supported: NUCLEO-C051C8
2026-03-17 11:31:18,489 [INFO] BoardInfo:889 - No configuration file found for board NUCLEO-C092RC
2026-03-17 11:31:18,491 [INFO] DbBoards:161 - Board is not supported: NUCLEO-C092RC
2026-03-17 11:31:18,642 [INFO] BoardInfo:889 - No configuration file found for board NUCLEO-H5E5ZJ
2026-03-17 11:31:18,644 [INFO] DbBoards:161 - Board is not supported: NUCLEO-H5E5ZJ
2026-03-17 11:31:18,739 [INFO] BoardInfo:889 - No configuration file found for board NUCLEO-N657X0-Q
2026-03-17 11:31:18,740 [INFO] DbBoards:161 - Board is not supported: NUCLEO-N657X0-Q
2026-03-17 11:31:18,748 [INFO] BoardInfo:889 - No configuration file found for board NUCLEO-U385RG-Q
2026-03-17 11:31:18,749 [INFO] DbBoards:161 - Board is not supported: NUCLEO-U385RG-Q
2026-03-17 11:31:18,752 [INFO] BoardInfo:889 - No configuration file found for board NUCLEO-U3C5ZI-Q
2026-03-17 11:31:18,754 [INFO] DbBoards:161 - Board is not supported: NUCLEO-U3C5ZI-Q
2026-03-17 11:31:18,781 [INFO] BoardInfo:889 - No configuration file found for board NUCLEO-WBA25CE1
2026-03-17 11:31:18,783 [INFO] DbBoards:161 - Board is not supported: NUCLEO-WBA25CE1
2026-03-17 11:31:18,794 [INFO] BoardInfo:889 - No configuration file found for board NUCLEO-WBA65RI
2026-03-17 11:31:18,795 [INFO] DbBoards:161 - Board is not supported: NUCLEO-WBA65RI
2026-03-17 11:31:18,798 [INFO] BoardInfo:889 - No configuration file found for board NUCLEO-WL33CC1
2026-03-17 11:31:18,799 [INFO] DbBoards:161 - Board is not supported: NUCLEO-WL33CC1
2026-03-17 11:31:18,802 [INFO] BoardInfo:889 - No configuration file found for board NUCLEO-WL33CC2
2026-03-17 11:31:18,803 [INFO] DbBoards:161 - Board is not supported: NUCLEO-WL33CC2
2026-03-17 11:31:18,806 [INFO] BoardInfo:889 - No configuration file found for board NUCLEO-WL3RKB1
2026-03-17 11:31:18,807 [INFO] DbBoards:161 - Board is not supported: NUCLEO-WL3RKB1
2026-03-17 11:31:18,810 [INFO] BoardInfo:889 - No configuration file found for board NUCLEO-WL3RKB2
2026-03-17 11:31:18,812 [INFO] DbBoards:161 - Board is not supported: NUCLEO-WL3RKB2
2026-03-17 11:31:18,828 [INFO] BoardInfo:889 - No configuration file found for board P-NUCLEO-WB55
2026-03-17 11:31:18,830 [INFO] DbBoards:161 - Kit is not supported: P-NUCLEO-WB55
2026-03-17 11:31:18,847 [INFO] BoardInfo:889 - No configuration file found for board STEVAL-BFA001V1B
2026-03-17 11:31:18,849 [INFO] DbBoards:161 - Kit is not supported: STEVAL-BFA001V1B
2026-03-17 11:31:18,852 [INFO] BoardInfo:889 - No configuration file found for board STEVAL-BFA001V2B
2026-03-17 11:31:18,853 [INFO] DbBoards:161 - Kit is not supported: STEVAL-BFA001V2B
2026-03-17 11:31:19,085 [INFO] BoardInfo:889 - No configuration file found for board STM32H5F5J-DK
2026-03-17 11:31:19,087 [INFO] DbBoards:161 - Board is not supported: STM32H5F5J-DK
2026-03-17 11:31:19,220 [INFO] BoardInfo:889 - No configuration file found for board STM32MP215F-DK
2026-03-17 11:31:19,221 [INFO] DbBoards:161 - Board is not supported: STM32MP215F-DK
2026-03-17 11:31:19,232 [INFO] BoardInfo:889 - No configuration file found for board STM32N6570-DK
2026-03-17 11:31:19,233 [INFO] DbBoards:161 - Board is not supported: STM32N6570-DK
2026-03-17 11:31:19,262 [INFO] BoardInfo:889 - No configuration file found for board STM32WBA65I-DK1
2026-03-17 11:31:19,263 [INFO] DbBoards:161 - Board is not supported: STM32WBA65I-DK1
2026-03-17 11:31:19,264 [INFO] DbBoards:168 - Found 218 boards, 198 are supported
2026-03-17 11:31:19,265 [INFO] DbBoards:169 - Found 218 boards, 25 of them is supported for  Bsp
2026-03-17 11:31:19,282 [INFO] ApiDb:414 - User favorites file not found: C:\Users\DELL/.stm32cubeide/favorites.boards.txt
2026-03-17 11:31:19,283 [INFO] DbBoards:198 - Set 0 / 0 favorites Boards
2026-03-17 11:31:19,289 [INFO] ApiDb:668 - CubeFinder database Data Model version=2.1
2026-03-17 11:31:19,290 [INFO] ApiDb:669 - CubeFinder database Configuration version=3.0.42
2026-03-17 11:31:19,290 [INFO] ApiDb:670 - CubeFinder database generation date=2026-03-11 (1773229989)
2026-03-17 11:31:19,291 [INFO] ApiDb:671 - CubeFinder database FW Pack versions=[FP-ATR-ASTRA1_V2.0.0, FP-SNS-FLIGHT1_V5.1.0, FP-SNS-MOTENV1_V5.1.0, FP-SNS-MOTENVWB1_V1.5.0, FP-SNS-SMARTAG2_V1.2.0, FP-SNS-STBOX1_V2.1.0, STM32Cube_FW_C0_V1.4.0, STM32Cube_FW_F4_V1.28.3, STM32Cube_FW_F7_V1.17.4, STM32Cube_FW_G0_V1.6.3, STM32Cube_FW_G4_V1.6.2, STM32Cube_FW_H5_V1.6.0, STM32Cube_FW_H7RS_V1.3.0, STM32Cube_FW_H7_V1.13.0, STM32Cube_FW_L0_V1.12.2, STM32Cube_FW_L4_V1.18.2, STM32Cube_FW_L5_V1.6.0, STM32Cube_FW_N6_V1.3.0, STM32Cube_FW_U0_V1.3.0, STM32Cube_FW_U3_V1.3.0, STM32Cube_FW_U5_V1.8.0, STM32Cube_FW_WB0_V1.4.0, STM32Cube_FW_WBA_V1.9.0, STM32Cube_FW_WB_V1.24.0, STM32Cube_FW_WL3_V1.4.0, STM32Cube_FW_WL_V1.5.0, X-CUBE-ALGOBUILD_V1.4.0, X-CUBE-ALS_V1.0.2, X-CUBE-AZRTOS-F4_V1.1.0, X-CUBE-AZRTOS-F7_V1.1.0, X-CUBE-AZRTOS-G0_V1.1.0, X-CUBE-AZRTOS-G4_V2.0.0, X-CUBE-AZRTOS-H7RS_V1.1.0, X-CUBE-AZRTOS-H7_V3.4.0, X-CUBE-AZRTOS-L4_V2.0.0, X-CUBE-AZRTOS-L5_V2.0.0, X-CUBE-AZRTOS-WB_V2.0.0, X-CUBE-AZRTOS-WL_V2.0.0, X-CUBE-BLE1_V7.1.0, X-CUBE-BLE2_V3.3.0, X-CUBE-BLEMGR_V4.1.0, X-CUBE-EEPRMA1_V5.2.0, X-CUBE-FREERTOS_V1.5.0, X-CUBE-GNSS1_V6.0.0, X-CUBE-MEMS1_V12.0.0, X-CUBE-NFC4_V3.0.0, X-CUBE-NFC7_V2.0.0, X-CUBE-SFXS2LP1_V4.0.0, X-CUBE-ST67W61_V1.2.0, X-CUBE-SUBG2_V5.0.0, X-CUBE-TOF1_V3.4.3]
2026-03-17 11:31:21,736 [ERROR] DbExamplesSqlite:437 - Missing JSON key: board_cpn
2026-03-17 11:31:21,737 [ERROR] DbExamplesSqlite:437 - Missing JSON key: board_cpn
2026-03-17 11:31:21,738 [ERROR] DbExamplesSqlite:437 - Missing JSON key: board_cpn
2026-03-17 11:31:21,739 [ERROR] DbExamplesSqlite:437 - Missing JSON key: board_cpn
2026-03-17 11:31:22,988 [ERROR] DbExamplesSqlite:437 - Missing JSON key: board_cpn
2026-03-17 11:31:22,989 [ERROR] DbExamplesSqlite:437 - Missing JSON key: board_cpn
2026-03-17 11:31:23,275 [INFO] DbExamplesSqlite:395 - Ignored 39 examples not supported by CubeIDE
2026-03-17 11:31:23,276 [INFO] DbExamplesSqlite:396 - Found 11210 examples active
2026-03-17 11:31:23,277 [INFO] DbExamplesSqlite:397 - Found 0 examples obsolete
2026-03-17 11:31:23,277 [INFO] DbExamplesSqlite:398 - Found 0 examples under development
2026-03-17 11:31:23,278 [INFO] DbExamplesSqlite:399 - Found 76 examples not building
2026-03-17 11:31:23,284 [INFO] DbExamples:125 - Found 11247 examples
2026-03-17 11:31:23,707 [ERROR] DbExamples:208 - Found 377 examples with invalid data (board or MCU)
2026-03-17 11:31:23,709 [INFO] DbExamples:222 - Found 140 boards with related examples
2026-03-17 11:31:23,714 [INFO] DbExamples:235 - Found 114 MCUs with related examples
2026-03-17 11:31:23,802 [INFO] ApiDb:414 - User favorites file not found: C:\Users\DELL/.stm32cubeide/favorites.examples.txt
2026-03-17 11:31:23,803 [INFO] DbExamples:250 - Set 0 / 0 favorites Examples
2026-03-17 11:31:24,888 [INFO] McuFinderGlobals:76 - Set McuFinderConnectedMode to true
2026-03-17 11:31:24,935 [INFO] MultiScanPanel:200 - Auto-refresh data requested => check proxy status ongoing
2026-03-17 11:31:24,946 [INFO] FinderPluginLoader:95 - Searching for filters in installed packs
2026-03-17 11:31:31,029 [INFO] LoadUrlFilesThread:185 - End of LoadServerUrlFiles without Thread
2026-03-17 11:31:31,075 [INFO] DetailPanel:341 - Set advertising image to C:/Users/DELL/STM32Cube/Repository/\en.prom-stm32c5-0326.jpg
2026-03-17 11:32:52,584 [INFO] WebApp:189 - Connection lost
2026-03-17 11:33:01,102 [INFO] WebApp:186 - Connection restablished
2026-03-17 11:33:03,683 [INFO] WebApp:189 - Connection lost
2026-03-17 11:33:04,797 [INFO] WebApp:186 - Connection restablished
2026-03-17 11:33:07,715 [INFO] WebApp:189 - Connection lost
2026-03-17 11:33:13,886 [INFO] WebApp:186 - Connection restablished
2026-03-17 11:33:14,800 [INFO] MetaSearchPanel:329 - Collapse all filters sections
2026-03-17 11:33:27,872 [INFO] WebApp:189 - Connection lost
2026-03-17 11:33:51,153 [INFO] WebApp:186 - Connection restablished
2026-03-17 11:34:14,299 [ERROR] LogOutputStream:75 - [STDERR_REDIRECT] 11:34:14.254 ERROR Chromium process exit code: -1,073,741,819
2026-03-17 11:34:14,302 [ERROR] LogOutputStream:75 - [STDERR_REDIRECT] 
2026-03-17 11:34:14,309 [ERROR] LogOutputStream:75 - [STDERR_REDIRECT] 11:34:14.304 ERROR Crash dump dir: C:\Users\DELL\AppData\Local\JxBrowser\7.38.2\CrashReports
2026-03-17 11:34:14,309 [ERROR] LogOutputStream:75 - [STDERR_REDIRECT] 
2026-03-17 11:34:14,316 [ERROR] WebApp:397 - JxBrowser engine crashed! Exit code: -1073741819
2026-03-17 11:35:57,589 [INFO] MainUpdater:2873 - connection check result : 10
2026-03-17 11:35:57,590 [INFO] MainUpdater:2873 - connection check result : 10
2026-03-17 11:35:57,917 [INFO] RulesReader:64 - Compatibility file has been processed (297 Rules)
2026-03-17 11:35:57,962 [INFO] RulesReader:64 - Compatibility file has been processed (297 Rules)
2026-03-17 11:35:58,329 [INFO] MicroXplorer:468 - Change Database Path : 
2026-03-17 11:35:58,330 [INFO] MicroXplorer:498 - Change Database Version : DB.6.0.121
2026-03-17 11:35:58,382 [WARN] ThirdParty:871 - waiting for thirdparty lock release [close project]
2026-03-17 11:35:58,383 [INFO] ThirdParty:873 - entering critical section [close project]
2026-03-17 11:35:58,405 [INFO] ThirdParty:883 - exiting critical section [close project]
2026-03-17 11:35:58,426 [INFO] PinOutPanel:1561 - setPackage(No Configuration,No Configuration)
2026-03-17 11:35:58,453 [INFO] UtilMem:75 - Begin LoadConfig() Used Memory: 794303640 Bytes (1073741824)
2026-03-17 11:35:58,509 [INFO] MicroXplorer:468 - Change Database Path : 
2026-03-17 11:35:58,510 [INFO] MicroXplorer:498 - Change Database Version : DB.6.0.121
2026-03-17 11:35:58,511 [INFO] OpenFileManager:332 - Change cursor
2026-03-17 11:35:58,591 [WARN] IntegrityCheckThread:84 - waiting for thirdparty lock release [integrity check]
2026-03-17 11:35:58,592 [INFO] IntegrityCheckThread:86 - entering critical section [integrity check]
2026-03-17 11:36:00,510 [WARN] PackLoader:240 - Cannot read IP mode file for STMicroelectronics.X-CUBE-AZRTOS-H7.3.5.0
2026-03-17 11:36:00,546 [WARN] PackLoader:240 - Cannot read IP mode file for STMicroelectronics.FP-ATR-ASTRA1.2.0.2
2026-03-17 11:36:00,571 [WARN] PackLoader:240 - Cannot read IP mode file for STMicroelectronics.X-CUBE-SMBUS.2.1.0
2026-03-17 11:36:00,621 [WARN] PackLoader:240 - Cannot read IP mode file for STMicroelectronics.X-CUBE-AZRTOS-F7.1.1.0
2026-03-17 11:36:00,644 [ERROR] Engine:466 - C:\Users\DELL\.stm32cubemx\thirdparties\pdsc\STMicroelectronics.FP-SNS-MOTENV1.5.1.0.pdsc: PDSC version is not supported
2026-03-17 11:36:00,660 [ERROR] Engine:466 - C:\Users\DELL\.stm32cubemx\thirdparties\pdsc\WES.I-CUBE-Cesium.1.4.0.pdsc: PDSC version is not supported
2026-03-17 11:36:00,692 [WARN] PackLoader:240 - Cannot read IP mode file for STMicroelectronics.X-CUBE-DISPLAY.3.0.0
2026-03-17 11:36:00,725 [ERROR] Engine:466 - C:\Users\DELL\.stm32cubemx\thirdparties\pdsc\STMicroelectronics.FP-SNS-MOTENVWB1.1.5.0.pdsc: PDSC version is not supported
2026-03-17 11:36:00,777 [WARN] PackLoader:240 - Cannot read IP mode file for STMicroelectronics.X-CUBE-NFC10.1.0.0
2026-03-17 11:36:00,800 [ERROR] Engine:466 - C:\Users\DELL\.stm32cubemx\thirdparties\pdsc\STMicroelectronics.X-CUBE-ST60.1.1.0.pdsc: PDSC version is not supported
2026-03-17 11:36:00,827 [WARN] PackLoader:240 - Cannot read IP mode file for emotas.I-CUBE-CANOPEN.1.3.0
2026-03-17 11:36:00,862 [WARN] PackLoader:240 - Cannot read IP mode file for STMicroelectronics.X-CUBE-GNSS1.7.1.0
2026-03-17 11:36:00,876 [ERROR] Engine:466 - C:\Users\DELL\.stm32cubemx\thirdparties\pdsc\STMicroelectronics.FP-SNS-STBOX1.2.1.0.pdsc: PDSC version is not supported
2026-03-17 11:36:00,896 [WARN] PackLoader:240 - Cannot read IP mode file for STMicroelectronics.FP-SNS-SMARTAG2.1.2.0
2026-03-17 11:36:00,906 [ERROR] Engine:466 - C:\Users\DELL\.stm32cubemx\thirdparties\pdsc\STMicroelectronics.FP-SNS-FLIGHT1.5.1.0.pdsc: PDSC version is not supported
2026-03-17 11:36:00,935 [INFO] LogOutputStream:77 - [STDOUT_REDIRECT] 1 : Invalid condition id : UX_CORESTACK_Condition cause : null
2026-03-17 11:36:00,937 [INFO] LogOutputStream:77 - [STDOUT_REDIRECT] 1 : Invalid condition id : UX_CORESTACK_Condition cause : null
2026-03-17 11:36:00,941 [INFO] LogOutputStream:77 - [STDOUT_REDIRECT] 1 : Invalid condition id : UX_CORESTACK_Condition cause : null
2026-03-17 11:36:00,946 [INFO] LogOutputStream:77 - [STDOUT_REDIRECT] 1 : Invalid condition id : UX_CORESTACK_Condition cause : null
2026-03-17 11:36:00,950 [INFO] LogOutputStream:77 - [STDOUT_REDIRECT] 1 : Invalid condition id : UX_CORESTACK_Condition cause : null
2026-03-17 11:36:00,957 [WARN] PackLoader:240 - Cannot read IP mode file for STMicroelectronics.X-CUBE-AZRTOS-WL.2.0.0
2026-03-17 11:36:01,006 [WARN] PackLoader:240 - Cannot read IP mode file for STMicroelectronics.X-CUBE-AZRTOS-H7RS.1.2.0
2026-03-17 11:36:01,028 [WARN] PackLoader:240 - Cannot read IP mode file for STMicroelectronics.X-CUBE-BLE2.3.3.0
2026-03-17 11:36:01,034 [ERROR] Engine:466 - C:\Users\DELL\.stm32cubemx\thirdparties\pdsc\Avnet-IOTCONNECT.X-CUBE-iotc-st67-sdk.1.0.0.pdsc: PDSC version is not supported
2026-03-17 11:36:01,079 [WARN] PackLoader:240 - Cannot read IP mode file for Infineon.AIROC-Wi-Fi-Bluetooth-STM32.1.8.0
2026-03-17 11:36:01,109 [WARN] PackLoader:240 - Cannot read IP mode file for STMicroelectronics.X-CUBE-NFC9.1.0.0
2026-03-17 11:36:01,131 [WARN] PackLoader:240 - Cannot read IP mode file for STMicroelectronics.X-CUBE-BLE1.7.1.0
2026-03-17 11:36:01,147 [WARN] PackLoader:240 - Cannot read IP mode file for wolfSSL.I-CUBE-wolfMQTT.1.19.2
2026-03-17 11:36:01,164 [WARN] PackLoader:240 - Cannot read IP mode file for STMicroelectronics.X-CUBE-EEPRMA1.5.2.0
2026-03-17 11:36:01,180 [WARN] PackLoader:240 - Cannot read IP mode file for wolfSSL.I-CUBE-wolfSSL.5.8.4
2026-03-17 11:36:01,188 [ERROR] Engine:466 - C:\Users\DELL\.stm32cubemx\thirdparties\pdsc\Cesanta.I-CUBE-Mongoose.7.20.0.pdsc: PDSC version is not supported
2026-03-17 11:36:01,298 [WARN] PackLoader:240 - Cannot read IP mode file for STMicroelectronics.X-CUBE-MEMS1.12.0.0
2026-03-17 11:36:01,662 [WARN] PackLoader:240 - Cannot read IP mode file for STMicroelectronics.X-CUBE-AZRTOS-G0.1.1.0
2026-03-17 11:36:01,684 [WARN] PackLoader:240 - Cannot read IP mode file for STMicroelectronics.X-CUBE-NFC4.3.0.0
2026-03-17 11:36:01,712 [WARN] PackLoader:240 - Cannot read IP mode file for EmbeddedOffice.I-CUBE-FS-RTOS.1.0.1
2026-03-17 11:36:01,712 [ERROR] ConditionMgr:805 - Attr not supported : Dmpu
2026-03-17 11:36:01,713 [ERROR] ConditionMgr:805 - Attr not supported : Dmpu
2026-03-17 11:36:01,713 [ERROR] ConditionMgr:805 - Attr not supported : Dmpu
2026-03-17 11:36:01,713 [ERROR] ConditionMgr:805 - Attr not supported : Dmpu
2026-03-17 11:36:01,713 [ERROR] ConditionMgr:805 - Attr not supported : Dmpu
2026-03-17 11:36:01,713 [ERROR] ConditionMgr:805 - Attr not supported : Dmpu
2026-03-17 11:36:01,714 [ERROR] ConditionMgr:805 - Attr not supported : Dmpu
2026-03-17 11:36:01,714 [ERROR] ConditionMgr:805 - Attr not supported : Dmpu
2026-03-17 11:36:01,714 [ERROR] ConditionMgr:805 - Attr not supported : Dmpu
2026-03-17 11:36:01,714 [ERROR] ConditionMgr:805 - Attr not supported : Dmpu
2026-03-17 11:36:01,714 [ERROR] ConditionMgr:805 - Attr not supported : Dmpu
2026-03-17 11:36:01,714 [ERROR] ConditionMgr:805 - Attr not supported : Dmpu
2026-03-17 11:36:01,714 [ERROR] ConditionMgr:805 - Attr not supported : Dmpu
2026-03-17 11:36:01,715 [ERROR] ConditionMgr:805 - Attr not supported : Dmpu
2026-03-17 11:36:01,715 [ERROR] ConditionMgr:805 - Attr not supported : Dmpu
2026-03-17 11:36:01,715 [ERROR] ConditionMgr:805 - Attr not supported : Dmpu
2026-03-17 11:36:01,715 [ERROR] ConditionMgr:805 - Attr not supported : Dmpu
2026-03-17 11:36:01,715 [ERROR] ConditionMgr:805 - Attr not supported : Dmpu
2026-03-17 11:36:01,715 [ERROR] ConditionMgr:805 - Attr not supported : Dmpu
2026-03-17 11:36:01,715 [ERROR] ConditionMgr:805 - Attr not supported : Dmpu
2026-03-17 11:36:01,716 [ERROR] ConditionMgr:805 - Attr not supported : Dmpu
2026-03-17 11:36:01,716 [ERROR] ConditionMgr:805 - Attr not supported : Dmpu
2026-03-17 11:36:01,716 [ERROR] ConditionMgr:805 - Attr not supported : Dmpu
2026-03-17 11:36:01,716 [ERROR] ConditionMgr:805 - Attr not supported : Dmpu
2026-03-17 11:36:01,716 [ERROR] ConditionMgr:805 - Attr not supported : Dmpu
2026-03-17 11:36:01,716 [ERROR] ConditionMgr:805 - Attr not supported : Dmpu
2026-03-17 11:36:01,716 [ERROR] ConditionMgr:805 - Attr not supported : Dmpu
2026-03-17 11:36:01,717 [ERROR] ConditionMgr:805 - Attr not supported : Dmpu
2026-03-17 11:36:01,717 [ERROR] ConditionMgr:805 - Attr not supported : Dmpu
2026-03-17 11:36:01,717 [ERROR] ConditionMgr:805 - Attr not supported : Dmpu
2026-03-17 11:36:01,717 [ERROR] ConditionMgr:805 - Attr not supported : Dmpu
2026-03-17 11:36:01,717 [ERROR] ConditionMgr:805 - Attr not supported : Dmpu
2026-03-17 11:36:01,717 [ERROR] ConditionMgr:805 - Attr not supported : Dmpu
2026-03-17 11:36:01,717 [ERROR] ConditionMgr:805 - Attr not supported : Dmpu
2026-03-17 11:36:01,717 [ERROR] ConditionMgr:805 - Attr not supported : Dmpu
2026-03-17 11:36:01,717 [ERROR] ConditionMgr:805 - Attr not supported : Dmpu
2026-03-17 11:36:01,719 [ERROR] ConditionMgr:805 - Attr not supported : Dmpu
2026-03-17 11:36:01,719 [ERROR] ConditionMgr:805 - Attr not supported : Dmpu
2026-03-17 11:36:01,720 [ERROR] ConditionMgr:805 - Attr not supported : Dmpu
2026-03-17 11:36:01,720 [ERROR] ConditionMgr:805 - Attr not supported : Dmpu
2026-03-17 11:36:01,720 [ERROR] ConditionMgr:805 - Attr not supported : Dmpu
2026-03-17 11:36:01,720 [ERROR] ConditionMgr:805 - Attr not supported : Dmpu
2026-03-17 11:36:01,721 [ERROR] ConditionMgr:805 - Attr not supported : Dmpu
2026-03-17 11:36:01,721 [ERROR] ConditionMgr:805 - Attr not supported : Dmpu
2026-03-17 11:36:01,721 [ERROR] ConditionMgr:805 - Attr not supported : Dmpu
2026-03-17 11:36:01,721 [ERROR] ConditionMgr:805 - Attr not supported : Dmpu
2026-03-17 11:36:01,721 [ERROR] ConditionMgr:805 - Attr not supported : Dmpu
2026-03-17 11:36:01,721 [ERROR] ConditionMgr:805 - Attr not supported : Dmpu
2026-03-17 11:36:01,722 [ERROR] ConditionMgr:805 - Attr not supported : Dmpu
2026-03-17 11:36:01,722 [ERROR] ConditionMgr:805 - Attr not supported : Dmpu
2026-03-17 11:36:01,722 [ERROR] ConditionMgr:805 - Attr not supported : Dmpu
2026-03-17 11:36:01,722 [ERROR] ConditionMgr:805 - Attr not supported : Dmpu
2026-03-17 11:36:01,722 [ERROR] ConditionMgr:805 - Attr not supported : Dmpu
2026-03-17 11:36:01,723 [ERROR] ConditionMgr:805 - Attr not supported : Dmpu
2026-03-17 11:36:01,723 [ERROR] ConditionMgr:805 - Attr not supported : Dmpu
2026-03-17 11:36:01,723 [ERROR] ConditionMgr:805 - Attr not supported : Dmpu
2026-03-17 11:36:01,723 [ERROR] ConditionMgr:805 - Attr not supported : Dmpu
2026-03-17 11:36:01,723 [ERROR] ConditionMgr:805 - Attr not supported : Dmpu
2026-03-17 11:36:01,724 [ERROR] ConditionMgr:805 - Attr not supported : Dmpu
2026-03-17 11:36:01,724 [ERROR] ConditionMgr:805 - Attr not supported : Dmpu
2026-03-17 11:36:01,724 [ERROR] ConditionMgr:805 - Attr not supported : Dmpu
2026-03-17 11:36:01,724 [ERROR] ConditionMgr:805 - Attr not supported : Dmpu
2026-03-17 11:36:01,724 [ERROR] ConditionMgr:805 - Attr not supported : Dmpu
2026-03-17 11:36:01,725 [ERROR] ConditionMgr:805 - Attr not supported : Dmpu
2026-03-17 11:36:01,739 [WARN] PackLoader:240 - Cannot read IP mode file for STMicroelectronics.X-CUBE-WB05N.2.0.0
2026-03-17 11:36:01,752 [WARN] PackLoader:240 - Cannot read IP mode file for wolfSSL.I-CUBE-wolfTPM.3.8.0
2026-03-17 11:36:01,760 [ERROR] Engine:466 - C:\Users\DELL\.stm32cubemx\thirdparties\pdsc\STMicroelectronics.X-CUBE-TCPP.4.2.0.pdsc: PDSC version is not supported
2026-03-17 11:36:01,776 [WARN] PackLoader:240 - Cannot read IP mode file for RealThread.X-CUBE-RT-Thread_Nano.4.1.1
2026-03-17 11:36:01,792 [WARN] PackLoader:240 - Cannot read IP mode file for STMicroelectronics.FP-ATR-SIGFOX1.3.2.0
2026-03-17 11:36:01,801 [ERROR] Engine:466 - C:\Users\DELL\.stm32cubemx\thirdparties\pdsc\STMicroelectronics.X-CUBE-FREERTOS.1.5.0.pdsc: PDSC version is not supported
2026-03-17 11:36:01,821 [WARN] PackLoader:240 - Cannot read IP mode file for ITTIA_DB.I-CUBE-ITTIADB.8.9.0
2026-03-17 11:36:01,841 [WARN] PackLoader:240 - Cannot read IP mode file for STMicroelectronics.X-CUBE-NFC6.3.2.0
2026-03-17 11:36:01,859 [WARN] PackLoader:240 - Cannot read IP mode file for STMicroelectronics.X-CUBE-AI.10.2.0
2026-03-17 11:36:01,923 [WARN] PackLoader:240 - Cannot read IP mode file for SEGGER.I-CUBE-embOS.1.3.1
2026-03-17 11:36:02,040 [WARN] PackLoader:240 - Cannot read IP mode file for STMicroelectronics.X-CUBE-ALGOBUILD.1.4.0
2026-03-17 11:36:02,054 [WARN] PackLoader:240 - Cannot read IP mode file for STMicroelectronics.X-CUBE-PM33A1.1.0.0
2026-03-17 11:36:02,100 [WARN] PackLoader:240 - Cannot read IP mode file for STMicroelectronics.X-CUBE-AZRTOS-F4.1.1.0
2026-03-17 11:36:02,125 [WARN] PackLoader:240 - Cannot read IP mode file for STMicroelectronics.X-CUBE-ISPU.2.1.0
2026-03-17 11:36:02,141 [ERROR] Engine:466 - C:\Users\DELL\.stm32cubemx\thirdparties\pdsc\STMicroelectronics.X-CUBE-IPS.3.2.0.pdsc: PDSC version is not supported
2026-03-17 11:36:02,165 [WARN] PackLoader:240 - Cannot read IP mode file for STMicroelectronics.X-CUBE-NFC12.1.0.0
2026-03-17 11:36:02,225 [WARN] PackLoader:240 - Cannot read IP mode file for STMicroelectronics.X-CUBE-AZRTOS-L5.2.0.0
2026-03-17 11:36:02,254 [WARN] PackLoader:240 - Cannot read IP mode file for STMicroelectronics.X-CUBE-TOUCHGFX.4.26.1
2026-03-17 11:36:02,268 [ERROR] Engine:466 - C:\Users\DELL\.stm32cubemx\thirdparties\pdsc\STMicroelectronics.FP-SNS-STAIOTCFT.1.0.0.pdsc: PDSC version is not supported
2026-03-17 11:36:02,289 [WARN] PackLoader:240 - Cannot read IP mode file for STMicroelectronics.X-CUBE-DPower.1.3.0
2026-03-17 11:36:02,354 [WARN] ConditionMgr:438 - getConditionDescription Invalid condition id : LAN8742 Phy interface Condition cause : null
2026-03-17 11:36:02,356 [WARN] PackLoader:240 - Cannot read IP mode file for STMicroelectronics.X-CUBE-AZRTOS-L4.2.0.0
2026-03-17 11:36:02,362 [WARN] ConditionMgr:1039 - genDependencies : Invalid condition id : LAN8742 Phy interface Condition cause : null
2026-03-17 11:36:02,364 [WARN] ConditionMgr:1039 - genDependencies : Invalid condition id : LAN8742 Phy interface Condition cause : null
2026-03-17 11:36:02,366 [WARN] ConditionMgr:1039 - genDependencies : Invalid condition id : LAN8742 Phy interface Condition cause : null
2026-03-17 11:36:02,394 [WARN] PackLoader:240 - Cannot read IP mode file for STMicroelectronics.X-CUBE-SFXS2LP1.4.0.0
2026-03-17 11:36:02,409 [ERROR] Engine:466 - C:\Users\DELL\.stm32cubemx\thirdparties\pdsc\STMicroelectronics.X-CUBE-ST67W61.1.2.0.pdsc: PDSC version is not supported
2026-03-17 11:36:02,422 [ERROR] Engine:466 - C:\Users\DELL\.stm32cubemx\thirdparties\pdsc\STMicroelectronics.X-CUBE-BLEMGR.4.1.0.pdsc: PDSC version is not supported
2026-03-17 11:36:02,459 [WARN] ConditionMgr:438 - getConditionDescription Invalid condition id : UX DEVICE CLASS RTOS Condition cause : null
2026-03-17 11:36:02,460 [WARN] ConditionMgr:438 - getConditionDescription Invalid condition id : UX DEVICE CLASS RTOS Condition cause : null
2026-03-17 11:36:02,469 [WARN] PackLoader:240 - Cannot read IP mode file for STMicroelectronics.X-CUBE-AZRTOS-WB.2.0.0
2026-03-17 11:36:02,472 [WARN] ConditionMgr:1039 - genDependencies : Invalid condition id : UX DEVICE CLASS RTOS Condition cause : null
2026-03-17 11:36:02,473 [WARN] ConditionMgr:1039 - genDependencies : Invalid condition id : UX DEVICE CLASS RTOS Condition cause : null
2026-03-17 11:36:02,476 [WARN] ConditionMgr:1039 - genDependencies : Invalid condition id : UX DEVICE CLASS RTOS Condition cause : null
2026-03-17 11:36:02,477 [WARN] ConditionMgr:1039 - genDependencies : Invalid condition id : UX DEVICE CLASS RTOS Condition cause : null
2026-03-17 11:36:02,479 [WARN] ConditionMgr:1039 - genDependencies : Invalid condition id : UX DEVICE CLASS RTOS Condition cause : null
2026-03-17 11:36:02,506 [WARN] ConditionMgr:438 - getConditionDescription Invalid condition id : Cortex-A Device cause : null
2026-03-17 11:36:02,603 [WARN] ConditionMgr:1039 - genDependencies : Invalid condition id : Cortex-A Device cause : null
2026-03-17 11:36:02,604 [WARN] ConditionMgr:1039 - genDependencies : Invalid condition id : Cortex-A Device cause : null
2026-03-17 11:36:02,605 [WARN] ConditionMgr:1039 - genDependencies : Invalid condition id : Cortex-A Device cause : null
2026-03-17 11:36:02,631 [WARN] PackLoader:240 - Cannot read IP mode file for STMicroelectronics.X-CUBE-STSE01.2.0.0
2026-03-17 11:36:02,682 [WARN] PackLoader:240 - Cannot read IP mode file for STMicroelectronics.X-CUBE-SUBG2.5.0.0
2026-03-17 11:36:02,738 [WARN] PackLoader:240 - Cannot read IP mode file for STMicroelectronics.X-CUBE-AZRTOS-G4.2.0.0
2026-03-17 11:36:02,770 [WARN] PackLoader:240 - Cannot read IP mode file for wolfSSL.I-CUBE-wolfSSH.1.4.20
2026-03-17 11:36:02,792 [WARN] PackLoader:240 - Cannot read IP mode file for STMicroelectronics.X-CUBE-NFC7.2.0.0
2026-03-17 11:36:02,825 [WARN] PackLoader:240 - Cannot read IP mode file for STMicroelectronics.X-CUBE-ALS.1.0.2
2026-03-17 11:36:02,845 [ERROR] Engine:466 - C:\Users\DELL\.stm32cubemx\thirdparties\pdsc\STMicroelectronics.X-CUBE-TOF1.3.4.3.pdsc: PDSC version is not supported
2026-03-17 11:36:02,847 [INFO] ThirdParty:978 - Integrity check success = true
2026-03-17 11:36:02,847 [INFO] IntegrityCheckThread:100 - exiting critical section [integrity check]
2026-03-17 11:36:02,848 [INFO] IntegrityCheckThread:103 - End integrity checks thread
2026-03-17 11:36:03,146 [INFO] Mcu:2032 - Initializing MCU STM32F103C8Tx STM32F103C8Tx STM32F103C8T6
2026-03-17 11:36:06,914 [INFO] Context:742 - Trying to add GPIOservice into a context  which must be forbidden
2026-03-17 11:36:07,637 [INFO] ImportTextPane:205 - (OptionalMessage_ERROR) Unable to find key (Mcu.ThirdPartyNb) in loaded IOC file
2026-03-17 11:36:07,637 [INFO] ImportTextPane:205 - (OptionalMessage_ERROR) Unable to find key (Mcu.PinsNb) in loaded IOC file
2026-03-17 11:36:07,638 [INFO] ImportTextPane:205 - (OptionalMessage_ERROR) Unable to find key (Mcu.IPNb) in loaded IOC file
2026-03-17 11:36:08,215 [INFO] RtosManager:555 - Registered RTOS mode: class=CMSIS, group=RTOS, mode=CMSIS_V1, owner=FREERTOS
2026-03-17 11:36:08,216 [INFO] RtosManager:555 - Registered RTOS mode: class=CMSIS, group=RTOS2, mode=CMSIS_V2, owner=FREERTOS
2026-03-17 11:36:08,217 [INFO] RtosManager:555 - Registered RTOS mode: class=RTOS, group=Core, mode=CMSIS_V1, owner=FREERTOS
2026-03-17 11:36:08,218 [INFO] RtosManager:555 - Registered RTOS mode: class=RTOS, group=Core, mode=CMSIS_V2, owner=FREERTOS
2026-03-17 11:36:08,220 [WARN] ModelIntegratedComponent:184 - Missing modes for component STMicroelectronics:FreeRTOS:0.0.1:STMicroelectronics:RTOS:FreeRTOS:Core:::10.2.0:
2026-03-17 11:36:08,275 [WARN] ModelIntegratedComponent:63 - No mode defined for component null
2026-03-17 11:36:08,276 [WARN] ModelIntegratedComponent:63 - No mode defined for component null
2026-03-17 11:36:08,277 [WARN] ModelIntegratedComponent:63 - No mode defined for component null
2026-03-17 11:36:08,277 [WARN] ModelIntegratedComponent:63 - No mode defined for component null
2026-03-17 11:36:08,278 [WARN] ModelIntegratedComponent:63 - No mode defined for component null
2026-03-17 11:36:08,278 [WARN] ModelIntegratedComponent:63 - No mode defined for component null
2026-03-17 11:36:08,279 [WARN] ModelIntegratedComponent:63 - No mode defined for component null
2026-03-17 11:36:08,279 [WARN] ModelIntegratedComponent:63 - No mode defined for component null
2026-03-17 11:36:08,279 [WARN] ModelIntegratedComponent:63 - No mode defined for component null
2026-03-17 11:36:08,279 [WARN] ModelIntegratedComponent:63 - No mode defined for component null
2026-03-17 11:36:08,279 [WARN] ModelIntegratedComponent:63 - No mode defined for component null
2026-03-17 11:36:08,279 [WARN] ModelIntegratedComponent:63 - No mode defined for component null
2026-03-17 11:36:08,280 [WARN] ModelIntegratedComponent:63 - No mode defined for component null
2026-03-17 11:36:08,280 [WARN] ModelIntegratedComponent:63 - No mode defined for component null
2026-03-17 11:36:08,280 [WARN] ModelIntegratedComponent:63 - No mode defined for component null
2026-03-17 11:36:08,280 [WARN] ModelIntegratedComponent:63 - No mode defined for component null
2026-03-17 11:36:08,280 [WARN] ModelIntegratedComponent:63 - No mode defined for component null
2026-03-17 11:36:08,280 [WARN] ModelIntegratedComponent:63 - No mode defined for component null
2026-03-17 11:36:08,280 [WARN] ModelIntegratedComponent:63 - No mode defined for component null
2026-03-17 11:36:08,280 [WARN] ModelIntegratedComponent:63 - No mode defined for component null
2026-03-17 11:36:08,281 [WARN] ModelIntegratedComponent:63 - No mode defined for component null
2026-03-17 11:36:08,281 [WARN] ModelIntegratedComponent:63 - No mode defined for component null
2026-03-17 11:36:08,281 [WARN] ModelIntegratedComponent:63 - No mode defined for component null
2026-03-17 11:36:08,281 [WARN] ModelIntegratedComponent:63 - No mode defined for component null
2026-03-17 11:36:08,281 [WARN] ModelIntegratedComponent:63 - No mode defined for component null
2026-03-17 11:36:08,281 [WARN] ModelIntegratedComponent:63 - No mode defined for component null
2026-03-17 11:36:08,281 [WARN] ModelIntegratedComponent:63 - No mode defined for component null
2026-03-17 11:36:08,281 [WARN] ModelIntegratedComponent:63 - No mode defined for component null
2026-03-17 11:36:08,281 [WARN] ModelIntegratedComponent:63 - No mode defined for component null
2026-03-17 11:36:08,282 [WARN] ModelIntegratedComponent:63 - No mode defined for component null
2026-03-17 11:36:08,282 [WARN] ModelIntegratedComponent:63 - No mode defined for component null
2026-03-17 11:36:08,282 [WARN] ModelIntegratedComponent:63 - No mode defined for component null
2026-03-17 11:36:08,282 [WARN] ModelIntegratedComponent:63 - No mode defined for component null
2026-03-17 11:36:08,282 [WARN] ModelIntegratedComponent:63 - No mode defined for component null
2026-03-17 11:36:08,282 [WARN] ModelIntegratedComponent:63 - No mode defined for component null
2026-03-17 11:36:08,283 [WARN] ModelPack:524 - Component already loaded: STMicroelectronics:HAL Drivers:0.0.0:STMicroelectronics:Device:STMicro_Driver:XSPI:HAL::0.0.1:HAL_XSPI
2026-03-17 11:36:08,362 [INFO] ThirdPartyModel:298 - Start build external matchings
2026-03-17 11:36:09,401 [INFO] ThirdPartyModel:316 - End build external matchings
2026-03-17 11:36:10,312 [INFO] UtilMem:75 - End LoadConfig() Used Memory: 800063240 Bytes (1073741824)
2026-03-17 11:36:10,447 [WARN] ThirdParty:833 - waiting for thirdparty lock release [change project]
2026-03-17 11:36:10,447 [INFO] ThirdParty:835 - entering critical section [change project]
2026-03-17 11:36:10,448 [INFO] ThirdParty:1030 - CMSIS Pack Vendor :STMicroelectronics X-CUBE-AZRTOS-H7 3.5.0
2026-03-17 11:36:10,448 [INFO] ThirdParty:1030 - CMSIS Pack Vendor :STMicroelectronics X-CUBE-PM33A1 1.0.0
2026-03-17 11:36:10,448 [INFO] ThirdParty:1030 - CMSIS Pack Vendor :STMicroelectronics USBPD 4.1
2026-03-17 11:36:10,448 [INFO] ThirdParty:1030 - CMSIS Pack Vendor :STMicroelectronics X-CUBE-NFC9 1.0.0
2026-03-17 11:36:10,448 [INFO] ThirdParty:1030 - CMSIS Pack Vendor :STMicroelectronics USB_HOST 2.0.0
2026-03-17 11:36:10,448 [INFO] ThirdParty:1030 - CMSIS Pack Vendor :STMicroelectronics X-CUBE-AZRTOS-F4 1.1.0
2026-03-17 11:36:10,448 [INFO] ThirdParty:1030 - CMSIS Pack Vendor :STMicroelectronics LIBJPEG 8.0.0
2026-03-17 11:36:10,448 [INFO] ThirdParty:1030 - CMSIS Pack Vendor :STMicroelectronics FP-ATR-ASTRA1 2.0.2
2026-03-17 11:36:10,448 [INFO] ThirdParty:1030 - CMSIS Pack Vendor :STMicroelectronics X-CUBE-BLE1 7.1.0
2026-03-17 11:36:10,448 [INFO] ThirdParty:1030 - CMSIS Pack Vendor :STMicroelectronics X-CUBE-SMBUS 2.1.0
2026-03-17 11:36:10,448 [INFO] ThirdParty:1030 - CMSIS Pack Vendor :wolfSSL I-CUBE-wolfMQTT 1.19.2
2026-03-17 11:36:10,448 [INFO] ThirdParty:1030 - CMSIS Pack Vendor :STMicroelectronics USB_DEVICE 3.0.0
2026-03-17 11:36:10,449 [INFO] ThirdParty:1030 - CMSIS Pack Vendor :STMicroelectronics X-CUBE-ISPU 2.1.0
2026-03-17 11:36:10,449 [INFO] ThirdParty:1030 - CMSIS Pack Vendor :STMicroelectronics X-CUBE-EEPRMA1 5.2.0
2026-03-17 11:36:10,449 [INFO] ThirdParty:1030 - CMSIS Pack Vendor :STMicroelectronics X-CUBE-AZRTOS-WB 2.0.0
2026-03-17 11:36:10,449 [INFO] ThirdParty:1030 - CMSIS Pack Vendor :wolfSSL I-CUBE-wolfSSL 5.8.4
2026-03-17 11:36:10,449 [INFO] ThirdParty:1030 - CMSIS Pack Vendor :STMicroelectronics X-CUBE-NFC12 1.0.0
2026-03-17 11:36:10,449 [INFO] ThirdParty:1030 - CMSIS Pack Vendor :STMicroelectronics X-CUBE-AZRTOS-F7 1.1.0
2026-03-17 11:36:10,449 [INFO] ThirdParty:1030 - CMSIS Pack Vendor :STMicroelectronics X-CUBE-AZRTOS-L5 2.0.0
2026-03-17 11:36:10,449 [INFO] ThirdParty:1030 - CMSIS Pack Vendor :STMicroelectronics USB_DEVICE 2.0.0
2026-03-17 11:36:10,449 [INFO] ThirdParty:1030 - CMSIS Pack Vendor :quantropi X-CUBE-qispace-sdk-base 2.1.0
2026-03-17 11:36:10,450 [INFO] ThirdParty:1030 - CMSIS Pack Vendor :STMicroelectronics X-CUBE-MEMS1 12.0.0
2026-03-17 11:36:10,450 [INFO] ThirdParty:1030 - CMSIS Pack Vendor :STMicroelectronics X-CUBE-STSE01 2.0.0
2026-03-17 11:36:10,450 [INFO] ThirdParty:1030 - CMSIS Pack Vendor :STMicroelectronics FreeRTOS 0.0.1
2026-03-17 11:36:10,450 [INFO] ThirdParty:1030 - CMSIS Pack Vendor :STMicroelectronics X-CUBE-AZRTOS-G0 1.1.0
2026-03-17 11:36:10,450 [INFO] ThirdParty:1030 - CMSIS Pack Vendor :STMicroelectronics X-CUBE-NFC4 3.0.0
2026-03-17 11:36:10,450 [INFO] ThirdParty:1030 - CMSIS Pack Vendor :STMicroelectronics X-CUBE-SUBG2 5.0.0
2026-03-17 11:36:10,450 [INFO] ThirdParty:1030 - CMSIS Pack Vendor :STMicroelectronics STM32_WPAN 1.0.0
2026-03-17 11:36:10,450 [INFO] ThirdParty:1030 - CMSIS Pack Vendor :EmbeddedOffice I-CUBE-FS-RTOS 1.0.1
2026-03-17 11:36:10,450 [INFO] ThirdParty:1030 - CMSIS Pack Vendor :STMicroelectronics lwIP 2.0.3
2026-03-17 11:36:10,450 [INFO] ThirdParty:1030 - CMSIS Pack Vendor :STMicroelectronics USB_HOST 1.0.0
2026-03-17 11:36:10,450 [INFO] ThirdParty:1030 - CMSIS Pack Vendor :STMicroelectronics X-CUBE-AZRTOS-G4 2.0.0
2026-03-17 11:36:10,450 [INFO] ThirdParty:1030 - CMSIS Pack Vendor :STMicroelectronics X-CUBE-WB05N 2.0.0
2026-03-17 11:36:10,450 [INFO] ThirdParty:1030 - CMSIS Pack Vendor :STMicroelectronics PDM2PCM 3.1.0
2026-03-17 11:36:10,450 [INFO] ThirdParty:1030 - CMSIS Pack Vendor :STMicroelectronics PDM2PCM 3.3.0
2026-03-17 11:36:10,450 [INFO] ThirdParty:1030 - CMSIS Pack Vendor :wolfSSL I-CUBE-wolfTPM 3.8.0
2026-03-17 11:36:10,450 [INFO] ThirdParty:1030 - CMSIS Pack Vendor :STMicroelectronics X-CUBE-DISPLAY 3.0.0
2026-03-17 11:36:10,451 [INFO] ThirdParty:1030 - CMSIS Pack Vendor :wolfSSL I-CUBE-wolfSSH 1.4.20
2026-03-17 11:36:10,451 [INFO] ThirdParty:1030 - CMSIS Pack Vendor :STMicroelectronics X-CUBE-NFC7 2.0.0
2026-03-17 11:36:10,451 [INFO] ThirdParty:1030 - CMSIS Pack Vendor :RealThread X-CUBE-RT-Thread_Nano 4.1.1
2026-03-17 11:36:10,451 [INFO] ThirdParty:1030 - CMSIS Pack Vendor :STMicroelectronics FP-ATR-SIGFOX1 3.2.0
2026-03-17 11:36:10,451 [INFO] ThirdParty:1030 - CMSIS Pack Vendor :STMicroelectronics X-CUBE-NFC10 1.0.0
2026-03-17 11:36:10,451 [INFO] ThirdParty:1030 - CMSIS Pack Vendor :STMicroelectronics HAL Drivers 0.0.0
2026-03-17 11:36:10,451 [INFO] ThirdParty:1030 - CMSIS Pack Vendor :STMicroelectronics MBEDTLS 2.16.2
2026-03-17 11:36:10,451 [INFO] ThirdParty:1030 - CMSIS Pack Vendor :STMicroelectronics X-CUBE-ALS 1.0.2
2026-03-17 11:36:10,451 [INFO] ThirdParty:1030 - CMSIS Pack Vendor :emotas I-CUBE-CANOPEN 1.3.0
2026-03-17 11:36:10,451 [INFO] ThirdParty:1030 - CMSIS Pack Vendor :STMicroelectronics MBEDTLS 2.14.1
2026-03-17 11:36:10,451 [INFO] ThirdParty:1030 - CMSIS Pack Vendor :STMicroelectronics X-CUBE-GNSS1 7.1.0
2026-03-17 11:36:10,451 [INFO] ThirdParty:1030 - CMSIS Pack Vendor :ITTIA_DB I-CUBE-ITTIADB 8.9.0
2026-03-17 11:36:10,451 [INFO] ThirdParty:1030 - CMSIS Pack Vendor :STMicroelectronics X-CUBE-TOUCHGFX 4.26.1
2026-03-17 11:36:10,451 [INFO] ThirdParty:1030 - CMSIS Pack Vendor :STMicroelectronics X-CUBE-NFC6 3.2.0
2026-03-17 11:36:10,452 [INFO] ThirdParty:1030 - CMSIS Pack Vendor :STMicroelectronics X-CUBE-AI 10.2.0
2026-03-17 11:36:10,452 [INFO] ThirdParty:1030 - CMSIS Pack Vendor :STMicroelectronics ThreadX 1.0.0
2026-03-17 11:36:10,452 [INFO] ThirdParty:1030 - CMSIS Pack Vendor :STMicroelectronics FP-SNS-SMARTAG2 1.2.0
2026-03-17 11:36:10,452 [INFO] ThirdParty:1030 - CMSIS Pack Vendor :STMicroelectronics X-CUBE-AZRTOS-WL 2.0.0
2026-03-17 11:36:10,452 [INFO] ThirdParty:1030 - CMSIS Pack Vendor :SEGGER I-CUBE-embOS 1.3.1
2026-03-17 11:36:10,452 [INFO] ThirdParty:1030 - CMSIS Pack Vendor :STMicroelectronics X-CUBE-ALGOBUILD 1.4.0
2026-03-17 11:36:10,452 [INFO] ThirdParty:1030 - CMSIS Pack Vendor :STMicroelectronics X-CUBE-DPower 1.3.0
2026-03-17 11:36:10,452 [INFO] ThirdParty:1030 - CMSIS Pack Vendor :STMicroelectronics USB_DEVICE 1.0.0
2026-03-17 11:36:10,452 [INFO] ThirdParty:1030 - CMSIS Pack Vendor :STMicroelectronics X-CUBE-AZRTOS-H7RS 1.2.0
2026-03-17 11:36:10,453 [INFO] ThirdParty:1030 - CMSIS Pack Vendor :STMicroelectronics X-CUBE-AZRTOS-L4 2.0.0
2026-03-17 11:36:10,453 [INFO] ThirdParty:1030 - CMSIS Pack Vendor :STMicroelectronics ThreadX 0.0.2
2026-03-17 11:36:10,453 [INFO] ThirdParty:1030 - CMSIS Pack Vendor :STMicroelectronics lwIP 2.1.2
2026-03-17 11:36:10,453 [INFO] ThirdParty:1030 - CMSIS Pack Vendor :STMicroelectronics X-CUBE-SFXS2LP1 4.0.0
2026-03-17 11:36:10,453 [INFO] ThirdParty:1030 - CMSIS Pack Vendor :STMicroelectronics X-CUBE-BLE2 3.3.0
2026-03-17 11:36:10,453 [INFO] ThirdParty:1030 - CMSIS Pack Vendor :Infineon AIROC-Wi-Fi-Bluetooth-STM32 1.8.0
2026-03-17 11:36:10,453 [INFO] ThirdParty:1030 - CMSIS Pack Vendor :STMicroelectronics PDM2PCM 3.2.0
2026-03-17 11:36:10,454 [INFO] ThirdParty:841 - exiting critical section [change project]
2026-03-17 11:36:11,543 [INFO] PinOutPanel:1561 - setPackage(No Configuration,No Configuration)
2026-03-17 11:36:11,550 [INFO] PinOutPanel:1561 - setPackage(STM32F103C8Tx,LQFP48)
2026-03-17 11:36:13,083 [INFO] UtilMem:75 - Before build in PCC Used Memory: 931579104 Bytes (1073741824)
2026-03-17 11:36:15,799 [INFO] UtilMem:75 - After build in PCC Used Memory: 749429520 Bytes (1073741824)
2026-03-17 11:36:15,921 [INFO] IPUIPlugin:80 - create IPUIPlugin
2026-03-17 11:36:15,923 [INFO] IPUIPlugin:80 - create IPUIPlugin
2026-03-17 11:36:15,924 [INFO] IPUIPlugin:80 - create IPUIPlugin
2026-03-17 11:36:15,928 [INFO] IPUIPlugin:80 - create IPUIPlugin
2026-03-17 11:36:15,931 [INFO] IPUIPlugin:80 - create IPUIPlugin
2026-03-17 11:36:15,932 [INFO] IPUIPlugin:80 - create IPUIPlugin
2026-03-17 11:36:15,934 [INFO] IPUIPlugin:80 - create IPUIPlugin
2026-03-17 11:36:15,937 [INFO] IPUIPlugin:80 - create IPUIPlugin
2026-03-17 11:36:15,938 [INFO] IPUIPlugin:80 - create IPUIPlugin
2026-03-17 11:36:15,940 [INFO] IPUIPlugin:80 - create IPUIPlugin
2026-03-17 11:36:15,942 [INFO] IPUIPlugin:80 - create IPUIPlugin
2026-03-17 11:36:15,943 [INFO] IPUIPlugin:80 - create IPUIPlugin
2026-03-17 11:36:15,944 [INFO] IPUIPlugin:80 - create IPUIPlugin
2026-03-17 11:36:15,945 [INFO] IPUIPlugin:80 - create IPUIPlugin
2026-03-17 11:36:15,948 [INFO] IPUIPlugin:80 - create IPUIPlugin
2026-03-17 11:36:15,949 [INFO] IPUIPlugin:80 - create IPUIPlugin
2026-03-17 11:36:15,950 [INFO] IPUIPlugin:80 - create IPUIPlugin
2026-03-17 11:36:15,952 [INFO] IPUIPlugin:80 - create IPUIPlugin
2026-03-17 11:36:15,953 [INFO] IPUIPlugin:80 - create IPUIPlugin
2026-03-17 11:36:15,955 [INFO] IPUIPlugin:80 - create IPUIPlugin
2026-03-17 11:36:15,956 [INFO] IPUIPlugin:80 - create IPUIPlugin
2026-03-17 11:36:15,958 [INFO] IPUIPlugin:80 - create IPUIPlugin
2026-03-17 11:36:15,960 [INFO] IPUIPlugin:80 - create IPUIPlugin
2026-03-17 11:36:15,962 [INFO] IPUIPlugin:80 - create IPUIPlugin
2026-03-17 11:36:15,964 [INFO] IPUIPlugin:80 - create IPUIPlugin
2026-03-17 11:36:15,965 [INFO] IPUIPlugin:80 - create IPUIPlugin
2026-03-17 11:36:15,967 [INFO] IPUIPlugin:80 - create IPUIPlugin
2026-03-17 11:36:16,603 [INFO] CADModel:165 - CPN selected for project levelSTM32F103C8T6
2026-03-17 11:36:16,604 [INFO] CADModel:114 - Register for checkConnection events
2026-03-17 11:36:16,682 [INFO] OpenFileManager:363 - Restore cursor
2026-03-17 11:36:19,720 [INFO] UtilMem:75 - End SaveConfig() Used Memory: 837509904 Bytes (1073741824)
2026-03-17 11:36:19,899 [INFO] UtilMem:75 - End SaveConfig() Used Memory: 849684656 Bytes (1073741824)
2026-03-17 11:36:21,718 [INFO] BlockDiagram:2766 - set Specific Code input for plugin: NVIC
2026-03-17 11:36:21,719 [INFO] BlockDiagram:2766 - set Specific Code input for plugin: RCC
2026-03-17 11:36:21,742 [INFO] CodeGenerator:807 - code generatio: config db path: E:\App Download\ST\STM32CubeIDE_1.16.1\STM32CubeIDE\plugins\com.st.stm32cube.common.mx_6.12.1.202409122256\\db\
2026-03-17 11:36:22,382 [INFO] CodeEngine:255 - oldGeneratedFile, E:\STM32CubeIDE\workspace_1.16.1\oled_display\MXTmpFiles\license.tmp_save
2026-03-17 11:36:23,545 [INFO] CodeEngine:279 - Generated code: E:\STM32CubeIDE\workspace_1.16.1\oled_display\MXTmpFiles\license.tmp
2026-03-17 11:36:23,656 [INFO] CodeEngine:255 - oldGeneratedFile, E:\STM32CubeIDE\workspace_1.16.1\oled_display\Core\Src\stm32f1xx_it.c_save
2026-03-17 11:36:23,993 [INFO] CodeEngine:279 - Generated code: E:\STM32CubeIDE\workspace_1.16.1\oled_display\Core\Src\stm32f1xx_it.c
2026-03-17 11:36:24,033 [INFO] CodeEngine:255 - oldGeneratedFile, E:\STM32CubeIDE\workspace_1.16.1\oled_display\Core\Inc\stm32f1xx_it.h_save
2026-03-17 11:36:24,319 [INFO] CodeEngine:279 - Generated code: E:\STM32CubeIDE\workspace_1.16.1\oled_display\Core\Inc\stm32f1xx_it.h
2026-03-17 11:36:24,806 [INFO] CodeEngine:255 - oldGeneratedFile, E:\STM32CubeIDE\workspace_1.16.1\oled_display\Core\Src\stm32f1xx_hal_msp.c_save
2026-03-17 11:36:25,127 [INFO] CodeEngine:279 - Generated code: E:\STM32CubeIDE\workspace_1.16.1\oled_display\Core\Src\stm32f1xx_hal_msp.c
2026-03-17 11:36:25,174 [INFO] CodeEngine:255 - oldGeneratedFile, E:\STM32CubeIDE\workspace_1.16.1\oled_display\MXTmpFiles\system.tmp_save
2026-03-17 11:36:25,377 [INFO] CodeEngine:279 - Generated code: E:\STM32CubeIDE\workspace_1.16.1\oled_display\MXTmpFiles\system.tmp
2026-03-17 11:36:25,433 [INFO] CodeEngine:311 - oldGeneratedFile, E:\STM32CubeIDE\workspace_1.16.1\oled_display\Core\Inc\stm32f1xx_hal_conf.h_save
2026-03-17 11:36:25,666 [INFO] CodeEngine:335 - Generated code: E:\STM32CubeIDE\workspace_1.16.1\oled_display\Core\Inc\stm32f1xx_hal_conf.h
2026-03-17 11:36:25,878 [INFO] CodeEngine:255 - oldGeneratedFile, E:\STM32CubeIDE\workspace_1.16.1\oled_display\Core\Inc\main.h_save
2026-03-17 11:36:26,179 [INFO] CodeEngine:279 - Generated code: E:\STM32CubeIDE\workspace_1.16.1\oled_display\Core\Inc\main.h
2026-03-17 11:36:26,224 [INFO] CodeEngine:255 - oldGeneratedFile, E:\STM32CubeIDE\workspace_1.16.1\oled_display\Core\Src\main.c_save
2026-03-17 11:36:26,595 [INFO] CodeEngine:279 - Generated code: E:\STM32CubeIDE\workspace_1.16.1\oled_display\Core\Src\main.c
2026-03-17 11:36:28,412 [INFO] ProjectBuilder:3249 - Time for Copy HAL[1] : 1063mS.
2026-03-17 11:36:28,823 [INFO] ProjectBuilder:4828 - Project Generator version: 4.5.0-B34
2026-03-17 11:36:29,387 [INFO] ConfigFileManager:1531 - The Die is : DIE410
2026-03-17 11:36:29,615 [INFO] ApiDbMcu:508 - Load IP Config File for FATFS
2026-03-17 11:36:29,793 [INFO] ApiDbMcu:508 - Load IP Config File for FREERTOS
2026-03-17 11:36:30,047 [INFO] ApiDbMcu:508 - Load IP Config File for USB_DEVICE
2026-03-17 11:36:32,775 [INFO] LogOutputStream:77 - [STDOUT_REDIRECT] 
2026-03-17 11:36:44,545 [INFO] ProjectBuilder:5097 - Time for Generating toolchain IDE Files: 15722mS.
2026-03-17 11:36:44,590 [INFO] ProjectBuilder:3107 - Time for Copy CMSIS : 44mS.
2026-03-17 11:36:44,603 [INFO] ProjectBuilder:3107 - Time for Copy CMSIS : 0mS.
2026-03-17 11:36:47,904 [INFO] McuFinderGlobals:76 - Set McuFinderConnectedMode to true
2026-03-17 11:36:47,936 [INFO] ApiDb:448 - Save user favorites file C:\Users\DELL/.stm32cubeide/favorites.mcus.txt: 0 item(s)
2026-03-17 11:36:47,937 [INFO] ApiDb:452 - User favorites MCUs=[]
2026-03-17 11:37:19,813 [WARN] IP:2191 - I2C_Coeff_DF not found: check if there is a RefParameter without a condition.
2026-03-17 11:37:19,813 [WARN] IP:2191 - Analog_Filter not found: check if there is a RefParameter without a condition.
2026-03-17 11:37:19,875 [WARN] IP:2191 - I2C_Coeff_DF not found: check if there is a RefParameter without a condition.
2026-03-17 11:37:19,876 [WARN] IP:2191 - Analog_Filter not found: check if there is a RefParameter without a condition.
2026-03-17 11:37:19,878 [WARN] IP:2191 - I2C_Coeff_DF not found: check if there is a RefParameter without a condition.
2026-03-17 11:37:19,879 [WARN] IP:2191 - Analog_Filter not found: check if there is a RefParameter without a condition.
2026-03-17 11:37:20,783 [WARN] IP:2191 - I2C_Coeff_DF not found: check if there is a RefParameter without a condition.
2026-03-17 11:37:20,784 [WARN] IP:2191 - Analog_Filter not found: check if there is a RefParameter without a condition.
2026-03-17 11:37:20,799 [WARN] IP:2191 - I2C_Coeff_DF not found: check if there is a RefParameter without a condition.
2026-03-17 11:37:20,799 [WARN] IP:2191 - Analog_Filter not found: check if there is a RefParameter without a condition.
2026-03-17 11:38:30,631 [INFO] UtilMem:75 - End SaveConfig() Used Memory: 718599864 Bytes (1073741824)
2026-03-17 11:38:38,831 [INFO] UtilMem:75 - End SaveConfig() Used Memory: 890089864 Bytes (1073741824)
2026-03-17 11:38:39,459 [INFO] BlockDiagram:2766 - set Specific Code input for plugin: NVIC
2026-03-17 11:38:39,460 [INFO] BlockDiagram:2766 - set Specific Code input for plugin: SYS
2026-03-17 11:38:39,462 [INFO] BlockDiagram:2766 - set Specific Code input for plugin: GPIO
2026-03-17 11:38:39,463 [INFO] BlockDiagram:2766 - set Specific Code input for plugin: RCC
2026-03-17 11:38:39,463 [INFO] BlockDiagram:2766 - set Specific Code input for plugin: I2C
2026-03-17 11:38:39,499 [INFO] CodeGenerator:807 - code generatio: config db path: E:\App Download\ST\STM32CubeIDE_1.16.1\STM32CubeIDE\plugins\com.st.stm32cube.common.mx_6.12.1.202409122256\\db\
2026-03-17 11:38:39,504 [WARN] IP:2191 - I2C_Coeff_DF not found: check if there is a RefParameter without a condition.
2026-03-17 11:38:39,505 [WARN] IP:2191 - Analog_Filter not found: check if there is a RefParameter without a condition.
2026-03-17 11:38:39,832 [INFO] CodeEngine:255 - oldGeneratedFile, E:\STM32CubeIDE\workspace_1.16.1\oled_display\MXTmpFiles\license.tmp_save
2026-03-17 11:38:40,372 [INFO] CodeEngine:279 - Generated code: E:\STM32CubeIDE\workspace_1.16.1\oled_display\MXTmpFiles\license.tmp
2026-03-17 11:38:40,768 [INFO] CodeEngine:255 - oldGeneratedFile, E:\STM32CubeIDE\workspace_1.16.1\oled_display\MXTmpFiles\gpio.tmp_save
2026-03-17 11:38:41,056 [INFO] CodeEngine:279 - Generated code: E:\STM32CubeIDE\workspace_1.16.1\oled_display\MXTmpFiles\gpio.tmp
2026-03-17 11:38:41,443 [INFO] CodeEngine:255 - oldGeneratedFile, E:\STM32CubeIDE\workspace_1.16.1\oled_display\Core\Src\stm32f1xx_it.c_save
2026-03-17 11:38:42,122 [INFO] CodeEngine:279 - Generated code: E:\STM32CubeIDE\workspace_1.16.1\oled_display\Core\Src\stm32f1xx_it.c
2026-03-17 11:38:42,166 [INFO] CodeEngine:255 - oldGeneratedFile, E:\STM32CubeIDE\workspace_1.16.1\oled_display\Core\Inc\stm32f1xx_it.h_save
2026-03-17 11:38:42,358 [INFO] CodeEngine:279 - Generated code: E:\STM32CubeIDE\workspace_1.16.1\oled_display\Core\Inc\stm32f1xx_it.h
2026-03-17 11:38:42,428 [INFO] CodeEngine:255 - oldGeneratedFile, E:\STM32CubeIDE\workspace_1.16.1\oled_display\Core\Src\stm32f1xx_hal_msp.c_save
2026-03-17 11:38:42,744 [INFO] CodeEngine:279 - Generated code: E:\STM32CubeIDE\workspace_1.16.1\oled_display\Core\Src\stm32f1xx_hal_msp.c
2026-03-17 11:38:42,788 [INFO] CodeEngine:255 - oldGeneratedFile, E:\STM32CubeIDE\workspace_1.16.1\oled_display\MXTmpFiles\system.tmp_save
2026-03-17 11:38:42,934 [INFO] CodeEngine:279 - Generated code: E:\STM32CubeIDE\workspace_1.16.1\oled_display\MXTmpFiles\system.tmp
2026-03-17 11:38:42,981 [INFO] CodeEngine:311 - oldGeneratedFile, E:\STM32CubeIDE\workspace_1.16.1\oled_display\Core\Inc\stm32f1xx_hal_conf.h_save
2026-03-17 11:38:43,128 [INFO] CodeEngine:335 - Generated code: E:\STM32CubeIDE\workspace_1.16.1\oled_display\Core\Inc\stm32f1xx_hal_conf.h
2026-03-17 11:38:43,234 [INFO] CodeEngine:255 - oldGeneratedFile, E:\STM32CubeIDE\workspace_1.16.1\oled_display\Core\Inc\main.h_save
2026-03-17 11:38:43,444 [INFO] CodeEngine:279 - Generated code: E:\STM32CubeIDE\workspace_1.16.1\oled_display\Core\Inc\main.h
2026-03-17 11:38:43,490 [INFO] CodeEngine:255 - oldGeneratedFile, E:\STM32CubeIDE\workspace_1.16.1\oled_display\Core\Src\main.c_save
2026-03-17 11:38:43,826 [INFO] CodeEngine:279 - Generated code: E:\STM32CubeIDE\workspace_1.16.1\oled_display\Core\Src\main.c
2026-03-17 11:38:45,393 [INFO] ProjectBuilder:3249 - Time for Copy HAL[1] : 1028mS.
2026-03-17 11:38:45,410 [INFO] ProjectBuilder:4828 - Project Generator version: 4.5.0-B34
2026-03-17 11:38:45,686 [INFO] ConfigFileManager:1531 - The Die is : DIE410
2026-03-17 11:38:50,629 [INFO] ProjectBuilder:5097 - Time for Generating toolchain IDE Files: 5219mS.
2026-03-17 11:38:50,652 [INFO] ProjectBuilder:3107 - Time for Copy CMSIS : 22mS.
2026-03-17 11:38:50,661 [INFO] ProjectBuilder:3107 - Time for Copy CMSIS : 1mS.
2026-03-17 13:13:22,829 [INFO] Activator:176 - 


2026-03-17 13:13:22,877 [INFO] Activator:177 - !SESSION log4j initialized
2026-03-17 13:13:51,122 [INFO] LogOutputStream:77 - [STDOUT_REDIRECT] 
2026-03-17 13:13:56,753 [INFO] ApplicationProperties:184 - Using Application install path: E:\App Download\ST\STM32CubeIDE_1.16.1\STM32CubeIDE\plugins\com.st.stm32cube.common.mx_6.12.1.202409122256
2026-03-17 13:13:56,883 [INFO] DbMcusXml:78 - Set database path to: E:\App Download\ST\STM32CubeIDE_1.16.1\STM32CubeIDE\plugins\com.st.stm32cube.common.mx_6.12.1.202409122256\\db\/mcu/
2026-03-17 13:13:56,885 [INFO] ApiDb:274 - Set plugin database path to: E:\App Download\ST\STM32CubeIDE_1.16.1\STM32CubeIDE\plugins\com.st.stm32cube.common.mx_6.12.1.202409122256\\db\/plugins/boardmanager/
2026-03-17 13:13:56,887 [WARN] ApiDb:259 - Overriding images path with different value:  => E:\App Download\ST\STM32CubeIDE_1.16.1\STM32CubeIDE\plugins\com.st.stm32cube.common.mx_6.12.1.202409122256\\db\/plugins/mcufinder/images/
2026-03-17 13:13:56,992 [INFO] ApiDb:250 - Set database path to: C:\Users\DELL\.stmcufinder\plugins\mcufinder//mcu/
2026-03-17 13:13:56,996 [INFO] DbMcusAds:125 - Set database path to: C:\Users\DELL\.stmcufinder\plugins\mcufinder//mcu/
2026-03-17 13:13:57,007 [INFO] CrossReferenceDbSqlite:203 - Set database path to: C:\Users\DELL\.stmcufinder\plugins\mcufinder//mcu/cs/
2026-03-17 13:13:58,230 [INFO] RulesReader:64 - Compatibility file has been processed (297 Rules)
2026-03-17 13:13:59,441 [INFO] DbMcusXml:78 - Set database path to: E:\App Download\ST\STM32CubeIDE_1.16.1\STM32CubeIDE\plugins\com.st.stm32cube.common.mx_6.12.1.202409122256\\db\/mcu/
2026-03-17 13:13:59,441 [INFO] ApiDb:274 - Set plugin database path to: E:\App Download\ST\STM32CubeIDE_1.16.1\STM32CubeIDE\plugins\com.st.stm32cube.common.mx_6.12.1.202409122256\\db\/plugins/boardmanager/
2026-03-17 13:13:59,442 [INFO] ApiDb:261 - Set plugin images path to: E:\App Download\ST\STM32CubeIDE_1.16.1\STM32CubeIDE\plugins\com.st.stm32cube.common.mx_6.12.1.202409122256\\db\/plugins/mcufinder/images/
2026-03-17 13:13:59,443 [WARN] DbFile:41 - Overriding database path with different value: C:\Users\DELL\.stmcufinder\plugins\mcufinder/ => C:\Users\DELL\.stmcufinder\plugins\mcufinder
2026-03-17 13:13:59,443 [INFO] ApiDb:250 - Set database path to: C:\Users\DELL\.stmcufinder\plugins\mcufinder//mcu/
2026-03-17 13:13:59,443 [WARN] DbFile:41 - Overriding database path with different value: C:\Users\DELL\.stmcufinder\plugins\mcufinder/ => C:\Users\DELL\.stmcufinder\plugins\mcufinder
2026-03-17 13:13:59,443 [INFO] DbMcusAds:125 - Set database path to: C:\Users\DELL\.stmcufinder\plugins\mcufinder//mcu/
2026-03-17 13:13:59,444 [WARN] DbFile:41 - Overriding database path with different value: C:\Users\DELL\.stmcufinder\plugins\mcufinder/ => C:\Users\DELL\.stmcufinder\plugins\mcufinder
2026-03-17 13:13:59,444 [WARN] DbFile:41 - Overriding database path with different value: C:\Users\DELL\.stmcufinder\plugins\mcufinder/ => C:\Users\DELL\.stmcufinder\plugins\mcufinder
2026-03-17 13:13:59,444 [INFO] CrossReferenceDbSqlite:203 - Set database path to: C:\Users\DELL\.stmcufinder\plugins\mcufinder//mcu/cs/
2026-03-17 13:13:59,864 [INFO] MainPanel:268 - HeapMemory: 268435456
2026-03-17 13:14:00,343 [INFO] DbMcusXml:78 - Set database path to: E:\App Download\ST\STM32CubeIDE_1.16.1\STM32CubeIDE\plugins\com.st.stm32cube.common.mx_6.12.1.202409122256\\db\/mcu/
2026-03-17 13:14:00,344 [INFO] ApiDb:274 - Set plugin database path to: E:\App Download\ST\STM32CubeIDE_1.16.1\STM32CubeIDE\plugins\com.st.stm32cube.common.mx_6.12.1.202409122256\\db\/plugins/boardmanager/
2026-03-17 13:14:00,344 [INFO] ApiDb:261 - Set plugin images path to: E:\App Download\ST\STM32CubeIDE_1.16.1\STM32CubeIDE\plugins\com.st.stm32cube.common.mx_6.12.1.202409122256\\db\/plugins/mcufinder/images/
2026-03-17 13:14:00,346 [WARN] DbFile:41 - Overriding database path with different value: C:\Users\DELL\.stmcufinder\plugins\mcufinder/ => C:\Users\DELL\.stmcufinder\plugins\mcufinder
2026-03-17 13:14:00,366 [INFO] ApiDb:250 - Set database path to: C:\Users\DELL\.stmcufinder\plugins\mcufinder//mcu/
2026-03-17 13:14:00,367 [WARN] DbFile:41 - Overriding database path with different value: C:\Users\DELL\.stmcufinder\plugins\mcufinder/ => C:\Users\DELL\.stmcufinder\plugins\mcufinder
2026-03-17 13:14:00,368 [INFO] DbMcusAds:125 - Set database path to: C:\Users\DELL\.stmcufinder\plugins\mcufinder//mcu/
2026-03-17 13:14:00,368 [WARN] DbFile:41 - Overriding database path with different value: C:\Users\DELL\.stmcufinder\plugins\mcufinder/ => C:\Users\DELL\.stmcufinder\plugins\mcufinder
2026-03-17 13:14:00,368 [WARN] DbFile:41 - Overriding database path with different value: C:\Users\DELL\.stmcufinder\plugins\mcufinder/ => C:\Users\DELL\.stmcufinder\plugins\mcufinder
2026-03-17 13:14:00,368 [INFO] CrossReferenceDbSqlite:203 - Set database path to: C:\Users\DELL\.stmcufinder\plugins\mcufinder//mcu/cs/
2026-03-17 13:14:00,430 [INFO] ApplicationProperties:184 - Using Application install path: E:\App Download\ST\STM32CubeIDE_1.16.1\STM32CubeIDE\plugins\com.st.stm32cube.common.mx_6.12.1.202409122256
2026-03-17 13:14:00,435 [INFO] PluginManage:196 - Search for loadable plugins [exclusion list=, ]
2026-03-17 13:14:00,440 [INFO] PluginManage:310 - Check plugin analytics
2026-03-17 13:14:01,352 [INFO] AnalyticsPlugin:253 - Accepted Software Licenses: 
2026-03-17 13:14:01,353 [INFO] AnalyticsPlugin:255 - Accepted CMSIS Pack Licenses: 
2026-03-17 13:14:01,355 [INFO] AnalyticsPlugin:257 - Accepted Firmware Licenses: 
2026-03-17 13:14:01,371 [INFO] PluginManage:359 - Loaded plugin analytics (category:tool,tabindex:-1)
2026-03-17 13:14:01,372 [INFO] PluginManage:310 - Check plugin cadmodel
2026-03-17 13:14:01,424 [INFO] CADModel:105 - Init CAD model plugin
2026-03-17 13:14:01,426 [INFO] PluginManage:359 - Loaded plugin cadmodel (category:power,tabindex:5)
2026-03-17 13:14:01,428 [INFO] PluginManage:310 - Check plugin clock
2026-03-17 13:14:01,510 [INFO] PluginManage:359 - Loaded plugin clock (category:base,tabindex:2)
2026-03-17 13:14:01,510 [INFO] PluginManage:310 - Check plugin ddr
2026-03-17 13:14:01,522 [INFO] PluginManage:359 - Loaded plugin ddr (category:tool,tabindex:6)
2026-03-17 13:14:01,523 [INFO] PluginManage:310 - Check plugin filemanager
2026-03-17 13:14:02,282 [INFO] PluginManage:359 - Loaded plugin filemanager (category:base,tabindex:10)
2026-03-17 13:14:02,282 [INFO] PluginManage:310 - Check plugin ipmanager
2026-03-17 13:14:02,333 [INFO] PluginManage:359 - Loaded plugin ipmanager (category:base,tabindex:5)
2026-03-17 13:14:02,335 [INFO] PluginManage:310 - Check plugin lpbam
2026-03-17 13:14:02,382 [INFO] PluginManage:359 - Loaded plugin lpbam (category:base,tabindex:0)
2026-03-17 13:14:02,384 [INFO] PluginManage:310 - Check plugin memorymap
2026-03-17 13:14:02,473 [INFO] PluginManage:359 - Loaded plugin memorymap (category:base,tabindex:4)
2026-03-17 13:14:02,473 [INFO] PluginManage:310 - Check plugin pinoutandconfiguration
2026-03-17 13:14:02,532 [INFO] PluginManage:359 - Loaded plugin pinoutandconfiguration (category:base,tabindex:1)
2026-03-17 13:14:02,533 [INFO] PluginManage:310 - Check plugin pinoutconfig
2026-03-17 13:14:02,953 [WARN] SupportedApi:132 - Cannot load RTOS API schema: s4s-elt-must-match.1: The content of 'definitions' must match (annotation?, (simpleType | complexType)?, (unique | key | keyref)*)). A problem was found starting at: attribute.
2026-03-17 13:14:03,662 [INFO] PluginManage:359 - Loaded plugin pinoutconfig (category:base,tabindex:0)
2026-03-17 13:14:03,663 [INFO] PluginManage:310 - Check plugin power
2026-03-17 13:14:03,763 [INFO] PluginManage:359 - Loaded plugin power (category:power,tabindex:4)
2026-03-17 13:14:03,764 [INFO] PluginManage:310 - Check plugin projectmanager
2026-03-17 13:14:03,826 [INFO] PluginManage:359 - Loaded plugin projectmanager (category:projectmanager,tabindex:4)
2026-03-17 13:14:03,826 [INFO] PluginManage:310 - Check plugin rif
2026-03-17 13:14:03,860 [INFO] PluginManage:359 - Loaded plugin rif (category:base,tabindex:3)
2026-03-17 13:14:03,861 [INFO] PluginManage:310 - Check plugin thirdparty
2026-03-17 13:14:04,607 [INFO] PluginManage:359 - Loaded plugin thirdparty (category:base,tabindex:-1)
2026-03-17 13:14:04,608 [INFO] PluginManage:310 - Check plugin tools
2026-03-17 13:14:04,612 [WARN] IntegrityCheckThread:84 - waiting for thirdparty lock release [integrity check]
2026-03-17 13:14:04,616 [INFO] IntegrityCheckThread:86 - entering critical section [integrity check]
2026-03-17 13:14:04,620 [INFO] ThirdPartyUpdaterWithRetryManager:70 - Updater plugin not ready yet. [1/15]
2026-03-17 13:14:04,641 [INFO] PluginManage:359 - Loaded plugin tools (category:base,tabindex:7)
2026-03-17 13:14:04,642 [INFO] PluginManage:310 - Check plugin tutovideos
2026-03-17 13:14:05,680 [INFO] PluginManage:359 - Loaded plugin tutovideos (category:base,tabindex:-1)
2026-03-17 13:14:05,680 [INFO] PluginManage:310 - Check plugin updater
2026-03-17 13:14:05,827 [INFO] PluginManage:359 - Loaded plugin updater (category:base,tabindex:12)
2026-03-17 13:14:05,828 [INFO] PluginManage:310 - Check plugin userauth
2026-03-17 13:14:05,879 [INFO] UserAuth:113 - Init User Auth plugin
2026-03-17 13:14:05,879 [INFO] PluginManage:359 - Loaded plugin userauth (category:base,tabindex:14)
2026-03-17 13:14:05,881 [INFO] PluginManage:283 - PluginManage : Loaded plugins [18]
2026-03-17 13:14:06,870 [INFO] PinOutPanel:1561 - setPackage(No Configuration,No Configuration)
2026-03-17 13:14:07,335 [INFO] CADModel:165 - CPN selected for project level
2026-03-17 13:14:07,338 [INFO] CADModel:114 - Register for checkConnection events
2026-03-17 13:14:07,444 [INFO] IPUIPlugin:80 - create IPUIPlugin
2026-03-17 13:14:07,446 [INFO] PluginManager:220 - loadIPPluginJar : add adc
2026-03-17 13:14:07,459 [INFO] IPUIPlugin:80 - create IPUIPlugin
2026-03-17 13:14:07,460 [INFO] PluginManager:220 - loadIPPluginJar : add aes
2026-03-17 13:14:07,477 [INFO] IPUIPlugin:80 - create IPUIPlugin
2026-03-17 13:14:07,478 [INFO] PluginManager:220 - loadIPPluginJar : add can
2026-03-17 13:14:07,487 [INFO] IPUIPlugin:80 - create IPUIPlugin
2026-03-17 13:14:07,488 [INFO] PluginManager:220 - loadIPPluginJar : add comp
2026-03-17 13:14:07,513 [INFO] IPUIPlugin:80 - create IPUIPlugin
2026-03-17 13:14:07,514 [INFO] PluginManager:220 - loadIPPluginJar : add cryp
2026-03-17 13:14:07,563 [INFO] IPUIPlugin:80 - create IPUIPlugin
2026-03-17 13:14:07,564 [INFO] PluginManager:220 - loadIPPluginJar : add ddr_ctrl_phy
2026-03-17 13:14:07,576 [INFO] IPUIPlugin:80 - create IPUIPlugin
2026-03-17 13:14:07,577 [INFO] PluginManager:220 - loadIPPluginJar : add dfsdm
2026-03-17 13:14:07,606 [INFO] IPUIPlugin:80 - create IPUIPlugin
2026-03-17 13:14:07,608 [INFO] PluginManager:220 - loadIPPluginJar : add dma
2026-03-17 13:14:07,629 [INFO] ThirdPartyUpdaterWithRetryManager:70 - Updater plugin not ready yet. [2/15]
2026-03-17 13:14:07,635 [INFO] IPUIPlugin:80 - create IPUIPlugin
2026-03-17 13:14:07,636 [INFO] PluginManager:220 - loadIPPluginJar : add dma3
2026-03-17 13:14:07,649 [INFO] IPUIPlugin:80 - create IPUIPlugin
2026-03-17 13:14:07,650 [INFO] PluginManager:220 - loadIPPluginJar : add extmemmanager
2026-03-17 13:14:07,689 [INFO] IPUIPlugin:80 - create IPUIPlugin
2026-03-17 13:14:07,690 [INFO] PluginManager:220 - loadIPPluginJar : add fatfs
2026-03-17 13:14:07,708 [INFO] IPUIPlugin:80 - create IPUIPlugin
2026-03-17 13:14:07,709 [INFO] PluginManager:220 - loadIPPluginJar : add fmc
2026-03-17 13:14:08,184 [INFO] IPUIPlugin:80 - create IPUIPlugin
2026-03-17 13:14:08,185 [INFO] PluginManager:220 - loadIPPluginJar : add freertos
2026-03-17 13:14:08,309 [INFO] IPUIPlugin:80 - create IPUIPlugin
2026-03-17 13:14:08,310 [INFO] PluginManager:220 - loadIPPluginJar : add genericplugin
2026-03-17 13:14:08,322 [INFO] IPUIPlugin:80 - create IPUIPlugin
2026-03-17 13:14:08,323 [INFO] PluginManager:220 - loadIPPluginJar : add gfxmmu
2026-03-17 13:14:08,369 [INFO] IPUIPlugin:80 - create IPUIPlugin
2026-03-17 13:14:08,370 [INFO] PluginManager:220 - loadIPPluginJar : add gic
2026-03-17 13:14:08,456 [INFO] IPUIPlugin:80 - create IPUIPlugin
2026-03-17 13:14:08,456 [INFO] PluginManager:220 - loadIPPluginJar : add gpio
2026-03-17 13:14:08,467 [INFO] IPUIPlugin:80 - create IPUIPlugin
2026-03-17 13:14:08,467 [INFO] PluginManager:220 - loadIPPluginJar : add gtzc
2026-03-17 13:14:08,475 [INFO] IPUIPlugin:80 - create IPUIPlugin
2026-03-17 13:14:08,475 [INFO] PluginManager:220 - loadIPPluginJar : add hash
2026-03-17 13:14:08,486 [INFO] IPUIPlugin:80 - create IPUIPlugin
2026-03-17 13:14:08,487 [INFO] PluginManager:220 - loadIPPluginJar : add i2c
2026-03-17 13:14:08,506 [INFO] IPUIPlugin:80 - create IPUIPlugin
2026-03-17 13:14:08,507 [INFO] PluginManager:220 - loadIPPluginJar : add i2s
2026-03-17 13:14:08,517 [INFO] IPUIPlugin:80 - create IPUIPlugin
2026-03-17 13:14:08,518 [INFO] PluginManager:220 - loadIPPluginJar : add i3c
2026-03-17 13:14:08,541 [INFO] IPUIPlugin:80 - create IPUIPlugin
2026-03-17 13:14:08,541 [INFO] PluginManager:220 - loadIPPluginJar : add ipddr
2026-03-17 13:14:08,577 [INFO] IPUIPlugin:80 - create IPUIPlugin
2026-03-17 13:14:08,578 [INFO] PluginManager:220 - loadIPPluginJar : add linkedlist
2026-03-17 13:14:08,606 [INFO] IPUIPlugin:80 - create IPUIPlugin
2026-03-17 13:14:08,607 [INFO] PluginManager:220 - loadIPPluginJar : add lorawan
2026-03-17 13:14:08,615 [INFO] IPUIPlugin:80 - create IPUIPlugin
2026-03-17 13:14:08,618 [INFO] PluginManager:220 - loadIPPluginJar : add ltdc
2026-03-17 13:14:08,645 [INFO] IPUIPlugin:80 - create IPUIPlugin
2026-03-17 13:14:08,646 [INFO] PluginManager:220 - loadIPPluginJar : add mdma
2026-03-17 13:14:08,663 [INFO] IPUIPlugin:80 - create IPUIPlugin
2026-03-17 13:14:08,663 [INFO] PluginManager:220 - loadIPPluginJar : add nvic
2026-03-17 13:14:08,687 [INFO] IPUIPlugin:80 - create IPUIPlugin
2026-03-17 13:14:08,688 [INFO] PluginManager:220 - loadIPPluginJar : add opamp
2026-03-17 13:14:08,698 [INFO] IPUIPlugin:80 - create IPUIPlugin
2026-03-17 13:14:08,698 [INFO] PluginManager:220 - loadIPPluginJar : add openamp
2026-03-17 13:14:08,708 [INFO] IPUIPlugin:80 - create IPUIPlugin
2026-03-17 13:14:08,708 [INFO] PluginManager:220 - loadIPPluginJar : add pdm2pcm
2026-03-17 13:14:08,727 [INFO] IPUIPlugin:80 - create IPUIPlugin
2026-03-17 13:14:08,735 [INFO] PluginManager:220 - loadIPPluginJar : add plateformsettings
2026-03-17 13:14:08,760 [INFO] IPUIPlugin:80 - create IPUIPlugin
2026-03-17 13:14:08,760 [INFO] PluginManager:220 - loadIPPluginJar : add quadspi
2026-03-17 13:14:08,767 [INFO] IPUIPlugin:80 - create IPUIPlugin
2026-03-17 13:14:08,769 [INFO] PluginManager:220 - loadIPPluginJar : add radio
2026-03-17 13:14:08,798 [INFO] IPUIPlugin:80 - create IPUIPlugin
2026-03-17 13:14:08,799 [INFO] PluginManager:220 - loadIPPluginJar : add resmgrutility
2026-03-17 13:14:08,806 [INFO] IPUIPlugin:80 - create IPUIPlugin
2026-03-17 13:14:08,806 [INFO] PluginManager:220 - loadIPPluginJar : add sai
2026-03-17 13:14:08,825 [INFO] IPUIPlugin:80 - create IPUIPlugin
2026-03-17 13:14:08,826 [INFO] PluginManager:220 - loadIPPluginJar : add spi
2026-03-17 13:14:08,838 [INFO] IPUIPlugin:80 - create IPUIPlugin
2026-03-17 13:14:08,839 [INFO] PluginManager:220 - loadIPPluginJar : add stm32_wpan
2026-03-17 13:14:08,844 [INFO] IPUIPlugin:80 - create IPUIPlugin
2026-03-17 13:14:08,845 [INFO] PluginManager:220 - loadIPPluginJar : add tim
2026-03-17 13:14:08,854 [INFO] IPUIPlugin:80 - create IPUIPlugin
2026-03-17 13:14:08,854 [INFO] PluginManager:220 - loadIPPluginJar : add touchsensing
2026-03-17 13:14:08,869 [INFO] IPUIPlugin:80 - create IPUIPlugin
2026-03-17 13:14:08,869 [INFO] PluginManager:220 - loadIPPluginJar : add tracer_emb
2026-03-17 13:14:08,875 [INFO] IPUIPlugin:80 - create IPUIPlugin
2026-03-17 13:14:08,875 [INFO] PluginManager:220 - loadIPPluginJar : add ts
2026-03-17 13:14:08,880 [INFO] IPUIPlugin:80 - create IPUIPlugin
2026-03-17 13:14:08,880 [INFO] PluginManager:220 - loadIPPluginJar : add tsc
2026-03-17 13:14:08,903 [INFO] IPUIPlugin:80 - create IPUIPlugin
2026-03-17 13:14:08,904 [INFO] PluginManager:220 - loadIPPluginJar : add ucpd
2026-03-17 13:14:08,928 [INFO] IPUIPlugin:80 - create IPUIPlugin
2026-03-17 13:14:08,929 [INFO] PluginManager:220 - loadIPPluginJar : add usart
2026-03-17 13:14:08,938 [INFO] IPUIPlugin:80 - create IPUIPlugin
2026-03-17 13:14:08,938 [INFO] PluginManager:220 - loadIPPluginJar : add usbx
2026-03-17 13:14:09,240 [INFO] CADModel:165 - CPN selected for project level
2026-03-17 13:14:09,240 [INFO] CADModel:114 - Register for checkConnection events
2026-03-17 13:14:09,240 [FATAL] Updater:334 - Updater called before beeing initialized
2026-03-17 13:14:09,241 [ERROR] CADModel:125 - Updater not yet initialized, retry later 
2026-03-17 13:14:09,848 [INFO] CADModel:165 - CPN selected for project level
2026-03-17 13:14:09,848 [INFO] CADModel:114 - Register for checkConnection events
2026-03-17 13:14:09,849 [FATAL] Updater:334 - Updater called before beeing initialized
2026-03-17 13:14:09,850 [ERROR] CADModel:125 - Updater not yet initialized, retry later 
2026-03-17 13:14:09,868 [FATAL] Updater:334 - Updater called before beeing initialized
2026-03-17 13:14:10,387 [FATAL] Updater:334 - Updater called before beeing initialized
2026-03-17 13:14:10,398 [INFO] DbMcusAds:53 - JSON generation date=Thu Mar 05 20:02:52 IST 2026 (1772721172610)
2026-03-17 13:14:10,399 [FATAL] Updater:334 - Updater called before beeing initialized
2026-03-17 13:14:10,629 [INFO] ThirdPartyUpdaterWithRetryManager:70 - Updater plugin not ready yet. [3/15]
2026-03-17 13:14:10,660 [WARN] DetailPanel:346 - Failed to get advertising image, set to default
2026-03-17 13:14:10,973 [FATAL] Updater:334 - Updater called before beeing initialized
2026-03-17 13:14:10,978 [FATAL] Updater:334 - Updater called before beeing initialized
2026-03-17 13:14:10,978 [FATAL] Updater:334 - Updater called before beeing initialized
2026-03-17 13:14:10,979 [WARN] DetailPanel:346 - Failed to get advertising image, set to default
2026-03-17 13:14:10,983 [FATAL] Updater:334 - Updater called before beeing initialized
2026-03-17 13:14:11,254 [ERROR] Updater:1164 - MainUpdater not yet initialized. External WinMGr cannot be set.
2026-03-17 13:14:11,280 [INFO] Updater:1100 - Updater Version found : 6.12.1
2026-03-17 13:14:11,383 [INFO] ApplicationProperties:184 - Using Application install path: E:\App Download\ST\STM32CubeIDE_1.16.1\STM32CubeIDE\plugins\com.st.stm32cube.common.mx_6.12.1.202409122256
2026-03-17 13:14:13,301 [ERROR] LogOutputStream:75 - [STDERR_REDIRECT] Mar 17, 2026 1:14:13 PM java.util.prefs.WindowsPreferences <init>
2026-03-17 13:14:13,307 [ERROR] LogOutputStream:75 - [STDERR_REDIRECT] WARNING: Could not open/create prefs root node Software\JavaSoft\Prefs at root 0xffffffff80000002. Windows RegCreateKeyEx(...) returned error code 5.
2026-03-17 13:14:13,308 [ERROR] LogOutputStream:75 - [STDERR_REDIRECT] 
2026-03-17 13:14:13,630 [FATAL] Updater:334 - Updater called before beeing initialized
2026-03-17 13:14:13,632 [ERROR] IntegrityCheckThread:130 - Cannot retrieve database content from updater: error 21
2026-03-17 13:14:13,634 [INFO] ThirdParty:978 - Integrity check success = false
2026-03-17 13:14:13,635 [INFO] IntegrityCheckThread:100 - exiting critical section [integrity check]
2026-03-17 13:14:13,635 [INFO] IntegrityCheckThread:103 - End integrity checks thread
2026-03-17 13:14:15,316 [INFO] MainUpdater:2873 - connection check result : 10
2026-03-17 13:14:15,319 [INFO] MainUpdater:290 - Updater Check For Update Now.
2026-03-17 13:14:15,320 [INFO] MicroXplorer:498 - Change Database Version : DB.6.0.121
2026-03-17 13:14:15,366 [INFO] McuFinderGlobals:63 - Set McuFinder mode to 2 (CubeIDE integrated)
2026-03-17 13:14:15,368 [INFO] UserAuth:179 - activating auth plugin
2026-03-17 13:14:15,401 [INFO] UserAuth:417 - Internet connection configuration mode: 1
2026-03-17 13:14:15,543 [INFO] JxBrowserEngine:152 - Initiate JxBrowser Engine with user profile folder
2026-03-17 13:14:15,823 [INFO] CheckServerUpdateThread:120 - End of CheckServer Thread
2026-03-17 13:14:18,495 [INFO] WebApp:167 - Instantiating new browser for Auth
2026-03-17 13:14:22,413 [INFO] WebApp:448 - Apply proxy settings
2026-03-17 13:14:22,414 [INFO] WebApp:533 - Chromium requires no authentication
2026-03-17 13:14:22,463 [INFO] WebApp:476 - Direct internet connection detected
2026-03-17 13:14:22,638 [INFO] WebApp:869 - Register for checkConnection events
2026-03-17 13:14:22,640 [INFO] WebApp:448 - Apply proxy settings
2026-03-17 13:14:22,642 [INFO] WebApp:533 - Chromium requires no authentication
2026-03-17 13:14:22,644 [INFO] WebApp:476 - Direct internet connection detected
2026-03-17 13:14:23,016 [INFO] WebApp:186 - Connection restablished
2026-03-17 13:14:24,487 [INFO] WebApp:220 - Starting web application
2026-03-17 13:14:24,488 [INFO] WebApp:578 - Web application path used E:\App Download\ST\STM32CubeIDE_1.16.1\STM32CubeIDE\plugins\com.st.stm32cube.common.mx_6.12.1.202409122256\db\plugins\mcufinder\reactClient1\index.html
2026-03-17 13:46:36,622 [INFO] McuFinderGlobals:63 - Set McuFinder mode to 2 (CubeIDE integrated)
2026-03-17 13:46:36,714 [INFO] MainUpdater:2873 - connection check result : 10
2026-03-17 13:46:38,446 [INFO] ApiDb:581 - Connected to CubeFinder SQLite database (C:\Users\DELL\.stmcufinder\plugins\mcufinder\mcu\cube-finder-db.db)
2026-03-17 13:46:38,777 [INFO] ApiDb:668 - CubeFinder database Data Model version=2.1
2026-03-17 13:46:38,777 [INFO] ApiDb:669 - CubeFinder database Configuration version=3.0.42
2026-03-17 13:46:38,781 [INFO] ApiDb:670 - CubeFinder database generation date=2026-03-11 (1773229989)
2026-03-17 13:46:38,782 [INFO] ApiDb:671 - CubeFinder database FW Pack versions=[FP-ATR-ASTRA1_V2.0.0, FP-SNS-FLIGHT1_V5.1.0, FP-SNS-MOTENV1_V5.1.0, FP-SNS-MOTENVWB1_V1.5.0, FP-SNS-SMARTAG2_V1.2.0, FP-SNS-STBOX1_V2.1.0, STM32Cube_FW_C0_V1.4.0, STM32Cube_FW_F4_V1.28.3, STM32Cube_FW_F7_V1.17.4, STM32Cube_FW_G0_V1.6.3, STM32Cube_FW_G4_V1.6.2, STM32Cube_FW_H5_V1.6.0, STM32Cube_FW_H7RS_V1.3.0, STM32Cube_FW_H7_V1.13.0, STM32Cube_FW_L0_V1.12.2, STM32Cube_FW_L4_V1.18.2, STM32Cube_FW_L5_V1.6.0, STM32Cube_FW_N6_V1.3.0, STM32Cube_FW_U0_V1.3.0, STM32Cube_FW_U3_V1.3.0, STM32Cube_FW_U5_V1.8.0, STM32Cube_FW_WB0_V1.4.0, STM32Cube_FW_WBA_V1.9.0, STM32Cube_FW_WB_V1.24.0, STM32Cube_FW_WL3_V1.4.0, STM32Cube_FW_WL_V1.5.0, X-CUBE-ALGOBUILD_V1.4.0, X-CUBE-ALS_V1.0.2, X-CUBE-AZRTOS-F4_V1.1.0, X-CUBE-AZRTOS-F7_V1.1.0, X-CUBE-AZRTOS-G0_V1.1.0, X-CUBE-AZRTOS-G4_V2.0.0, X-CUBE-AZRTOS-H7RS_V1.1.0, X-CUBE-AZRTOS-H7_V3.4.0, X-CUBE-AZRTOS-L4_V2.0.0, X-CUBE-AZRTOS-L5_V2.0.0, X-CUBE-AZRTOS-WB_V2.0.0, X-CUBE-AZRTOS-WL_V2.0.0, X-CUBE-BLE1_V7.1.0, X-CUBE-BLE2_V3.3.0, X-CUBE-BLEMGR_V4.1.0, X-CUBE-EEPRMA1_V5.2.0, X-CUBE-FREERTOS_V1.5.0, X-CUBE-GNSS1_V6.0.0, X-CUBE-MEMS1_V12.0.0, X-CUBE-NFC4_V3.0.0, X-CUBE-NFC7_V2.0.0, X-CUBE-SFXS2LP1_V4.0.0, X-CUBE-ST67W61_V1.2.0, X-CUBE-SUBG2_V5.0.0, X-CUBE-TOF1_V3.4.3]
2026-03-17 13:46:39,084 [INFO] DbBoardsSqlite:226 - include board P-NUCLEO-WB55-NUCLEO as a kit item of type 'Nucleo-64'
2026-03-17 13:46:39,085 [INFO] DbBoardsSqlite:226 - include board P-NUCLEO-WB55-USBDONGLE as a kit item of type 'Nucleo USB Dongle'
2026-03-17 13:46:39,086 [INFO] DbBoardsSqlite:226 - include board STEVAL-IDP005V1 as a kit item of type 'Evaluation Board'
2026-03-17 13:46:39,088 [INFO] DbBoardsSqlite:226 - include board STEVAL-IDP005V2 as a kit item of type 'Evaluation Board'
2026-03-17 13:46:40,233 [INFO] ApiDb:240 - Found 646 in-development CPN: [B-G473E-ZEST1S, B-WB1M-WPAN1, B-WL5M-SUBG1, NUCLEO-C031C6, NUCLEO-C071RB, NUCLEO-H503RB, NUCLEO-H533RE, NUCLEO-H563ZI, NUCLEO-H7S3L8, NUCLEO-U031R8, NUCLEO-U083RC, NUCLEO-U545RE-Q, NUCLEO-U5A5ZJ-Q, NUCLEO-WB05KZ, NUCLEO-WB07CC, NUCLEO-WB09KE, NUCLEO-WBA52CG, NUCLEO-WBA55CG, STEVAL-PROTEUS1, STEVAL-SMARTAG2, STEVAL-STWINBX1, STM320518-EVAL, STM32C0116-DK, STM32C011D6Y3TR, STM32C011D6Y6TR, STM32C011F4P3, STM32C011F4P6, STM32C011F4U3, STM32C011F4U6TR, STM32C011F6P3, STM32C011F6P6, STM32C011F6U3, STM32C011F6U6TR, STM32C011J4M3, STM32C011J4M6, STM32C011J6M3, STM32C011J6M6, STM32C0316-DK, STM32C031C4T3, STM32C031C4T6, STM32C031C4U3, STM32C031C4U6, STM32C031C6T3, STM32C031C6T6, STM32C031C6U3, STM32C031C6U6, STM32C031F4P3, STM32C031F4P6, STM32C031F6P3, STM32C031F6P6, STM32C031G4U3, STM32C031G4U6, STM32C031G6U3, STM32C031G6U6, STM32C031K4T3, STM32C031K4T6, STM32C031K4U3, STM32C031K4U6, STM32C031K6T3, STM32C031K6T6, STM32C031K6U3, STM32C031K6U6, STM32C071C8T6, STM32C071C8T6N, STM32C071C8U6, STM32C071C8U6N, STM32C071CBT6, STM32C071CBT6N, STM32C071CBU6, STM32C071CBU6N, STM32C071F8P6, STM32C071F8P6N, STM32C071FBP6, STM32C071FBP6N, STM32C071FBY6TR, STM32C071G8U6, STM32C071G8U6N, STM32C071GBU6, STM32C071GBU6N, STM32C071K8T6, STM32C071K8T6N, STM32C071K8U6, STM32C071K8U6N, STM32C071KBT6, STM32C071KBT6N, STM32C071KBU6, STM32C071KBU6N, STM32C071R8T6, STM32C071R8T6N, STM32C071RBI6N, STM32C071RBT6, STM32C071RBT6N, STM32G071K8TXN, STM32G071K8UXN, STM32G081GBU6N, STM32G081KBT6N, STM32G081KBUXN, STM32G0B1CCT6N, STM32G0B1KCT6, STM32G0B1NEY6TR, STM32G0B1RCT6N, STM32G0C1CCT6, STM32G0C1CCT6N, STM32G0C1CCU6N, STM32G0C1CET6N, STM32G0C1CEU6N, STM32G0C1KCT6, STM32G0C1NEY6TR, STM32G0C1RCI6N, STM32G0C1RCT6N, STM32G0C1REI6N, STM32G0C1RET6N, STM32G0C1VCI6, STM32G0C1VEI6, STM32G411C6T3, STM32G411C6T6, STM32G411C6U3, STM32G411C6U6, STM32G411C8T3, STM32G411C8T6, STM32G411C8U3, STM32G411C8U6, STM32G411CBT3, STM32G411CBT6, STM32G411CBU3, STM32G411CBU6, STM32G411K6T3, STM32G411K6T6, STM32G411K6U3, STM32G411K6U6, STM32G411K8T3, STM32G411K8T6, STM32G411K8U3, STM32G411K8U6, STM32G411KBT3, STM32G411KBT6, STM32G411KBU3, STM32G411KBU6, STM32G411M6T3, STM32G411M6T6, STM32G411M8T3, STM32G411M8T6, STM32G411MBT3, STM32G411MBT6, STM32G411R6T3, STM32G411R6T6, STM32G411R8T3, STM32G411R8T6, STM32G411RBT3, STM32G411RBT6, STM32G414CBT3, STM32G414CBT6, STM32G414CBU3, STM32G414CBU6, STM32G414CCT3, STM32G414CCT6, STM32G414CCU3, STM32G414CCU6, STM32G414MBT3, STM32G414MBT6, STM32G414MCT3, STM32G414MCT6, STM32G414RBT3, STM32G414RBT6, STM32G414RCT3, STM32G414RCT6, STM32G414VBT3, STM32G414VBT6, STM32G414VCT3, STM32G414VCT6, STM32G431CBT3Z, STM32G431RBT3Z, STM32G471CCT6, STM32G471CCU6, STM32G471CET3, STM32G471CET6, STM32G471CEU3, STM32G471CEU6, STM32G471MCT6, STM32G471MET3, STM32G471MET6, STM32G471MEY6TR, STM32G471QCT6, STM32G471QET3, STM32G471RCT6, STM32G471RET3, STM32G471RET6, STM32G471VCH6, STM32G471VCI6, STM32G471VCT6, STM32G471VEH3, STM32G471VEH6, STM32G471VEI3, STM32G471VEI6, STM32G471VET3, STM32G471VET6, STM32G473QET3Z, STM32G473RET3Z, STM32G474CCT6, STM32G491RET3Z, STM32H503CBT6, STM32H503CBU6, STM32H503EBY6TR, STM32H503KBU6, STM32H503RBT6, STM32H523CCT6, STM32H523CCU6, STM32H523CET6, STM32H523CEU6, STM32H523HEY6TR, STM32H523RCT6, STM32H523RET6, STM32H523VCI6, STM32H523VCT6, STM32H523VEI6, STM32H523VET6, STM32H523ZCJ6, STM32H523ZCT6, STM32H523ZEJ6, STM32H523ZET6, STM32H533CET6, STM32H533CEU6, STM32H533HEY6TR, STM32H533RET6, STM32H533VEI6, STM32H533VET6, STM32H533ZEJ6, STM32H533ZET6, STM32H562AGI6, STM32H562AII6, STM32H562IGK6, STM32H562IGT6, STM32H562IIK6, STM32H562IIT6, STM32H562RGT6, STM32H562RGV6, STM32H562RIT6, STM32H562RIV6, STM32H562VGT6, STM32H562VIT6, STM32H562ZGT6, STM32H562ZIT6, STM32H563AGI6, STM32H563AII3Q, STM32H563AII6, STM32H563IGK6, STM32H563IGT6, STM32H563IIK3Q, STM32H563IIK6, STM32H563IIT3Q, STM32H563IIT6, STM32H563MIY3QTR, STM32H563RGT6, STM32H563RGV6, STM32H563RIT6, STM32H563RIV6, STM32H563VGT6, STM32H563VIT3Q, STM32H563VIT6, STM32H563ZGT6, STM32H563ZIT3Q, STM32H563ZIT6, STM32H573AII3Q, STM32H573AII6, STM32H573I-DK, STM32H573IIK3Q, STM32H573IIK6, STM32H573IIT3Q, STM32H573IIT6, STM32H573MIY3QTR, STM32H573RIT6, STM32H573RIV6, STM32H573VIT3Q, STM32H573VIT6, STM32H573ZIT3Q, STM32H573ZIT6, STM32H7R3A8I6, STM32H7R3I8K6, STM32H7R3I8T6, STM32H7R3L8H6, STM32H7R3L8H6H, STM32H7R3R8V6, STM32H7R3V8H6, STM32H7R3V8T6, STM32H7R3V8Y6TR, STM32H7R3Z8J6, STM32H7R3Z8T6, STM32H7R7A8I6, STM32H7R7I8K6, STM32H7R7I8T6, STM32H7R7L8H6, STM32H7R7L8H6H, STM32H7R7Z8J6, STM32H7S3A8I6, STM32H7S3I8K6, STM32H7S3I8T6, STM32H7S3L8H6, STM32H7S3L8H6H, STM32H7S3R8V6, STM32H7S3V8H6, STM32H7S3V8T6, STM32H7S3V8Y6TR, STM32H7S3Z8J6, STM32H7S3Z8T6, STM32H7S78-DK, STM32H7S7A8I6, STM32H7S7I8K6, STM32H7S7I8T6, STM32H7S7L8H6, STM32H7S7L8H6H, STM32H7S7Z8J6, STM32L4R5QGI6STR, STM32MP131AAE3, STM32MP131AAF3, STM32MP131AAG3, STM32MP131CAE3, STM32MP131CAF3, STM32MP131CAG3, STM32MP131DAE7, STM32MP131DAF7, STM32MP131DAG7, STM32MP131FAE7, STM32MP131FAF7, STM32MP131FAG7, STM32MP133AAE3, STM32MP133AAF3, STM32MP133AAG3, STM32MP133CAE3, STM32MP133CAF3, STM32MP133CAG3, STM32MP133DAE7, STM32MP133DAF7, STM32MP133DAG7, STM32MP133FAE7, STM32MP133FAF7, STM32MP133FAG7, STM32MP135AAE3, STM32MP135AAF3, STM32MP135AAG3, STM32MP135CAE3, STM32MP135CAF3, STM32MP135CAG3, STM32MP135DAE7, STM32MP135DAF7, STM32MP135DAG7, STM32MP135F-DK, STM32MP135FAE7, STM32MP135FAF7, STM32MP135FAF7T, STM32MP135FAF7U, STM32MP135FAG7, STM32MP251AAI3, STM32MP251AAK3, STM32MP251AAL3, STM32MP251CAI3, STM32MP251CAK3, STM32MP251CAL3, STM32MP251DAI3, STM32MP251DAK3, STM32MP251DAL3, STM32MP251FAI3, STM32MP251FAK3, STM32MP251FAL3, STM32MP253AAI3, STM32MP253AAK3, STM32MP253AAL3, STM32MP253CAI3, STM32MP253CAK3, STM32MP253CAL3, STM32MP253DAI3, STM32MP253DAK3, STM32MP253DAL3, STM32MP253FAI3, STM32MP253FAK3, STM32MP253FAL3, STM32MP255AAI3, STM32MP255AAK3, STM32MP255AAL3, STM32MP255CAI3, STM32MP255CAK3, STM32MP255CAL3, STM32MP255DAI3, STM32MP255DAK3, STM32MP255DAL3, STM32MP255FAI3, STM32MP255FAK3, STM32MP255FAL3, STM32MP257AAI3, STM32MP257AAK3, STM32MP257AAL3, STM32MP257CAI3, STM32MP257CAK3, STM32MP257CAL3, STM32MP257DAI3, STM32MP257DAK3, STM32MP257DAL3, STM32MP257F-DK, STM32MP257F-EV1, STM32MP257FAI3, STM32MP257FAK3, STM32MP257FAL3, STM32U031C6T6, STM32U031C6U6, STM32U031C8T6, STM32U031C8U6, STM32U031F4P6, STM32U031F6P6, STM32U031F8P6, STM32U031G6Y6TR, STM32U031G8Y6TR, STM32U031K4U6, STM32U031K6U6, STM32U031K8U6, STM32U031R6I6, STM32U031R6T6, STM32U031R8I6, STM32U031R8T6, STM32U073C8T6, STM32U073C8U6, STM32U073CBT6, STM32U073CBU6, STM32U073CCT6, STM32U073CCU6, STM32U073H8Y6TR, STM32U073HBY6TR, STM32U073HCY6TR, STM32U073K8U6, STM32U073KBU6, STM32U073KCU6, STM32U073M8I6, STM32U073M8T6, STM32U073MBI6, STM32U073MBT6, STM32U073MCI6, STM32U073MCT6, STM32U073R8I6, STM32U073R8T6, STM32U073RBI6, STM32U073RBT6, STM32U073RCI6, STM32U073RCT6, STM32U083C-DK, STM32U083CCT6, STM32U083CCU6, STM32U083HCY6TR, STM32U083KCU6, STM32U083MCI6, STM32U083MCT6, STM32U083RCI6, STM32U083RCT6, STM32U535CBT6, STM32U535CBT6Q, STM32U535CBU6, STM32U535CBU6Q, STM32U535CCT6, STM32U535CCT6Q, STM32U535CCU6, STM32U535CCU6Q, STM32U535CET6, STM32U535CET6Q, STM32U535CEU6, STM32U535CEU6Q, STM32U535JEY6QTR, STM32U535NCY6QTR, STM32U535NEY6QTR, STM32U535RBI6, STM32U535RBI6Q, STM32U535RBT6, STM32U535RBT6Q, STM32U535RCI6, STM32U535RCI6Q, STM32U535RCT6, STM32U535RCT6Q, STM32U535REI6, STM32U535REI6Q, STM32U535RET6, STM32U535RET6Q, STM32U535VCI6, STM32U535VCI6Q, STM32U535VCT6, STM32U535VCT6Q, STM32U535VEI6, STM32U535VEI6Q, STM32U535VET6, STM32U535VET6Q, STM32U545CET6, STM32U545CET6Q, STM32U545CEU6, STM32U545CEU6Q, STM32U545JEY6QTR, STM32U545NEY6QTR, STM32U545REI6, STM32U545REI6Q, STM32U545RET6, STM32U545RET6Q, STM32U545VEI6, STM32U545VEI6Q, STM32U545VET6, STM32U545VET6Q, STM32U595AIH6, STM32U595AIH6Q, STM32U595AJH6, STM32U595AJH6Q, STM32U595QII6, STM32U595QII6Q, STM32U595QJI6, STM32U595QJI6Q, STM32U595RIT6, STM32U595RIT6Q, STM32U595RJT6, STM32U595RJT6Q, STM32U595VIT6, STM32U595VIT6Q, STM32U595VJT6, STM32U595VJT6Q, STM32U595ZIT6, STM32U595ZIT6Q, STM32U595ZIY6QTR, STM32U595ZJT6, STM32U595ZJT6Q, STM32U595ZJY6QTR, STM32U599BJY6QTR, STM32U599NIH6Q, STM32U599NJH6Q, STM32U599VIT6Q, STM32U599VJT6, STM32U599VJT6Q, STM32U599ZIT6Q, STM32U599ZIY6QTR, STM32U599ZJT6Q, STM32U599ZJY6QTR, STM32U5A5AJH6, STM32U5A5AJH6Q, STM32U5A5QII3Q , STM32U5A5QJI6, STM32U5A5QJI6Q, STM32U5A5RJT6, STM32U5A5RJT6Q, STM32U5A5VJT6, STM32U5A5VJT6Q, STM32U5A5ZJT6, STM32U5A5ZJT6Q, STM32U5A5ZJY6QTR, STM32U5A9BJY6QTR, STM32U5A9J-DK, STM32U5A9NJH6Q, STM32U5A9VJT6Q, STM32U5A9ZJT6Q, STM32U5A9ZJY6QTR, STM32U5F7VIT6, STM32U5F7VIT6Q, STM32U5F7VJT6, STM32U5F7VJT6Q, STM32U5F9BJY6QTR, STM32U5F9NJH6Q, STM32U5F9VIT6Q, STM32U5F9VJT6Q, STM32U5F9ZIJ6QTR, STM32U5F9ZIT6Q, STM32U5F9ZJJ6QTR, STM32U5F9ZJT6Q, STM32U5G7VJT6, STM32U5G7VJT6Q, STM32U5G9BJY6QTR, STM32U5G9J-DK1, STM32U5G9J-DK2, STM32U5G9NJH6Q, STM32U5G9VJT6Q, STM32U5G9ZJJ6QTR, STM32U5G9ZJT6Q, STM32WB05KZV6TR, STM32WB05KZV7TR, STM32WB05TZF6TR, STM32WB05TZF7TR, STM32WB06CCF6TR, STM32WB06CCF7TR, STM32WB06CCV6TR, STM32WB06CCV7TR, STM32WB06KCV6TR, STM32WB06KCV7TR, STM32WB07CCF6TR, STM32WB07CCF7TR, STM32WB07CCV6TR, STM32WB07CCV7TR, STM32WB07KCV6TR, STM32WB07KCV7TR, STM32WB09KEV6TR, STM32WB09KEV7TR, STM32WB09TEF6TR, STM32WB09TEF7TR, STM32WB1MMCH6, STM32WBA50KGU6, STM32WBA50KGU6TR, STM32WBA52CEU6, STM32WBA52CEU6TR, STM32WBA52CEU7, STM32WBA52CEU7TR, STM32WBA52CGU6, STM32WBA52CGU6TR, STM32WBA52CGU6U, STM32WBA52CGU7, STM32WBA52CGU7TR, STM32WBA52KEU6, STM32WBA52KEU6TR, STM32WBA52KGU6, STM32WBA52KGU6TR, STM32WBA54CEU6, STM32WBA54CEU6TR, STM32WBA54CEU7, STM32WBA54CEU7TR, STM32WBA54CGU6, STM32WBA54CGU6TR, STM32WBA54CGU7, STM32WBA54CGU7TR, STM32WBA54KEU6, STM32WBA54KEU6TR, STM32WBA54KEU7, STM32WBA54KEU7TR, STM32WBA54KGU6, STM32WBA54KGU6TR, STM32WBA54KGU7, STM32WBA54KGU7TR, STM32WBA55CEU6, STM32WBA55CEU6TR, STM32WBA55CEU7, STM32WBA55CEU7TR, STM32WBA55CGU6, STM32WBA55CGU6TR, STM32WBA55CGU6U, STM32WBA55CGU7, STM32WBA55CGU7TR, STM32WBA55G-DK1, STM32WBA55HEF6, STM32WBA55HEF7, STM32WBA55HGF6, STM32WBA55HGF7, STM32WBA55UEI6, STM32WBA55UEI6TR, STM32WBA55UEI7, STM32WBA55UEI7TR, STM32WBA55UGI6, STM32WBA55UGI6TR, STM32WBA55UGI7, STM32WBA55UGI7TR, STM32WL5MOCH6, STM32WL5MOCH6TR]
2026-03-17 13:46:40,262 [INFO] ApiDb:668 - CubeFinder database Data Model version=2.1
2026-03-17 13:46:40,262 [INFO] ApiDb:669 - CubeFinder database Configuration version=3.0.42
2026-03-17 13:46:40,262 [INFO] ApiDb:670 - CubeFinder database generation date=2026-03-11 (1773229989)
2026-03-17 13:46:40,263 [INFO] ApiDb:671 - CubeFinder database FW Pack versions=[FP-ATR-ASTRA1_V2.0.0, FP-SNS-FLIGHT1_V5.1.0, FP-SNS-MOTENV1_V5.1.0, FP-SNS-MOTENVWB1_V1.5.0, FP-SNS-SMARTAG2_V1.2.0, FP-SNS-STBOX1_V2.1.0, STM32Cube_FW_C0_V1.4.0, STM32Cube_FW_F4_V1.28.3, STM32Cube_FW_F7_V1.17.4, STM32Cube_FW_G0_V1.6.3, STM32Cube_FW_G4_V1.6.2, STM32Cube_FW_H5_V1.6.0, STM32Cube_FW_H7RS_V1.3.0, STM32Cube_FW_H7_V1.13.0, STM32Cube_FW_L0_V1.12.2, STM32Cube_FW_L4_V1.18.2, STM32Cube_FW_L5_V1.6.0, STM32Cube_FW_N6_V1.3.0, STM32Cube_FW_U0_V1.3.0, STM32Cube_FW_U3_V1.3.0, STM32Cube_FW_U5_V1.8.0, STM32Cube_FW_WB0_V1.4.0, STM32Cube_FW_WBA_V1.9.0, STM32Cube_FW_WB_V1.24.0, STM32Cube_FW_WL3_V1.4.0, STM32Cube_FW_WL_V1.5.0, X-CUBE-ALGOBUILD_V1.4.0, X-CUBE-ALS_V1.0.2, X-CUBE-AZRTOS-F4_V1.1.0, X-CUBE-AZRTOS-F7_V1.1.0, X-CUBE-AZRTOS-G0_V1.1.0, X-CUBE-AZRTOS-G4_V2.0.0, X-CUBE-AZRTOS-H7RS_V1.1.0, X-CUBE-AZRTOS-H7_V3.4.0, X-CUBE-AZRTOS-L4_V2.0.0, X-CUBE-AZRTOS-L5_V2.0.0, X-CUBE-AZRTOS-WB_V2.0.0, X-CUBE-AZRTOS-WL_V2.0.0, X-CUBE-BLE1_V7.1.0, X-CUBE-BLE2_V3.3.0, X-CUBE-BLEMGR_V4.1.0, X-CUBE-EEPRMA1_V5.2.0, X-CUBE-FREERTOS_V1.5.0, X-CUBE-GNSS1_V6.0.0, X-CUBE-MEMS1_V12.0.0, X-CUBE-NFC4_V3.0.0, X-CUBE-NFC7_V2.0.0, X-CUBE-SFXS2LP1_V4.0.0, X-CUBE-ST67W61_V1.2.0, X-CUBE-SUBG2_V5.0.0, X-CUBE-TOF1_V3.4.3]
2026-03-17 13:46:45,670 [INFO] ApiDb:240 - Found 646 in-development CPN: [B-G473E-ZEST1S, B-WB1M-WPAN1, B-WL5M-SUBG1, NUCLEO-C031C6, NUCLEO-C071RB, NUCLEO-H503RB, NUCLEO-H533RE, NUCLEO-H563ZI, NUCLEO-H7S3L8, NUCLEO-U031R8, NUCLEO-U083RC, NUCLEO-U545RE-Q, NUCLEO-U5A5ZJ-Q, NUCLEO-WB05KZ, NUCLEO-WB07CC, NUCLEO-WB09KE, NUCLEO-WBA52CG, NUCLEO-WBA55CG, STEVAL-PROTEUS1, STEVAL-SMARTAG2, STEVAL-STWINBX1, STM320518-EVAL, STM32C0116-DK, STM32C011D6Y3TR, STM32C011D6Y6TR, STM32C011F4P3, STM32C011F4P6, STM32C011F4U3, STM32C011F4U6TR, STM32C011F6P3, STM32C011F6P6, STM32C011F6U3, STM32C011F6U6TR, STM32C011J4M3, STM32C011J4M6, STM32C011J6M3, STM32C011J6M6, STM32C0316-DK, STM32C031C4T3, STM32C031C4T6, STM32C031C4U3, STM32C031C4U6, STM32C031C6T3, STM32C031C6T6, STM32C031C6U3, STM32C031C6U6, STM32C031F4P3, STM32C031F4P6, STM32C031F6P3, STM32C031F6P6, STM32C031G4U3, STM32C031G4U6, STM32C031G6U3, STM32C031G6U6, STM32C031K4T3, STM32C031K4T6, STM32C031K4U3, STM32C031K4U6, STM32C031K6T3, STM32C031K6T6, STM32C031K6U3, STM32C031K6U6, STM32C071C8T6, STM32C071C8T6N, STM32C071C8U6, STM32C071C8U6N, STM32C071CBT6, STM32C071CBT6N, STM32C071CBU6, STM32C071CBU6N, STM32C071F8P6, STM32C071F8P6N, STM32C071FBP6, STM32C071FBP6N, STM32C071FBY6TR, STM32C071G8U6, STM32C071G8U6N, STM32C071GBU6, STM32C071GBU6N, STM32C071K8T6, STM32C071K8T6N, STM32C071K8U6, STM32C071K8U6N, STM32C071KBT6, STM32C071KBT6N, STM32C071KBU6, STM32C071KBU6N, STM32C071R8T6, STM32C071R8T6N, STM32C071RBI6N, STM32C071RBT6, STM32C071RBT6N, STM32G071K8TXN, STM32G071K8UXN, STM32G081GBU6N, STM32G081KBT6N, STM32G081KBUXN, STM32G0B1CCT6N, STM32G0B1KCT6, STM32G0B1NEY6TR, STM32G0B1RCT6N, STM32G0C1CCT6, STM32G0C1CCT6N, STM32G0C1CCU6N, STM32G0C1CET6N, STM32G0C1CEU6N, STM32G0C1KCT6, STM32G0C1NEY6TR, STM32G0C1RCI6N, STM32G0C1RCT6N, STM32G0C1REI6N, STM32G0C1RET6N, STM32G0C1VCI6, STM32G0C1VEI6, STM32G411C6T3, STM32G411C6T6, STM32G411C6U3, STM32G411C6U6, STM32G411C8T3, STM32G411C8T6, STM32G411C8U3, STM32G411C8U6, STM32G411CBT3, STM32G411CBT6, STM32G411CBU3, STM32G411CBU6, STM32G411K6T3, STM32G411K6T6, STM32G411K6U3, STM32G411K6U6, STM32G411K8T3, STM32G411K8T6, STM32G411K8U3, STM32G411K8U6, STM32G411KBT3, STM32G411KBT6, STM32G411KBU3, STM32G411KBU6, STM32G411M6T3, STM32G411M6T6, STM32G411M8T3, STM32G411M8T6, STM32G411MBT3, STM32G411MBT6, STM32G411R6T3, STM32G411R6T6, STM32G411R8T3, STM32G411R8T6, STM32G411RBT3, STM32G411RBT6, STM32G414CBT3, STM32G414CBT6, STM32G414CBU3, STM32G414CBU6, STM32G414CCT3, STM32G414CCT6, STM32G414CCU3, STM32G414CCU6, STM32G414MBT3, STM32G414MBT6, STM32G414MCT3, STM32G414MCT6, STM32G414RBT3, STM32G414RBT6, STM32G414RCT3, STM32G414RCT6, STM32G414VBT3, STM32G414VBT6, STM32G414VCT3, STM32G414VCT6, STM32G431CBT3Z, STM32G431RBT3Z, STM32G471CCT6, STM32G471CCU6, STM32G471CET3, STM32G471CET6, STM32G471CEU3, STM32G471CEU6, STM32G471MCT6, STM32G471MET3, STM32G471MET6, STM32G471MEY6TR, STM32G471QCT6, STM32G471QET3, STM32G471RCT6, STM32G471RET3, STM32G471RET6, STM32G471VCH6, STM32G471VCI6, STM32G471VCT6, STM32G471VEH3, STM32G471VEH6, STM32G471VEI3, STM32G471VEI6, STM32G471VET3, STM32G471VET6, STM32G473QET3Z, STM32G473RET3Z, STM32G474CCT6, STM32G491RET3Z, STM32H503CBT6, STM32H503CBU6, STM32H503EBY6TR, STM32H503KBU6, STM32H503RBT6, STM32H523CCT6, STM32H523CCU6, STM32H523CET6, STM32H523CEU6, STM32H523HEY6TR, STM32H523RCT6, STM32H523RET6, STM32H523VCI6, STM32H523VCT6, STM32H523VEI6, STM32H523VET6, STM32H523ZCJ6, STM32H523ZCT6, STM32H523ZEJ6, STM32H523ZET6, STM32H533CET6, STM32H533CEU6, STM32H533HEY6TR, STM32H533RET6, STM32H533VEI6, STM32H533VET6, STM32H533ZEJ6, STM32H533ZET6, STM32H562AGI6, STM32H562AII6, STM32H562IGK6, STM32H562IGT6, STM32H562IIK6, STM32H562IIT6, STM32H562RGT6, STM32H562RGV6, STM32H562RIT6, STM32H562RIV6, STM32H562VGT6, STM32H562VIT6, STM32H562ZGT6, STM32H562ZIT6, STM32H563AGI6, STM32H563AII3Q, STM32H563AII6, STM32H563IGK6, STM32H563IGT6, STM32H563IIK3Q, STM32H563IIK6, STM32H563IIT3Q, STM32H563IIT6, STM32H563MIY3QTR, STM32H563RGT6, STM32H563RGV6, STM32H563RIT6, STM32H563RIV6, STM32H563VGT6, STM32H563VIT3Q, STM32H563VIT6, STM32H563ZGT6, STM32H563ZIT3Q, STM32H563ZIT6, STM32H573AII3Q, STM32H573AII6, STM32H573I-DK, STM32H573IIK3Q, STM32H573IIK6, STM32H573IIT3Q, STM32H573IIT6, STM32H573MIY3QTR, STM32H573RIT6, STM32H573RIV6, STM32H573VIT3Q, STM32H573VIT6, STM32H573ZIT3Q, STM32H573ZIT6, STM32H7R3A8I6, STM32H7R3I8K6, STM32H7R3I8T6, STM32H7R3L8H6, STM32H7R3L8H6H, STM32H7R3R8V6, STM32H7R3V8H6, STM32H7R3V8T6, STM32H7R3V8Y6TR, STM32H7R3Z8J6, STM32H7R3Z8T6, STM32H7R7A8I6, STM32H7R7I8K6, STM32H7R7I8T6, STM32H7R7L8H6, STM32H7R7L8H6H, STM32H7R7Z8J6, STM32H7S3A8I6, STM32H7S3I8K6, STM32H7S3I8T6, STM32H7S3L8H6, STM32H7S3L8H6H, STM32H7S3R8V6, STM32H7S3V8H6, STM32H7S3V8T6, STM32H7S3V8Y6TR, STM32H7S3Z8J6, STM32H7S3Z8T6, STM32H7S78-DK, STM32H7S7A8I6, STM32H7S7I8K6, STM32H7S7I8T6, STM32H7S7L8H6, STM32H7S7L8H6H, STM32H7S7Z8J6, STM32L4R5QGI6STR, STM32MP131AAE3, STM32MP131AAF3, STM32MP131AAG3, STM32MP131CAE3, STM32MP131CAF3, STM32MP131CAG3, STM32MP131DAE7, STM32MP131DAF7, STM32MP131DAG7, STM32MP131FAE7, STM32MP131FAF7, STM32MP131FAG7, STM32MP133AAE3, STM32MP133AAF3, STM32MP133AAG3, STM32MP133CAE3, STM32MP133CAF3, STM32MP133CAG3, STM32MP133DAE7, STM32MP133DAF7, STM32MP133DAG7, STM32MP133FAE7, STM32MP133FAF7, STM32MP133FAG7, STM32MP135AAE3, STM32MP135AAF3, STM32MP135AAG3, STM32MP135CAE3, STM32MP135CAF3, STM32MP135CAG3, STM32MP135DAE7, STM32MP135DAF7, STM32MP135DAG7, STM32MP135F-DK, STM32MP135FAE7, STM32MP135FAF7, STM32MP135FAF7T, STM32MP135FAF7U, STM32MP135FAG7, STM32MP251AAI3, STM32MP251AAK3, STM32MP251AAL3, STM32MP251CAI3, STM32MP251CAK3, STM32MP251CAL3, STM32MP251DAI3, STM32MP251DAK3, STM32MP251DAL3, STM32MP251FAI3, STM32MP251FAK3, STM32MP251FAL3, STM32MP253AAI3, STM32MP253AAK3, STM32MP253AAL3, STM32MP253CAI3, STM32MP253CAK3, STM32MP253CAL3, STM32MP253DAI3, STM32MP253DAK3, STM32MP253DAL3, STM32MP253FAI3, STM32MP253FAK3, STM32MP253FAL3, STM32MP255AAI3, STM32MP255AAK3, STM32MP255AAL3, STM32MP255CAI3, STM32MP255CAK3, STM32MP255CAL3, STM32MP255DAI3, STM32MP255DAK3, STM32MP255DAL3, STM32MP255FAI3, STM32MP255FAK3, STM32MP255FAL3, STM32MP257AAI3, STM32MP257AAK3, STM32MP257AAL3, STM32MP257CAI3, STM32MP257CAK3, STM32MP257CAL3, STM32MP257DAI3, STM32MP257DAK3, STM32MP257DAL3, STM32MP257F-DK, STM32MP257F-EV1, STM32MP257FAI3, STM32MP257FAK3, STM32MP257FAL3, STM32U031C6T6, STM32U031C6U6, STM32U031C8T6, STM32U031C8U6, STM32U031F4P6, STM32U031F6P6, STM32U031F8P6, STM32U031G6Y6TR, STM32U031G8Y6TR, STM32U031K4U6, STM32U031K6U6, STM32U031K8U6, STM32U031R6I6, STM32U031R6T6, STM32U031R8I6, STM32U031R8T6, STM32U073C8T6, STM32U073C8U6, STM32U073CBT6, STM32U073CBU6, STM32U073CCT6, STM32U073CCU6, STM32U073H8Y6TR, STM32U073HBY6TR, STM32U073HCY6TR, STM32U073K8U6, STM32U073KBU6, STM32U073KCU6, STM32U073M8I6, STM32U073M8T6, STM32U073MBI6, STM32U073MBT6, STM32U073MCI6, STM32U073MCT6, STM32U073R8I6, STM32U073R8T6, STM32U073RBI6, STM32U073RBT6, STM32U073RCI6, STM32U073RCT6, STM32U083C-DK, STM32U083CCT6, STM32U083CCU6, STM32U083HCY6TR, STM32U083KCU6, STM32U083MCI6, STM32U083MCT6, STM32U083RCI6, STM32U083RCT6, STM32U535CBT6, STM32U535CBT6Q, STM32U535CBU6, STM32U535CBU6Q, STM32U535CCT6, STM32U535CCT6Q, STM32U535CCU6, STM32U535CCU6Q, STM32U535CET6, STM32U535CET6Q, STM32U535CEU6, STM32U535CEU6Q, STM32U535JEY6QTR, STM32U535NCY6QTR, STM32U535NEY6QTR, STM32U535RBI6, STM32U535RBI6Q, STM32U535RBT6, STM32U535RBT6Q, STM32U535RCI6, STM32U535RCI6Q, STM32U535RCT6, STM32U535RCT6Q, STM32U535REI6, STM32U535REI6Q, STM32U535RET6, STM32U535RET6Q, STM32U535VCI6, STM32U535VCI6Q, STM32U535VCT6, STM32U535VCT6Q, STM32U535VEI6, STM32U535VEI6Q, STM32U535VET6, STM32U535VET6Q, STM32U545CET6, STM32U545CET6Q, STM32U545CEU6, STM32U545CEU6Q, STM32U545JEY6QTR, STM32U545NEY6QTR, STM32U545REI6, STM32U545REI6Q, STM32U545RET6, STM32U545RET6Q, STM32U545VEI6, STM32U545VEI6Q, STM32U545VET6, STM32U545VET6Q, STM32U595AIH6, STM32U595AIH6Q, STM32U595AJH6, STM32U595AJH6Q, STM32U595QII6, STM32U595QII6Q, STM32U595QJI6, STM32U595QJI6Q, STM32U595RIT6, STM32U595RIT6Q, STM32U595RJT6, STM32U595RJT6Q, STM32U595VIT6, STM32U595VIT6Q, STM32U595VJT6, STM32U595VJT6Q, STM32U595ZIT6, STM32U595ZIT6Q, STM32U595ZIY6QTR, STM32U595ZJT6, STM32U595ZJT6Q, STM32U595ZJY6QTR, STM32U599BJY6QTR, STM32U599NIH6Q, STM32U599NJH6Q, STM32U599VIT6Q, STM32U599VJT6, STM32U599VJT6Q, STM32U599ZIT6Q, STM32U599ZIY6QTR, STM32U599ZJT6Q, STM32U599ZJY6QTR, STM32U5A5AJH6, STM32U5A5AJH6Q, STM32U5A5QII3Q , STM32U5A5QJI6, STM32U5A5QJI6Q, STM32U5A5RJT6, STM32U5A5RJT6Q, STM32U5A5VJT6, STM32U5A5VJT6Q, STM32U5A5ZJT6, STM32U5A5ZJT6Q, STM32U5A5ZJY6QTR, STM32U5A9BJY6QTR, STM32U5A9J-DK, STM32U5A9NJH6Q, STM32U5A9VJT6Q, STM32U5A9ZJT6Q, STM32U5A9ZJY6QTR, STM32U5F7VIT6, STM32U5F7VIT6Q, STM32U5F7VJT6, STM32U5F7VJT6Q, STM32U5F9BJY6QTR, STM32U5F9NJH6Q, STM32U5F9VIT6Q, STM32U5F9VJT6Q, STM32U5F9ZIJ6QTR, STM32U5F9ZIT6Q, STM32U5F9ZJJ6QTR, STM32U5F9ZJT6Q, STM32U5G7VJT6, STM32U5G7VJT6Q, STM32U5G9BJY6QTR, STM32U5G9J-DK1, STM32U5G9J-DK2, STM32U5G9NJH6Q, STM32U5G9VJT6Q, STM32U5G9ZJJ6QTR, STM32U5G9ZJT6Q, STM32WB05KZV6TR, STM32WB05KZV7TR, STM32WB05TZF6TR, STM32WB05TZF7TR, STM32WB06CCF6TR, STM32WB06CCF7TR, STM32WB06CCV6TR, STM32WB06CCV7TR, STM32WB06KCV6TR, STM32WB06KCV7TR, STM32WB07CCF6TR, STM32WB07CCF7TR, STM32WB07CCV6TR, STM32WB07CCV7TR, STM32WB07KCV6TR, STM32WB07KCV7TR, STM32WB09KEV6TR, STM32WB09KEV7TR, STM32WB09TEF6TR, STM32WB09TEF7TR, STM32WB1MMCH6, STM32WBA50KGU6, STM32WBA50KGU6TR, STM32WBA52CEU6, STM32WBA52CEU6TR, STM32WBA52CEU7, STM32WBA52CEU7TR, STM32WBA52CGU6, STM32WBA52CGU6TR, STM32WBA52CGU6U, STM32WBA52CGU7, STM32WBA52CGU7TR, STM32WBA52KEU6, STM32WBA52KEU6TR, STM32WBA52KGU6, STM32WBA52KGU6TR, STM32WBA54CEU6, STM32WBA54CEU6TR, STM32WBA54CEU7, STM32WBA54CEU7TR, STM32WBA54CGU6, STM32WBA54CGU6TR, STM32WBA54CGU7, STM32WBA54CGU7TR, STM32WBA54KEU6, STM32WBA54KEU6TR, STM32WBA54KEU7, STM32WBA54KEU7TR, STM32WBA54KGU6, STM32WBA54KGU6TR, STM32WBA54KGU7, STM32WBA54KGU7TR, STM32WBA55CEU6, STM32WBA55CEU6TR, STM32WBA55CEU7, STM32WBA55CEU7TR, STM32WBA55CGU6, STM32WBA55CGU6TR, STM32WBA55CGU6U, STM32WBA55CGU7, STM32WBA55CGU7TR, STM32WBA55G-DK1, STM32WBA55HEF6, STM32WBA55HEF7, STM32WBA55HGF6, STM32WBA55HGF7, STM32WBA55UEI6, STM32WBA55UEI6TR, STM32WBA55UEI7, STM32WBA55UEI7TR, STM32WBA55UGI6, STM32WBA55UGI6TR, STM32WBA55UGI7, STM32WBA55UGI7TR, STM32WL5MOCH6, STM32WL5MOCH6TR]
2026-03-17 13:46:45,679 [INFO] DbMcus:218 - Found 5045 MCUs, 4958 are supported
2026-03-17 13:46:45,685 [INFO] ApiDb:423 - Load user favorites file C:\Users\DELL/.stm32cubeide/favorites.mcus.txt: 0 item(s)
2026-03-17 13:46:45,685 [INFO] ApiDb:427 - User favorites MCUs=[]
2026-03-17 13:46:45,685 [INFO] DbMcus:224 - Set 0 / 0 favorites MCUs
2026-03-17 13:46:47,150 [INFO] BoardInfo:889 - No configuration file found for board B-WBA5M-WPAN
2026-03-17 13:46:47,152 [INFO] DbBoards:161 - Board is not supported: B-WBA5M-WPAN
2026-03-17 13:46:47,162 [INFO] BoardInfo:889 - No configuration file found for board NUCLEO-C051C8
2026-03-17 13:46:47,163 [INFO] DbBoards:161 - Board is not supported: NUCLEO-C051C8
2026-03-17 13:46:47,174 [INFO] BoardInfo:889 - No configuration file found for board NUCLEO-C092RC
2026-03-17 13:46:47,176 [INFO] DbBoards:161 - Board is not supported: NUCLEO-C092RC
2026-03-17 13:46:47,291 [INFO] BoardInfo:889 - No configuration file found for board NUCLEO-H5E5ZJ
2026-03-17 13:46:47,291 [INFO] DbBoards:161 - Board is not supported: NUCLEO-H5E5ZJ
2026-03-17 13:46:47,355 [INFO] BoardInfo:889 - No configuration file found for board NUCLEO-N657X0-Q
2026-03-17 13:46:47,357 [INFO] DbBoards:161 - Board is not supported: NUCLEO-N657X0-Q
2026-03-17 13:46:47,364 [INFO] BoardInfo:889 - No configuration file found for board NUCLEO-U385RG-Q
2026-03-17 13:46:47,365 [INFO] DbBoards:161 - Board is not supported: NUCLEO-U385RG-Q
2026-03-17 13:46:47,367 [INFO] BoardInfo:889 - No configuration file found for board NUCLEO-U3C5ZI-Q
2026-03-17 13:46:47,368 [INFO] DbBoards:161 - Board is not supported: NUCLEO-U3C5ZI-Q
2026-03-17 13:46:47,391 [INFO] BoardInfo:889 - No configuration file found for board NUCLEO-WBA25CE1
2026-03-17 13:46:47,392 [INFO] DbBoards:161 - Board is not supported: NUCLEO-WBA25CE1
2026-03-17 13:46:47,399 [INFO] BoardInfo:889 - No configuration file found for board NUCLEO-WBA65RI
2026-03-17 13:46:47,399 [INFO] DbBoards:161 - Board is not supported: NUCLEO-WBA65RI
2026-03-17 13:46:47,401 [INFO] BoardInfo:889 - No configuration file found for board NUCLEO-WL33CC1
2026-03-17 13:46:47,402 [INFO] DbBoards:161 - Board is not supported: NUCLEO-WL33CC1
2026-03-17 13:46:47,405 [INFO] BoardInfo:889 - No configuration file found for board NUCLEO-WL33CC2
2026-03-17 13:46:47,406 [INFO] DbBoards:161 - Board is not supported: NUCLEO-WL33CC2
2026-03-17 13:46:47,408 [INFO] BoardInfo:889 - No configuration file found for board NUCLEO-WL3RKB1
2026-03-17 13:46:47,409 [INFO] DbBoards:161 - Board is not supported: NUCLEO-WL3RKB1
2026-03-17 13:46:47,411 [INFO] BoardInfo:889 - No configuration file found for board NUCLEO-WL3RKB2
2026-03-17 13:46:47,412 [INFO] DbBoards:161 - Board is not supported: NUCLEO-WL3RKB2
2026-03-17 13:46:47,425 [INFO] BoardInfo:889 - No configuration file found for board P-NUCLEO-WB55
2026-03-17 13:46:47,426 [INFO] DbBoards:161 - Kit is not supported: P-NUCLEO-WB55
2026-03-17 13:46:47,435 [INFO] BoardInfo:889 - No configuration file found for board STEVAL-BFA001V1B
2026-03-17 13:46:47,437 [INFO] DbBoards:161 - Kit is not supported: STEVAL-BFA001V1B
2026-03-17 13:46:47,439 [INFO] BoardInfo:889 - No configuration file found for board STEVAL-BFA001V2B
2026-03-17 13:46:47,440 [INFO] DbBoards:161 - Kit is not supported: STEVAL-BFA001V2B
2026-03-17 13:46:47,573 [INFO] BoardInfo:889 - No configuration file found for board STM32H5F5J-DK
2026-03-17 13:46:47,575 [INFO] DbBoards:161 - Board is not supported: STM32H5F5J-DK
2026-03-17 13:46:47,650 [INFO] BoardInfo:889 - No configuration file found for board STM32MP215F-DK
2026-03-17 13:46:47,651 [INFO] DbBoards:161 - Board is not supported: STM32MP215F-DK
2026-03-17 13:46:47,657 [INFO] BoardInfo:889 - No configuration file found for board STM32N6570-DK
2026-03-17 13:46:47,658 [INFO] DbBoards:161 - Board is not supported: STM32N6570-DK
2026-03-17 13:46:47,679 [INFO] BoardInfo:889 - No configuration file found for board STM32WBA65I-DK1
2026-03-17 13:46:47,681 [INFO] DbBoards:161 - Board is not supported: STM32WBA65I-DK1
2026-03-17 13:46:47,681 [INFO] DbBoards:168 - Found 218 boards, 198 are supported
2026-03-17 13:46:47,682 [INFO] DbBoards:169 - Found 218 boards, 25 of them is supported for  Bsp
2026-03-17 13:46:47,692 [INFO] ApiDb:414 - User favorites file not found: C:\Users\DELL/.stm32cubeide/favorites.boards.txt
2026-03-17 13:46:47,692 [INFO] DbBoards:198 - Set 0 / 0 favorites Boards
2026-03-17 13:46:47,693 [INFO] McuFinderGlobals:76 - Set McuFinderConnectedMode to true
2026-03-17 13:46:47,726 [INFO] MultiScanPanel:200 - Auto-refresh data requested => check proxy status ongoing
2026-03-17 13:46:47,738 [INFO] FinderPluginLoader:95 - Searching for filters in installed packs
2026-03-17 13:46:52,175 [INFO] LoadUrlFilesThread:185 - End of LoadServerUrlFiles without Thread
2026-03-17 13:46:52,279 [INFO] DetailPanel:341 - Set advertising image to C:/Users/DELL/STM32Cube/Repository/\en.prom-stm32c5-0326.jpg
2026-03-17 13:51:06,374 [INFO] MainUpdater:2873 - connection check result : 10
2026-03-17 13:51:06,374 [INFO] MainUpdater:2873 - connection check result : 10
2026-03-17 13:51:06,690 [INFO] RulesReader:64 - Compatibility file has been processed (297 Rules)
2026-03-17 13:51:06,723 [INFO] RulesReader:64 - Compatibility file has been processed (297 Rules)
2026-03-17 13:51:06,779 [INFO] MicroXplorer:468 - Change Database Path : 
2026-03-17 13:51:06,780 [INFO] MicroXplorer:498 - Change Database Version : DB.6.0.121
2026-03-17 13:51:06,805 [WARN] ThirdParty:871 - waiting for thirdparty lock release [close project]
2026-03-17 13:51:06,806 [INFO] ThirdParty:873 - entering critical section [close project]
2026-03-17 13:51:06,832 [INFO] ThirdParty:883 - exiting critical section [close project]
2026-03-17 13:51:06,874 [INFO] PinOutPanel:1561 - setPackage(No Configuration,No Configuration)
2026-03-17 13:51:06,887 [INFO] UtilMem:75 - Begin LoadConfig() Used Memory: 896785656 Bytes (1073741824)
2026-03-17 13:51:06,892 [INFO] MicroXplorer:468 - Change Database Path : 
2026-03-17 13:51:06,892 [INFO] MicroXplorer:498 - Change Database Version : DB.6.0.121
2026-03-17 13:51:06,893 [INFO] OpenFileManager:332 - Change cursor
2026-03-17 13:51:06,953 [WARN] IntegrityCheckThread:84 - waiting for thirdparty lock release [integrity check]
2026-03-17 13:51:06,954 [INFO] IntegrityCheckThread:86 - entering critical section [integrity check]
2026-03-17 13:51:08,104 [WARN] PackLoader:240 - Cannot read IP mode file for STMicroelectronics.X-CUBE-AZRTOS-H7.3.5.0
2026-03-17 13:51:08,134 [WARN] PackLoader:240 - Cannot read IP mode file for STMicroelectronics.FP-ATR-ASTRA1.2.0.2
2026-03-17 13:51:08,153 [WARN] PackLoader:240 - Cannot read IP mode file for STMicroelectronics.X-CUBE-SMBUS.2.1.0
2026-03-17 13:51:08,197 [WARN] PackLoader:240 - Cannot read IP mode file for STMicroelectronics.X-CUBE-AZRTOS-F7.1.1.0
2026-03-17 13:51:08,212 [ERROR] Engine:466 - C:\Users\DELL\.stm32cubemx\thirdparties\pdsc\STMicroelectronics.FP-SNS-MOTENV1.5.1.0.pdsc: PDSC version is not supported
2026-03-17 13:51:08,220 [ERROR] Engine:466 - C:\Users\DELL\.stm32cubemx\thirdparties\pdsc\WES.I-CUBE-Cesium.1.4.0.pdsc: PDSC version is not supported
2026-03-17 13:51:08,238 [WARN] PackLoader:240 - Cannot read IP mode file for STMicroelectronics.X-CUBE-DISPLAY.3.0.0
2026-03-17 13:51:08,252 [ERROR] Engine:466 - C:\Users\DELL\.stm32cubemx\thirdparties\pdsc\STMicroelectronics.FP-SNS-MOTENVWB1.1.5.0.pdsc: PDSC version is not supported
2026-03-17 13:51:08,291 [WARN] PackLoader:240 - Cannot read IP mode file for STMicroelectronics.X-CUBE-NFC10.1.0.0
2026-03-17 13:51:08,299 [ERROR] Engine:466 - C:\Users\DELL\.stm32cubemx\thirdparties\pdsc\STMicroelectronics.X-CUBE-ST60.1.1.0.pdsc: PDSC version is not supported
2026-03-17 13:51:08,312 [WARN] PackLoader:240 - Cannot read IP mode file for emotas.I-CUBE-CANOPEN.1.3.0
2026-03-17 13:51:08,327 [WARN] PackLoader:240 - Cannot read IP mode file for STMicroelectronics.X-CUBE-GNSS1.7.1.0
2026-03-17 13:51:08,336 [ERROR] Engine:466 - C:\Users\DELL\.stm32cubemx\thirdparties\pdsc\STMicroelectronics.FP-SNS-STBOX1.2.1.0.pdsc: PDSC version is not supported
2026-03-17 13:51:08,351 [WARN] PackLoader:240 - Cannot read IP mode file for STMicroelectronics.FP-SNS-SMARTAG2.1.2.0
2026-03-17 13:51:08,359 [ERROR] Engine:466 - C:\Users\DELL\.stm32cubemx\thirdparties\pdsc\STMicroelectronics.FP-SNS-FLIGHT1.5.1.0.pdsc: PDSC version is not supported
2026-03-17 13:51:08,378 [INFO] LogOutputStream:77 - [STDOUT_REDIRECT] 1 : Invalid condition id : UX_CORESTACK_Condition cause : null
2026-03-17 13:51:08,381 [INFO] LogOutputStream:77 - [STDOUT_REDIRECT] 1 : Invalid condition id : UX_CORESTACK_Condition cause : null
2026-03-17 13:51:08,384 [INFO] LogOutputStream:77 - [STDOUT_REDIRECT] 1 : Invalid condition id : UX_CORESTACK_Condition cause : null
2026-03-17 13:51:08,387 [INFO] LogOutputStream:77 - [STDOUT_REDIRECT] 1 : Invalid condition id : UX_CORESTACK_Condition cause : null
2026-03-17 13:51:08,391 [INFO] LogOutputStream:77 - [STDOUT_REDIRECT] 1 : Invalid condition id : UX_CORESTACK_Condition cause : null
2026-03-17 13:51:08,413 [WARN] PackLoader:240 - Cannot read IP mode file for STMicroelectronics.X-CUBE-AZRTOS-WL.2.0.0
2026-03-17 13:51:08,459 [WARN] PackLoader:240 - Cannot read IP mode file for STMicroelectronics.X-CUBE-AZRTOS-H7RS.1.2.0
2026-03-17 13:51:08,476 [WARN] PackLoader:240 - Cannot read IP mode file for STMicroelectronics.X-CUBE-BLE2.3.3.0
2026-03-17 13:51:08,481 [ERROR] Engine:466 - C:\Users\DELL\.stm32cubemx\thirdparties\pdsc\Avnet-IOTCONNECT.X-CUBE-iotc-st67-sdk.1.0.0.pdsc: PDSC version is not supported
2026-03-17 13:51:08,528 [WARN] PackLoader:240 - Cannot read IP mode file for Infineon.AIROC-Wi-Fi-Bluetooth-STM32.1.8.0
2026-03-17 13:51:08,563 [WARN] PackLoader:240 - Cannot read IP mode file for STMicroelectronics.X-CUBE-NFC9.1.0.0
2026-03-17 13:51:08,592 [WARN] PackLoader:240 - Cannot read IP mode file for STMicroelectronics.X-CUBE-BLE1.7.1.0
2026-03-17 13:51:08,609 [WARN] PackLoader:240 - Cannot read IP mode file for wolfSSL.I-CUBE-wolfMQTT.1.19.2
2026-03-17 13:51:08,623 [WARN] PackLoader:240 - Cannot read IP mode file for STMicroelectronics.X-CUBE-EEPRMA1.5.2.0
2026-03-17 13:51:08,636 [WARN] PackLoader:240 - Cannot read IP mode file for wolfSSL.I-CUBE-wolfSSL.5.8.4
2026-03-17 13:51:08,643 [ERROR] Engine:466 - C:\Users\DELL\.stm32cubemx\thirdparties\pdsc\Cesanta.I-CUBE-Mongoose.7.20.0.pdsc: PDSC version is not supported
2026-03-17 13:51:08,730 [WARN] PackLoader:240 - Cannot read IP mode file for STMicroelectronics.X-CUBE-MEMS1.12.0.0
2026-03-17 13:51:08,948 [WARN] PackLoader:240 - Cannot read IP mode file for STMicroelectronics.X-CUBE-AZRTOS-G0.1.1.0
2026-03-17 13:51:08,964 [WARN] PackLoader:240 - Cannot read IP mode file for STMicroelectronics.X-CUBE-NFC4.3.0.0
2026-03-17 13:51:08,987 [WARN] PackLoader:240 - Cannot read IP mode file for EmbeddedOffice.I-CUBE-FS-RTOS.1.0.1
2026-03-17 13:51:08,988 [ERROR] ConditionMgr:805 - Attr not supported : Dmpu
2026-03-17 13:51:08,988 [ERROR] ConditionMgr:805 - Attr not supported : Dmpu
2026-03-17 13:51:08,989 [ERROR] ConditionMgr:805 - Attr not supported : Dmpu
2026-03-17 13:51:08,989 [ERROR] ConditionMgr:805 - Attr not supported : Dmpu
2026-03-17 13:51:08,989 [ERROR] ConditionMgr:805 - Attr not supported : Dmpu
2026-03-17 13:51:08,989 [ERROR] ConditionMgr:805 - Attr not supported : Dmpu
2026-03-17 13:51:08,989 [ERROR] ConditionMgr:805 - Attr not supported : Dmpu
2026-03-17 13:51:08,989 [ERROR] ConditionMgr:805 - Attr not supported : Dmpu
2026-03-17 13:51:08,989 [ERROR] ConditionMgr:805 - Attr not supported : Dmpu
2026-03-17 13:51:08,989 [ERROR] ConditionMgr:805 - Attr not supported : Dmpu
2026-03-17 13:51:08,990 [ERROR] ConditionMgr:805 - Attr not supported : Dmpu
2026-03-17 13:51:08,990 [ERROR] ConditionMgr:805 - Attr not supported : Dmpu
2026-03-17 13:51:08,990 [ERROR] ConditionMgr:805 - Attr not supported : Dmpu
2026-03-17 13:51:08,990 [ERROR] ConditionMgr:805 - Attr not supported : Dmpu
2026-03-17 13:51:08,990 [ERROR] ConditionMgr:805 - Attr not supported : Dmpu
2026-03-17 13:51:08,990 [ERROR] ConditionMgr:805 - Attr not supported : Dmpu
2026-03-17 13:51:08,991 [ERROR] ConditionMgr:805 - Attr not supported : Dmpu
2026-03-17 13:51:08,991 [ERROR] ConditionMgr:805 - Attr not supported : Dmpu
2026-03-17 13:51:08,991 [ERROR] ConditionMgr:805 - Attr not supported : Dmpu
2026-03-17 13:51:08,991 [ERROR] ConditionMgr:805 - Attr not supported : Dmpu
2026-03-17 13:51:08,991 [ERROR] ConditionMgr:805 - Attr not supported : Dmpu
2026-03-17 13:51:08,991 [ERROR] ConditionMgr:805 - Attr not supported : Dmpu
2026-03-17 13:51:08,991 [ERROR] ConditionMgr:805 - Attr not supported : Dmpu
2026-03-17 13:51:08,992 [ERROR] ConditionMgr:805 - Attr not supported : Dmpu
2026-03-17 13:51:08,992 [ERROR] ConditionMgr:805 - Attr not supported : Dmpu
2026-03-17 13:51:08,992 [ERROR] ConditionMgr:805 - Attr not supported : Dmpu
2026-03-17 13:51:08,992 [ERROR] ConditionMgr:805 - Attr not supported : Dmpu
2026-03-17 13:51:08,992 [ERROR] ConditionMgr:805 - Attr not supported : Dmpu
2026-03-17 13:51:08,992 [ERROR] ConditionMgr:805 - Attr not supported : Dmpu
2026-03-17 13:51:08,992 [ERROR] ConditionMgr:805 - Attr not supported : Dmpu
2026-03-17 13:51:08,993 [ERROR] ConditionMgr:805 - Attr not supported : Dmpu
2026-03-17 13:51:08,993 [ERROR] ConditionMgr:805 - Attr not supported : Dmpu
2026-03-17 13:51:08,993 [ERROR] ConditionMgr:805 - Attr not supported : Dmpu
2026-03-17 13:51:08,993 [ERROR] ConditionMgr:805 - Attr not supported : Dmpu
2026-03-17 13:51:08,993 [ERROR] ConditionMgr:805 - Attr not supported : Dmpu
2026-03-17 13:51:08,993 [ERROR] ConditionMgr:805 - Attr not supported : Dmpu
2026-03-17 13:51:08,993 [ERROR] ConditionMgr:805 - Attr not supported : Dmpu
2026-03-17 13:51:08,994 [ERROR] ConditionMgr:805 - Attr not supported : Dmpu
2026-03-17 13:51:08,994 [ERROR] ConditionMgr:805 - Attr not supported : Dmpu
2026-03-17 13:51:08,994 [ERROR] ConditionMgr:805 - Attr not supported : Dmpu
2026-03-17 13:51:08,994 [ERROR] ConditionMgr:805 - Attr not supported : Dmpu
2026-03-17 13:51:08,994 [ERROR] ConditionMgr:805 - Attr not supported : Dmpu
2026-03-17 13:51:08,995 [ERROR] ConditionMgr:805 - Attr not supported : Dmpu
2026-03-17 13:51:08,995 [ERROR] ConditionMgr:805 - Attr not supported : Dmpu
2026-03-17 13:51:08,995 [ERROR] ConditionMgr:805 - Attr not supported : Dmpu
2026-03-17 13:51:08,995 [ERROR] ConditionMgr:805 - Attr not supported : Dmpu
2026-03-17 13:51:08,995 [ERROR] ConditionMgr:805 - Attr not supported : Dmpu
2026-03-17 13:51:08,996 [ERROR] ConditionMgr:805 - Attr not supported : Dmpu
2026-03-17 13:51:08,996 [ERROR] ConditionMgr:805 - Attr not supported : Dmpu
2026-03-17 13:51:08,996 [ERROR] ConditionMgr:805 - Attr not supported : Dmpu
2026-03-17 13:51:08,996 [ERROR] ConditionMgr:805 - Attr not supported : Dmpu
2026-03-17 13:51:08,997 [ERROR] ConditionMgr:805 - Attr not supported : Dmpu
2026-03-17 13:51:08,997 [ERROR] ConditionMgr:805 - Attr not supported : Dmpu
2026-03-17 13:51:08,997 [ERROR] ConditionMgr:805 - Attr not supported : Dmpu
2026-03-17 13:51:08,997 [ERROR] ConditionMgr:805 - Attr not supported : Dmpu
2026-03-17 13:51:08,998 [ERROR] ConditionMgr:805 - Attr not supported : Dmpu
2026-03-17 13:51:08,998 [ERROR] ConditionMgr:805 - Attr not supported : Dmpu
2026-03-17 13:51:08,998 [ERROR] ConditionMgr:805 - Attr not supported : Dmpu
2026-03-17 13:51:08,998 [ERROR] ConditionMgr:805 - Attr not supported : Dmpu
2026-03-17 13:51:08,998 [ERROR] ConditionMgr:805 - Attr not supported : Dmpu
2026-03-17 13:51:08,999 [ERROR] ConditionMgr:805 - Attr not supported : Dmpu
2026-03-17 13:51:08,999 [ERROR] ConditionMgr:805 - Attr not supported : Dmpu
2026-03-17 13:51:09,000 [ERROR] ConditionMgr:805 - Attr not supported : Dmpu
2026-03-17 13:51:09,000 [ERROR] ConditionMgr:805 - Attr not supported : Dmpu
2026-03-17 13:51:09,017 [WARN] PackLoader:240 - Cannot read IP mode file for STMicroelectronics.X-CUBE-WB05N.2.0.0
2026-03-17 13:51:09,032 [WARN] PackLoader:240 - Cannot read IP mode file for wolfSSL.I-CUBE-wolfTPM.3.8.0
2026-03-17 13:51:09,041 [ERROR] Engine:466 - C:\Users\DELL\.stm32cubemx\thirdparties\pdsc\STMicroelectronics.X-CUBE-TCPP.4.2.0.pdsc: PDSC version is not supported
2026-03-17 13:51:09,060 [WARN] PackLoader:240 - Cannot read IP mode file for RealThread.X-CUBE-RT-Thread_Nano.4.1.1
2026-03-17 13:51:09,077 [WARN] PackLoader:240 - Cannot read IP mode file for STMicroelectronics.FP-ATR-SIGFOX1.3.2.0
2026-03-17 13:51:09,085 [ERROR] Engine:466 - C:\Users\DELL\.stm32cubemx\thirdparties\pdsc\STMicroelectronics.X-CUBE-FREERTOS.1.5.0.pdsc: PDSC version is not supported
2026-03-17 13:51:09,108 [WARN] PackLoader:240 - Cannot read IP mode file for ITTIA_DB.I-CUBE-ITTIADB.8.9.0
2026-03-17 13:51:09,130 [WARN] PackLoader:240 - Cannot read IP mode file for STMicroelectronics.X-CUBE-NFC6.3.2.0
2026-03-17 13:51:09,151 [WARN] PackLoader:240 - Cannot read IP mode file for STMicroelectronics.X-CUBE-AI.10.2.0
2026-03-17 13:51:09,224 [WARN] PackLoader:240 - Cannot read IP mode file for SEGGER.I-CUBE-embOS.1.3.1
2026-03-17 13:51:09,335 [WARN] PackLoader:240 - Cannot read IP mode file for STMicroelectronics.X-CUBE-ALGOBUILD.1.4.0
2026-03-17 13:51:09,351 [WARN] PackLoader:240 - Cannot read IP mode file for STMicroelectronics.X-CUBE-PM33A1.1.0.0
2026-03-17 13:51:09,392 [WARN] PackLoader:240 - Cannot read IP mode file for STMicroelectronics.X-CUBE-AZRTOS-F4.1.1.0
2026-03-17 13:51:09,415 [WARN] PackLoader:240 - Cannot read IP mode file for STMicroelectronics.X-CUBE-ISPU.2.1.0
2026-03-17 13:51:09,428 [ERROR] Engine:466 - C:\Users\DELL\.stm32cubemx\thirdparties\pdsc\STMicroelectronics.X-CUBE-IPS.3.2.0.pdsc: PDSC version is not supported
2026-03-17 13:51:09,444 [WARN] PackLoader:240 - Cannot read IP mode file for STMicroelectronics.X-CUBE-NFC12.1.0.0
2026-03-17 13:51:09,486 [WARN] PackLoader:240 - Cannot read IP mode file for STMicroelectronics.X-CUBE-AZRTOS-L5.2.0.0
2026-03-17 13:51:09,509 [WARN] PackLoader:240 - Cannot read IP mode file for STMicroelectronics.X-CUBE-TOUCHGFX.4.26.1
2026-03-17 13:51:09,517 [ERROR] Engine:466 - C:\Users\DELL\.stm32cubemx\thirdparties\pdsc\STMicroelectronics.FP-SNS-STAIOTCFT.1.0.0.pdsc: PDSC version is not supported
2026-03-17 13:51:09,531 [WARN] PackLoader:240 - Cannot read IP mode file for STMicroelectronics.X-CUBE-DPower.1.3.0
2026-03-17 13:51:09,578 [WARN] ConditionMgr:438 - getConditionDescription Invalid condition id : LAN8742 Phy interface Condition cause : null
2026-03-17 13:51:09,580 [WARN] PackLoader:240 - Cannot read IP mode file for STMicroelectronics.X-CUBE-AZRTOS-L4.2.0.0
2026-03-17 13:51:09,584 [WARN] ConditionMgr:1039 - genDependencies : Invalid condition id : LAN8742 Phy interface Condition cause : null
2026-03-17 13:51:09,585 [WARN] ConditionMgr:1039 - genDependencies : Invalid condition id : LAN8742 Phy interface Condition cause : null
2026-03-17 13:51:09,586 [WARN] ConditionMgr:1039 - genDependencies : Invalid condition id : LAN8742 Phy interface Condition cause : null
2026-03-17 13:51:09,614 [WARN] PackLoader:240 - Cannot read IP mode file for STMicroelectronics.X-CUBE-SFXS2LP1.4.0.0
2026-03-17 13:51:09,630 [ERROR] Engine:466 - C:\Users\DELL\.stm32cubemx\thirdparties\pdsc\STMicroelectronics.X-CUBE-ST67W61.1.2.0.pdsc: PDSC version is not supported
2026-03-17 13:51:09,641 [ERROR] Engine:466 - C:\Users\DELL\.stm32cubemx\thirdparties\pdsc\STMicroelectronics.X-CUBE-BLEMGR.4.1.0.pdsc: PDSC version is not supported
2026-03-17 13:51:09,676 [WARN] ConditionMgr:438 - getConditionDescription Invalid condition id : UX DEVICE CLASS RTOS Condition cause : null
2026-03-17 13:51:09,677 [WARN] ConditionMgr:438 - getConditionDescription Invalid condition id : UX DEVICE CLASS RTOS Condition cause : null
2026-03-17 13:51:09,683 [WARN] PackLoader:240 - Cannot read IP mode file for STMicroelectronics.X-CUBE-AZRTOS-WB.2.0.0
2026-03-17 13:51:09,684 [WARN] ConditionMgr:1039 - genDependencies : Invalid condition id : UX DEVICE CLASS RTOS Condition cause : null
2026-03-17 13:51:09,685 [WARN] ConditionMgr:1039 - genDependencies : Invalid condition id : UX DEVICE CLASS RTOS Condition cause : null
2026-03-17 13:51:09,686 [WARN] ConditionMgr:1039 - genDependencies : Invalid condition id : UX DEVICE CLASS RTOS Condition cause : null
2026-03-17 13:51:09,687 [WARN] ConditionMgr:1039 - genDependencies : Invalid condition id : UX DEVICE CLASS RTOS Condition cause : null
2026-03-17 13:51:09,688 [WARN] ConditionMgr:1039 - genDependencies : Invalid condition id : UX DEVICE CLASS RTOS Condition cause : null
2026-03-17 13:51:09,705 [WARN] ConditionMgr:438 - getConditionDescription Invalid condition id : Cortex-A Device cause : null
2026-03-17 13:51:09,767 [WARN] ConditionMgr:1039 - genDependencies : Invalid condition id : Cortex-A Device cause : null
2026-03-17 13:51:09,767 [WARN] ConditionMgr:1039 - genDependencies : Invalid condition id : Cortex-A Device cause : null
2026-03-17 13:51:09,768 [WARN] ConditionMgr:1039 - genDependencies : Invalid condition id : Cortex-A Device cause : null
2026-03-17 13:51:09,789 [WARN] PackLoader:240 - Cannot read IP mode file for STMicroelectronics.X-CUBE-STSE01.2.0.0
2026-03-17 13:51:09,820 [WARN] PackLoader:240 - Cannot read IP mode file for STMicroelectronics.X-CUBE-SUBG2.5.0.0
2026-03-17 13:51:09,872 [WARN] PackLoader:240 - Cannot read IP mode file for STMicroelectronics.X-CUBE-AZRTOS-G4.2.0.0
2026-03-17 13:51:09,885 [WARN] PackLoader:240 - Cannot read IP mode file for wolfSSL.I-CUBE-wolfSSH.1.4.20
2026-03-17 13:51:09,901 [WARN] PackLoader:240 - Cannot read IP mode file for STMicroelectronics.X-CUBE-NFC7.2.0.0
2026-03-17 13:51:09,915 [WARN] PackLoader:240 - Cannot read IP mode file for STMicroelectronics.X-CUBE-ALS.1.0.2
2026-03-17 13:51:09,927 [ERROR] Engine:466 - C:\Users\DELL\.stm32cubemx\thirdparties\pdsc\STMicroelectronics.X-CUBE-TOF1.3.4.3.pdsc: PDSC version is not supported
2026-03-17 13:51:09,928 [INFO] ThirdParty:978 - Integrity check success = true
2026-03-17 13:51:09,929 [INFO] IntegrityCheckThread:100 - exiting critical section [integrity check]
2026-03-17 13:51:09,929 [INFO] IntegrityCheckThread:103 - End integrity checks thread
2026-03-17 13:51:10,294 [INFO] Mcu:2032 - Initializing MCU STM32F103C8Tx STM32F103C8Tx STM32F103C8T6
2026-03-17 13:51:13,877 [INFO] Context:742 - Trying to add GPIOservice into a context  which must be forbidden
2026-03-17 13:51:14,496 [INFO] ImportTextPane:205 - (OptionalMessage_ERROR) Unable to find key (Mcu.ThirdPartyNb) in loaded IOC file
2026-03-17 13:51:14,496 [INFO] ImportTextPane:205 - (OptionalMessage_ERROR) Unable to find key (Mcu.PinsNb) in loaded IOC file
2026-03-17 13:51:14,497 [INFO] ImportTextPane:205 - (OptionalMessage_ERROR) Unable to find key (Mcu.IPNb) in loaded IOC file
2026-03-17 13:51:14,962 [INFO] RtosManager:555 - Registered RTOS mode: class=CMSIS, group=RTOS, mode=CMSIS_V1, owner=FREERTOS
2026-03-17 13:51:14,962 [INFO] RtosManager:555 - Registered RTOS mode: class=CMSIS, group=RTOS2, mode=CMSIS_V2, owner=FREERTOS
2026-03-17 13:51:14,962 [INFO] RtosManager:555 - Registered RTOS mode: class=RTOS, group=Core, mode=CMSIS_V1, owner=FREERTOS
2026-03-17 13:51:14,963 [INFO] RtosManager:555 - Registered RTOS mode: class=RTOS, group=Core, mode=CMSIS_V2, owner=FREERTOS
2026-03-17 13:51:14,963 [WARN] ModelIntegratedComponent:184 - Missing modes for component STMicroelectronics:FreeRTOS:0.0.1:STMicroelectronics:RTOS:FreeRTOS:Core:::10.2.0:
2026-03-17 13:51:14,985 [WARN] ModelIntegratedComponent:63 - No mode defined for component null
2026-03-17 13:51:14,985 [WARN] ModelIntegratedComponent:63 - No mode defined for component null
2026-03-17 13:51:14,985 [WARN] ModelIntegratedComponent:63 - No mode defined for component null
2026-03-17 13:51:14,985 [WARN] ModelIntegratedComponent:63 - No mode defined for component null
2026-03-17 13:51:14,986 [WARN] ModelIntegratedComponent:63 - No mode defined for component null
2026-03-17 13:51:14,986 [WARN] ModelIntegratedComponent:63 - No mode defined for component null
2026-03-17 13:51:14,986 [WARN] ModelIntegratedComponent:63 - No mode defined for component null
2026-03-17 13:51:14,986 [WARN] ModelIntegratedComponent:63 - No mode defined for component null
2026-03-17 13:51:14,986 [WARN] ModelIntegratedComponent:63 - No mode defined for component null
2026-03-17 13:51:14,986 [WARN] ModelIntegratedComponent:63 - No mode defined for component null
2026-03-17 13:51:14,986 [WARN] ModelIntegratedComponent:63 - No mode defined for component null
2026-03-17 13:51:14,986 [WARN] ModelIntegratedComponent:63 - No mode defined for component null
2026-03-17 13:51:14,986 [WARN] ModelIntegratedComponent:63 - No mode defined for component null
2026-03-17 13:51:14,986 [WARN] ModelIntegratedComponent:63 - No mode defined for component null
2026-03-17 13:51:14,987 [WARN] ModelIntegratedComponent:63 - No mode defined for component null
2026-03-17 13:51:14,987 [WARN] ModelIntegratedComponent:63 - No mode defined for component null
2026-03-17 13:51:14,987 [WARN] ModelIntegratedComponent:63 - No mode defined for component null
2026-03-17 13:51:14,987 [WARN] ModelIntegratedComponent:63 - No mode defined for component null
2026-03-17 13:51:14,987 [WARN] ModelIntegratedComponent:63 - No mode defined for component null
2026-03-17 13:51:14,987 [WARN] ModelIntegratedComponent:63 - No mode defined for component null
2026-03-17 13:51:14,987 [WARN] ModelIntegratedComponent:63 - No mode defined for component null
2026-03-17 13:51:14,987 [WARN] ModelIntegratedComponent:63 - No mode defined for component null
2026-03-17 13:51:14,987 [WARN] ModelIntegratedComponent:63 - No mode defined for component null
2026-03-17 13:51:14,987 [WARN] ModelIntegratedComponent:63 - No mode defined for component null
2026-03-17 13:51:14,988 [WARN] ModelIntegratedComponent:63 - No mode defined for component null
2026-03-17 13:51:14,988 [WARN] ModelIntegratedComponent:63 - No mode defined for component null
2026-03-17 13:51:14,988 [WARN] ModelIntegratedComponent:63 - No mode defined for component null
2026-03-17 13:51:14,988 [WARN] ModelIntegratedComponent:63 - No mode defined for component null
2026-03-17 13:51:14,988 [WARN] ModelIntegratedComponent:63 - No mode defined for component null
2026-03-17 13:51:14,988 [WARN] ModelIntegratedComponent:63 - No mode defined for component null
2026-03-17 13:51:14,988 [WARN] ModelIntegratedComponent:63 - No mode defined for component null
2026-03-17 13:51:14,988 [WARN] ModelIntegratedComponent:63 - No mode defined for component null
2026-03-17 13:51:14,988 [WARN] ModelIntegratedComponent:63 - No mode defined for component null
2026-03-17 13:51:14,988 [WARN] ModelIntegratedComponent:63 - No mode defined for component null
2026-03-17 13:51:14,988 [WARN] ModelIntegratedComponent:63 - No mode defined for component null
2026-03-17 13:51:14,989 [WARN] ModelPack:524 - Component already loaded: STMicroelectronics:HAL Drivers:0.0.0:STMicroelectronics:Device:STMicro_Driver:XSPI:HAL::0.0.1:HAL_XSPI
2026-03-17 13:51:15,024 [INFO] ThirdPartyModel:298 - Start build external matchings
2026-03-17 13:51:15,533 [INFO] ThirdPartyModel:316 - End build external matchings
2026-03-17 13:51:16,245 [INFO] UtilMem:75 - End LoadConfig() Used Memory: 681154424 Bytes (1073741824)
2026-03-17 13:51:16,374 [WARN] ThirdParty:833 - waiting for thirdparty lock release [change project]
2026-03-17 13:51:16,375 [INFO] ThirdParty:835 - entering critical section [change project]
2026-03-17 13:51:16,376 [INFO] ThirdParty:1030 - CMSIS Pack Vendor :STMicroelectronics X-CUBE-AZRTOS-H7 3.5.0
2026-03-17 13:51:16,376 [INFO] ThirdParty:1030 - CMSIS Pack Vendor :STMicroelectronics X-CUBE-PM33A1 1.0.0
2026-03-17 13:51:16,377 [INFO] ThirdParty:1030 - CMSIS Pack Vendor :STMicroelectronics USBPD 4.1
2026-03-17 13:51:16,377 [INFO] ThirdParty:1030 - CMSIS Pack Vendor :STMicroelectronics X-CUBE-NFC9 1.0.0
2026-03-17 13:51:16,377 [INFO] ThirdParty:1030 - CMSIS Pack Vendor :STMicroelectronics USB_HOST 2.0.0
2026-03-17 13:51:16,377 [INFO] ThirdParty:1030 - CMSIS Pack Vendor :STMicroelectronics X-CUBE-AZRTOS-F4 1.1.0
2026-03-17 13:51:16,377 [INFO] ThirdParty:1030 - CMSIS Pack Vendor :STMicroelectronics LIBJPEG 8.0.0
2026-03-17 13:51:16,378 [INFO] ThirdParty:1030 - CMSIS Pack Vendor :STMicroelectronics FP-ATR-ASTRA1 2.0.2
2026-03-17 13:51:16,378 [INFO] ThirdParty:1030 - CMSIS Pack Vendor :STMicroelectronics X-CUBE-BLE1 7.1.0
2026-03-17 13:51:16,378 [INFO] ThirdParty:1030 - CMSIS Pack Vendor :STMicroelectronics X-CUBE-SMBUS 2.1.0
2026-03-17 13:51:16,378 [INFO] ThirdParty:1030 - CMSIS Pack Vendor :wolfSSL I-CUBE-wolfMQTT 1.19.2
2026-03-17 13:51:16,379 [INFO] ThirdParty:1030 - CMSIS Pack Vendor :STMicroelectronics USB_DEVICE 3.0.0
2026-03-17 13:51:16,381 [INFO] ThirdParty:1030 - CMSIS Pack Vendor :STMicroelectronics X-CUBE-ISPU 2.1.0
2026-03-17 13:51:16,381 [INFO] ThirdParty:1030 - CMSIS Pack Vendor :STMicroelectronics X-CUBE-EEPRMA1 5.2.0
2026-03-17 13:51:16,382 [INFO] ThirdParty:1030 - CMSIS Pack Vendor :STMicroelectronics X-CUBE-AZRTOS-WB 2.0.0
2026-03-17 13:51:16,382 [INFO] ThirdParty:1030 - CMSIS Pack Vendor :wolfSSL I-CUBE-wolfSSL 5.8.4
2026-03-17 13:51:16,382 [INFO] ThirdParty:1030 - CMSIS Pack Vendor :STMicroelectronics X-CUBE-NFC12 1.0.0
2026-03-17 13:51:16,382 [INFO] ThirdParty:1030 - CMSIS Pack Vendor :STMicroelectronics X-CUBE-AZRTOS-F7 1.1.0
2026-03-17 13:51:16,382 [INFO] ThirdParty:1030 - CMSIS Pack Vendor :STMicroelectronics X-CUBE-AZRTOS-L5 2.0.0
2026-03-17 13:51:16,383 [INFO] ThirdParty:1030 - CMSIS Pack Vendor :STMicroelectronics USB_DEVICE 2.0.0
2026-03-17 13:51:16,383 [INFO] ThirdParty:1030 - CMSIS Pack Vendor :quantropi X-CUBE-qispace-sdk-base 2.1.0
2026-03-17 13:51:16,383 [INFO] ThirdParty:1030 - CMSIS Pack Vendor :STMicroelectronics X-CUBE-MEMS1 12.0.0
2026-03-17 13:51:16,383 [INFO] ThirdParty:1030 - CMSIS Pack Vendor :STMicroelectronics X-CUBE-STSE01 2.0.0
2026-03-17 13:51:16,383 [INFO] ThirdParty:1030 - CMSIS Pack Vendor :STMicroelectronics FreeRTOS 0.0.1
2026-03-17 13:51:16,384 [INFO] ThirdParty:1030 - CMSIS Pack Vendor :STMicroelectronics X-CUBE-AZRTOS-G0 1.1.0
2026-03-17 13:51:16,384 [INFO] ThirdParty:1030 - CMSIS Pack Vendor :STMicroelectronics X-CUBE-NFC4 3.0.0
2026-03-17 13:51:16,384 [INFO] ThirdParty:1030 - CMSIS Pack Vendor :STMicroelectronics X-CUBE-SUBG2 5.0.0
2026-03-17 13:51:16,384 [INFO] ThirdParty:1030 - CMSIS Pack Vendor :STMicroelectronics STM32_WPAN 1.0.0
2026-03-17 13:51:16,384 [INFO] ThirdParty:1030 - CMSIS Pack Vendor :EmbeddedOffice I-CUBE-FS-RTOS 1.0.1
2026-03-17 13:51:16,384 [INFO] ThirdParty:1030 - CMSIS Pack Vendor :STMicroelectronics lwIP 2.0.3
2026-03-17 13:51:16,385 [INFO] ThirdParty:1030 - CMSIS Pack Vendor :STMicroelectronics USB_HOST 1.0.0
2026-03-17 13:51:16,385 [INFO] ThirdParty:1030 - CMSIS Pack Vendor :STMicroelectronics X-CUBE-AZRTOS-G4 2.0.0
2026-03-17 13:51:16,385 [INFO] ThirdParty:1030 - CMSIS Pack Vendor :STMicroelectronics X-CUBE-WB05N 2.0.0
2026-03-17 13:51:16,385 [INFO] ThirdParty:1030 - CMSIS Pack Vendor :STMicroelectronics PDM2PCM 3.1.0
2026-03-17 13:51:16,385 [INFO] ThirdParty:1030 - CMSIS Pack Vendor :STMicroelectronics PDM2PCM 3.3.0
2026-03-17 13:51:16,385 [INFO] ThirdParty:1030 - CMSIS Pack Vendor :wolfSSL I-CUBE-wolfTPM 3.8.0
2026-03-17 13:51:16,386 [INFO] ThirdParty:1030 - CMSIS Pack Vendor :STMicroelectronics X-CUBE-DISPLAY 3.0.0
2026-03-17 13:51:16,386 [INFO] ThirdParty:1030 - CMSIS Pack Vendor :wolfSSL I-CUBE-wolfSSH 1.4.20
2026-03-17 13:51:16,386 [INFO] ThirdParty:1030 - CMSIS Pack Vendor :STMicroelectronics X-CUBE-NFC7 2.0.0
2026-03-17 13:51:16,386 [INFO] ThirdParty:1030 - CMSIS Pack Vendor :RealThread X-CUBE-RT-Thread_Nano 4.1.1
2026-03-17 13:51:16,386 [INFO] ThirdParty:1030 - CMSIS Pack Vendor :STMicroelectronics FP-ATR-SIGFOX1 3.2.0
2026-03-17 13:51:16,387 [INFO] ThirdParty:1030 - CMSIS Pack Vendor :STMicroelectronics X-CUBE-NFC10 1.0.0
2026-03-17 13:51:16,387 [INFO] ThirdParty:1030 - CMSIS Pack Vendor :STMicroelectronics HAL Drivers 0.0.0
2026-03-17 13:51:16,387 [INFO] ThirdParty:1030 - CMSIS Pack Vendor :STMicroelectronics MBEDTLS 2.16.2
2026-03-17 13:51:16,388 [INFO] ThirdParty:1030 - CMSIS Pack Vendor :STMicroelectronics X-CUBE-ALS 1.0.2
2026-03-17 13:51:16,388 [INFO] ThirdParty:1030 - CMSIS Pack Vendor :emotas I-CUBE-CANOPEN 1.3.0
2026-03-17 13:51:16,388 [INFO] ThirdParty:1030 - CMSIS Pack Vendor :STMicroelectronics MBEDTLS 2.14.1
2026-03-17 13:51:16,388 [INFO] ThirdParty:1030 - CMSIS Pack Vendor :STMicroelectronics X-CUBE-GNSS1 7.1.0
2026-03-17 13:51:16,388 [INFO] ThirdParty:1030 - CMSIS Pack Vendor :ITTIA_DB I-CUBE-ITTIADB 8.9.0
2026-03-17 13:51:16,389 [INFO] ThirdParty:1030 - CMSIS Pack Vendor :STMicroelectronics X-CUBE-TOUCHGFX 4.26.1
2026-03-17 13:51:16,389 [INFO] ThirdParty:1030 - CMSIS Pack Vendor :STMicroelectronics X-CUBE-NFC6 3.2.0
2026-03-17 13:51:16,389 [INFO] ThirdParty:1030 - CMSIS Pack Vendor :STMicroelectronics X-CUBE-AI 10.2.0
2026-03-17 13:51:16,389 [INFO] ThirdParty:1030 - CMSIS Pack Vendor :STMicroelectronics ThreadX 1.0.0
2026-03-17 13:51:16,390 [INFO] ThirdParty:1030 - CMSIS Pack Vendor :STMicroelectronics FP-SNS-SMARTAG2 1.2.0
2026-03-17 13:51:16,390 [INFO] ThirdParty:1030 - CMSIS Pack Vendor :STMicroelectronics X-CUBE-AZRTOS-WL 2.0.0
2026-03-17 13:51:16,390 [INFO] ThirdParty:1030 - CMSIS Pack Vendor :SEGGER I-CUBE-embOS 1.3.1
2026-03-17 13:51:16,390 [INFO] ThirdParty:1030 - CMSIS Pack Vendor :STMicroelectronics X-CUBE-ALGOBUILD 1.4.0
2026-03-17 13:51:16,390 [INFO] ThirdParty:1030 - CMSIS Pack Vendor :STMicroelectronics X-CUBE-DPower 1.3.0
2026-03-17 13:51:16,391 [INFO] ThirdParty:1030 - CMSIS Pack Vendor :STMicroelectronics USB_DEVICE 1.0.0
2026-03-17 13:51:16,391 [INFO] ThirdParty:1030 - CMSIS Pack Vendor :STMicroelectronics X-CUBE-AZRTOS-H7RS 1.2.0
2026-03-17 13:51:16,391 [INFO] ThirdParty:1030 - CMSIS Pack Vendor :STMicroelectronics X-CUBE-AZRTOS-L4 2.0.0
2026-03-17 13:51:16,391 [INFO] ThirdParty:1030 - CMSIS Pack Vendor :STMicroelectronics ThreadX 0.0.2
2026-03-17 13:51:16,391 [INFO] ThirdParty:1030 - CMSIS Pack Vendor :STMicroelectronics lwIP 2.1.2
2026-03-17 13:51:16,391 [INFO] ThirdParty:1030 - CMSIS Pack Vendor :STMicroelectronics X-CUBE-SFXS2LP1 4.0.0
2026-03-17 13:51:16,392 [INFO] ThirdParty:1030 - CMSIS Pack Vendor :STMicroelectronics X-CUBE-BLE2 3.3.0
2026-03-17 13:51:16,392 [INFO] ThirdParty:1030 - CMSIS Pack Vendor :Infineon AIROC-Wi-Fi-Bluetooth-STM32 1.8.0
2026-03-17 13:51:16,392 [INFO] ThirdParty:1030 - CMSIS Pack Vendor :STMicroelectronics PDM2PCM 3.2.0
2026-03-17 13:51:16,393 [INFO] ThirdParty:841 - exiting critical section [change project]
2026-03-17 13:51:17,338 [INFO] PinOutPanel:1561 - setPackage(No Configuration,No Configuration)
2026-03-17 13:51:17,344 [INFO] PinOutPanel:1561 - setPackage(STM32F103C8Tx,LQFP48)
2026-03-17 13:51:19,045 [INFO] UtilMem:75 - Before build in PCC Used Memory: 813365008 Bytes (1073741824)
2026-03-17 13:51:21,392 [INFO] UtilMem:75 - After build in PCC Used Memory: 915076880 Bytes (1073741824)
2026-03-17 13:51:21,463 [INFO] IPUIPlugin:80 - create IPUIPlugin
2026-03-17 13:51:21,463 [INFO] IPUIPlugin:80 - create IPUIPlugin
2026-03-17 13:51:21,464 [INFO] IPUIPlugin:80 - create IPUIPlugin
2026-03-17 13:51:21,466 [INFO] IPUIPlugin:80 - create IPUIPlugin
2026-03-17 13:51:21,467 [INFO] IPUIPlugin:80 - create IPUIPlugin
2026-03-17 13:51:21,468 [INFO] IPUIPlugin:80 - create IPUIPlugin
2026-03-17 13:51:21,469 [INFO] IPUIPlugin:80 - create IPUIPlugin
2026-03-17 13:51:21,470 [INFO] IPUIPlugin:80 - create IPUIPlugin
2026-03-17 13:51:21,471 [INFO] IPUIPlugin:80 - create IPUIPlugin
2026-03-17 13:51:21,472 [INFO] IPUIPlugin:80 - create IPUIPlugin
2026-03-17 13:51:21,472 [INFO] IPUIPlugin:80 - create IPUIPlugin
2026-03-17 13:51:21,473 [INFO] IPUIPlugin:80 - create IPUIPlugin
2026-03-17 13:51:21,474 [INFO] IPUIPlugin:80 - create IPUIPlugin
2026-03-17 13:51:21,475 [INFO] IPUIPlugin:80 - create IPUIPlugin
2026-03-17 13:51:21,475 [INFO] IPUIPlugin:80 - create IPUIPlugin
2026-03-17 13:51:21,476 [INFO] IPUIPlugin:80 - create IPUIPlugin
2026-03-17 13:51:21,477 [INFO] IPUIPlugin:80 - create IPUIPlugin
2026-03-17 13:51:21,478 [INFO] IPUIPlugin:80 - create IPUIPlugin
2026-03-17 13:51:21,479 [INFO] IPUIPlugin:80 - create IPUIPlugin
2026-03-17 13:51:21,479 [INFO] IPUIPlugin:80 - create IPUIPlugin
2026-03-17 13:51:21,480 [INFO] IPUIPlugin:80 - create IPUIPlugin
2026-03-17 13:51:21,481 [INFO] IPUIPlugin:80 - create IPUIPlugin
2026-03-17 13:51:21,506 [INFO] IPUIPlugin:80 - create IPUIPlugin
2026-03-17 13:51:21,507 [INFO] IPUIPlugin:80 - create IPUIPlugin
2026-03-17 13:51:21,508 [INFO] IPUIPlugin:80 - create IPUIPlugin
2026-03-17 13:51:21,509 [INFO] IPUIPlugin:80 - create IPUIPlugin
2026-03-17 13:51:21,510 [INFO] IPUIPlugin:80 - create IPUIPlugin
2026-03-17 13:51:22,232 [INFO] CADModel:165 - CPN selected for project levelSTM32F103C8T6
2026-03-17 13:51:22,232 [INFO] CADModel:114 - Register for checkConnection events
2026-03-17 13:51:22,305 [INFO] OpenFileManager:363 - Restore cursor
2026-03-17 13:51:25,289 [INFO] UtilMem:75 - End SaveConfig() Used Memory: 713347640 Bytes (1073741824)
2026-03-17 13:51:25,434 [INFO] UtilMem:75 - End SaveConfig() Used Memory: 725152536 Bytes (1073741824)
2026-03-17 13:51:26,711 [INFO] BlockDiagram:2766 - set Specific Code input for plugin: NVIC
2026-03-17 13:51:26,712 [INFO] BlockDiagram:2766 - set Specific Code input for plugin: RCC
2026-03-17 13:51:26,722 [INFO] CodeGenerator:807 - code generatio: config db path: E:\App Download\ST\STM32CubeIDE_1.16.1\STM32CubeIDE\plugins\com.st.stm32cube.common.mx_6.12.1.202409122256\\db\
2026-03-17 13:51:27,366 [INFO] CodeEngine:255 - oldGeneratedFile, E:\STM32CubeIDE\workspace_1.16.1\lcd_display_1\MXTmpFiles\license.tmp_save
2026-03-17 13:51:28,693 [INFO] CodeEngine:279 - Generated code: E:\STM32CubeIDE\workspace_1.16.1\lcd_display_1\MXTmpFiles\license.tmp
2026-03-17 13:51:28,807 [INFO] CodeEngine:255 - oldGeneratedFile, E:\STM32CubeIDE\workspace_1.16.1\lcd_display_1\Core\Src\stm32f1xx_it.c_save
2026-03-17 13:51:29,184 [INFO] CodeEngine:279 - Generated code: E:\STM32CubeIDE\workspace_1.16.1\lcd_display_1\Core\Src\stm32f1xx_it.c
2026-03-17 13:51:29,219 [INFO] CodeEngine:255 - oldGeneratedFile, E:\STM32CubeIDE\workspace_1.16.1\lcd_display_1\Core\Inc\stm32f1xx_it.h_save
2026-03-17 13:51:29,479 [INFO] CodeEngine:279 - Generated code: E:\STM32CubeIDE\workspace_1.16.1\lcd_display_1\Core\Inc\stm32f1xx_it.h
2026-03-17 13:51:29,914 [INFO] CodeEngine:255 - oldGeneratedFile, E:\STM32CubeIDE\workspace_1.16.1\lcd_display_1\Core\Src\stm32f1xx_hal_msp.c_save
2026-03-17 13:51:30,274 [INFO] CodeEngine:279 - Generated code: E:\STM32CubeIDE\workspace_1.16.1\lcd_display_1\Core\Src\stm32f1xx_hal_msp.c
2026-03-17 13:51:30,315 [INFO] CodeEngine:255 - oldGeneratedFile, E:\STM32CubeIDE\workspace_1.16.1\lcd_display_1\MXTmpFiles\system.tmp_save
2026-03-17 13:51:30,503 [INFO] CodeEngine:279 - Generated code: E:\STM32CubeIDE\workspace_1.16.1\lcd_display_1\MXTmpFiles\system.tmp
2026-03-17 13:51:30,565 [INFO] CodeEngine:311 - oldGeneratedFile, E:\STM32CubeIDE\workspace_1.16.1\lcd_display_1\Core\Inc\stm32f1xx_hal_conf.h_save
2026-03-17 13:51:30,797 [INFO] CodeEngine:335 - Generated code: E:\STM32CubeIDE\workspace_1.16.1\lcd_display_1\Core\Inc\stm32f1xx_hal_conf.h
2026-03-17 13:51:30,990 [INFO] CodeEngine:255 - oldGeneratedFile, E:\STM32CubeIDE\workspace_1.16.1\lcd_display_1\Core\Inc\main.h_save
2026-03-17 13:51:31,277 [INFO] CodeEngine:279 - Generated code: E:\STM32CubeIDE\workspace_1.16.1\lcd_display_1\Core\Inc\main.h
2026-03-17 13:51:31,320 [INFO] CodeEngine:255 - oldGeneratedFile, E:\STM32CubeIDE\workspace_1.16.1\lcd_display_1\Core\Src\main.c_save
2026-03-17 13:51:31,749 [INFO] CodeEngine:279 - Generated code: E:\STM32CubeIDE\workspace_1.16.1\lcd_display_1\Core\Src\main.c
2026-03-17 13:51:33,071 [INFO] ProjectBuilder:3249 - Time for Copy HAL[1] : 700mS.
2026-03-17 13:51:33,096 [INFO] ProjectBuilder:4828 - Project Generator version: 4.5.0-B34
2026-03-17 13:51:33,474 [INFO] ConfigFileManager:1531 - The Die is : DIE410
2026-03-17 13:51:33,554 [INFO] ApiDbMcu:508 - Load IP Config File for FATFS
2026-03-17 13:51:33,618 [INFO] ApiDbMcu:508 - Load IP Config File for FREERTOS
2026-03-17 13:51:33,688 [INFO] ApiDbMcu:508 - Load IP Config File for USB_DEVICE
2026-03-17 13:51:36,313 [INFO] LogOutputStream:77 - [STDOUT_REDIRECT] 
2026-03-17 13:51:46,584 [INFO] ProjectBuilder:5097 - Time for Generating toolchain IDE Files: 13488mS.
2026-03-17 13:51:46,589 [INFO] ProjectBuilder:3107 - Time for Copy CMSIS : 4mS.
2026-03-17 13:51:46,596 [INFO] ProjectBuilder:3107 - Time for Copy CMSIS : 0mS.
2026-03-17 13:51:48,663 [INFO] McuFinderGlobals:76 - Set McuFinderConnectedMode to true
2026-03-17 13:51:48,676 [INFO] ApiDb:448 - Save user favorites file C:\Users\DELL/.stm32cubeide/favorites.mcus.txt: 0 item(s)
2026-03-17 13:51:48,677 [INFO] ApiDb:452 - User favorites MCUs=[]
2026-03-17 13:53:29,618 [WARN] IP:2191 - I2C_Coeff_DF not found: check if there is a RefParameter without a condition.
2026-03-17 13:53:29,619 [WARN] IP:2191 - Analog_Filter not found: check if there is a RefParameter without a condition.
2026-03-17 13:53:29,689 [WARN] IP:2191 - I2C_Coeff_DF not found: check if there is a RefParameter without a condition.
2026-03-17 13:53:29,689 [WARN] IP:2191 - Analog_Filter not found: check if there is a RefParameter without a condition.
2026-03-17 13:53:29,691 [WARN] IP:2191 - I2C_Coeff_DF not found: check if there is a RefParameter without a condition.
2026-03-17 13:53:29,691 [WARN] IP:2191 - Analog_Filter not found: check if there is a RefParameter without a condition.
2026-03-17 13:53:30,486 [WARN] IP:2191 - I2C_Coeff_DF not found: check if there is a RefParameter without a condition.
2026-03-17 13:53:30,486 [WARN] IP:2191 - Analog_Filter not found: check if there is a RefParameter without a condition.
2026-03-17 13:53:30,495 [WARN] IP:2191 - I2C_Coeff_DF not found: check if there is a RefParameter without a condition.
2026-03-17 13:53:30,495 [WARN] IP:2191 - Analog_Filter not found: check if there is a RefParameter without a condition.
2026-03-17 13:54:02,267 [INFO] UtilMem:75 - End SaveConfig() Used Memory: 694753456 Bytes (1073741824)
2026-03-17 13:54:16,685 [INFO] UtilMem:75 - End SaveConfig() Used Memory: 713627824 Bytes (1073741824)
2026-03-17 13:54:24,376 [INFO] UtilMem:75 - End SaveConfig() Used Memory: 807477424 Bytes (1073741824)
2026-03-17 13:54:25,099 [INFO] BlockDiagram:2766 - set Specific Code input for plugin: NVIC
2026-03-17 13:54:25,100 [INFO] BlockDiagram:2766 - set Specific Code input for plugin: SYS
2026-03-17 13:54:25,101 [INFO] BlockDiagram:2766 - set Specific Code input for plugin: GPIO
2026-03-17 13:54:25,101 [INFO] BlockDiagram:2766 - set Specific Code input for plugin: RCC
2026-03-17 13:54:25,101 [INFO] BlockDiagram:2766 - set Specific Code input for plugin: I2C
2026-03-17 13:54:25,109 [INFO] CodeGenerator:807 - code generatio: config db path: E:\App Download\ST\STM32CubeIDE_1.16.1\STM32CubeIDE\plugins\com.st.stm32cube.common.mx_6.12.1.202409122256\\db\
2026-03-17 13:54:25,113 [WARN] IP:2191 - I2C_Coeff_DF not found: check if there is a RefParameter without a condition.
2026-03-17 13:54:25,114 [WARN] IP:2191 - Analog_Filter not found: check if there is a RefParameter without a condition.
2026-03-17 13:54:25,454 [INFO] CodeEngine:255 - oldGeneratedFile, E:\STM32CubeIDE\workspace_1.16.1\lcd_display_1\MXTmpFiles\license.tmp_save
2026-03-17 13:54:25,717 [INFO] CodeEngine:279 - Generated code: E:\STM32CubeIDE\workspace_1.16.1\lcd_display_1\MXTmpFiles\license.tmp
2026-03-17 13:54:25,985 [INFO] CodeEngine:255 - oldGeneratedFile, E:\STM32CubeIDE\workspace_1.16.1\lcd_display_1\MXTmpFiles\gpio.tmp_save
2026-03-17 13:54:26,264 [INFO] CodeEngine:279 - Generated code: E:\STM32CubeIDE\workspace_1.16.1\lcd_display_1\MXTmpFiles\gpio.tmp
2026-03-17 13:54:26,653 [INFO] CodeEngine:255 - oldGeneratedFile, E:\STM32CubeIDE\workspace_1.16.1\lcd_display_1\Core\Src\stm32f1xx_it.c_save
2026-03-17 13:54:26,918 [INFO] CodeEngine:279 - Generated code: E:\STM32CubeIDE\workspace_1.16.1\lcd_display_1\Core\Src\stm32f1xx_it.c
2026-03-17 13:54:26,955 [INFO] CodeEngine:255 - oldGeneratedFile, E:\STM32CubeIDE\workspace_1.16.1\lcd_display_1\Core\Inc\stm32f1xx_it.h_save
2026-03-17 13:54:27,159 [INFO] CodeEngine:279 - Generated code: E:\STM32CubeIDE\workspace_1.16.1\lcd_display_1\Core\Inc\stm32f1xx_it.h
2026-03-17 13:54:27,251 [INFO] CodeEngine:255 - oldGeneratedFile, E:\STM32CubeIDE\workspace_1.16.1\lcd_display_1\Core\Src\stm32f1xx_hal_msp.c_save
2026-03-17 13:54:27,639 [INFO] CodeEngine:279 - Generated code: E:\STM32CubeIDE\workspace_1.16.1\lcd_display_1\Core\Src\stm32f1xx_hal_msp.c
2026-03-17 13:54:27,679 [INFO] CodeEngine:255 - oldGeneratedFile, E:\STM32CubeIDE\workspace_1.16.1\lcd_display_1\MXTmpFiles\system.tmp_save
2026-03-17 13:54:27,914 [INFO] CodeEngine:279 - Generated code: E:\STM32CubeIDE\workspace_1.16.1\lcd_display_1\MXTmpFiles\system.tmp
2026-03-17 13:54:27,966 [INFO] CodeEngine:311 - oldGeneratedFile, E:\STM32CubeIDE\workspace_1.16.1\lcd_display_1\Core\Inc\stm32f1xx_hal_conf.h_save
2026-03-17 13:54:28,145 [INFO] CodeEngine:335 - Generated code: E:\STM32CubeIDE\workspace_1.16.1\lcd_display_1\Core\Inc\stm32f1xx_hal_conf.h
2026-03-17 13:54:28,237 [INFO] CodeEngine:255 - oldGeneratedFile, E:\STM32CubeIDE\workspace_1.16.1\lcd_display_1\Core\Inc\main.h_save
2026-03-17 13:54:28,388 [INFO] CodeEngine:279 - Generated code: E:\STM32CubeIDE\workspace_1.16.1\lcd_display_1\Core\Inc\main.h
2026-03-17 13:54:28,422 [INFO] CodeEngine:255 - oldGeneratedFile, E:\STM32CubeIDE\workspace_1.16.1\lcd_display_1\Core\Src\main.c_save
2026-03-17 13:54:28,733 [INFO] CodeEngine:279 - Generated code: E:\STM32CubeIDE\workspace_1.16.1\lcd_display_1\Core\Src\main.c
2026-03-17 13:54:30,001 [INFO] ProjectBuilder:3249 - Time for Copy HAL[1] : 743mS.
2026-03-17 13:54:30,012 [INFO] ProjectBuilder:4828 - Project Generator version: 4.5.0-B34
2026-03-17 13:54:30,244 [INFO] ConfigFileManager:1531 - The Die is : DIE410
2026-03-17 13:54:33,170 [INFO] ProjectBuilder:5097 - Time for Generating toolchain IDE Files: 3158mS.
2026-03-17 13:54:33,176 [INFO] ProjectBuilder:3107 - Time for Copy CMSIS : 4mS.
2026-03-17 13:54:33,187 [INFO] ProjectBuilder:3107 - Time for Copy CMSIS : 0mS.
2026-03-17 13:56:29,700 [INFO] WebApp:189 - Connection lost
2026-03-17 13:57:47,797 [INFO] WebApp:186 - Connection restablished
2026-03-17 14:02:19,686 [INFO] WebApp:189 - Connection lost
2026-03-17 14:02:22,991 [INFO] WebApp:186 - Connection restablished
2026-03-17 14:02:26,611 [INFO] WebApp:189 - Connection lost
2026-03-17 14:02:27,483 [INFO] WebApp:186 - Connection restablished
2026-03-17 14:04:54,143 [INFO] WebApp:189 - Connection lost
2026-03-17 14:04:57,966 [INFO] WebApp:186 - Connection restablished
2026-03-17 14:05:21,705 [INFO] WebApp:189 - Connection lost
2026-03-17 14:05:27,390 [INFO] WebApp:186 - Connection restablished
2026-03-17 14:05:34,747 [INFO] WebApp:189 - Connection lost
2026-03-17 14:05:37,440 [INFO] WebApp:186 - Connection restablished
2026-03-17 14:10:15,608 [INFO] WebApp:189 - Connection lost
2026-03-17 14:10:22,610 [INFO] WebApp:186 - Connection restablished
2026-03-17 14:11:00,675 [INFO] WebApp:189 - Connection lost
2026-03-17 14:11:01,330 [INFO] WebApp:186 - Connection restablished
2026-03-17 14:11:12,280 [INFO] WebApp:189 - Connection lost
2026-03-17 14:11:13,519 [INFO] WebApp:186 - Connection restablished
2026-03-17 14:11:36,264 [INFO] WebApp:189 - Connection lost
2026-03-17 14:11:36,834 [INFO] WebApp:186 - Connection restablished
2026-03-17 14:11:41,235 [INFO] WebApp:189 - Connection lost
2026-03-17 14:11:42,170 [INFO] WebApp:186 - Connection restablished
2026-03-17 14:12:18,616 [INFO] WebApp:189 - Connection lost
2026-03-17 14:12:19,459 [INFO] WebApp:186 - Connection restablished
2026-03-17 14:13:11,025 [INFO] WebApp:189 - Connection lost
2026-03-17 14:13:19,089 [INFO] WebApp:186 - Connection restablished
2026-03-17 14:17:02,850 [INFO] WebApp:189 - Connection lost
2026-03-17 14:22:42,723 [ERROR] ConfigurationRetriever:142 - IOException on connection: sw-center.st.com
2026-03-17 14:22:42,728 [ERROR] ConfigurationRetriever:142 - IOException on connection: sw-center.st.com
2026-03-17 14:22:42,730 [ERROR] ConfigurationRetriever:142 - IOException on connection: sw-center.st.com
2026-03-17 14:22:46,856 [ERROR] LogOutputStream:75 - [STDERR_REDIRECT] 
2026-03-17 14:22:46,859 [ERROR] LogOutputStream:75 - [STDERR_REDIRECT] 
2026-03-17 17:51:32,839 [INFO] Activator:176 - 


2026-03-17 17:51:32,845 [INFO] Activator:177 - !SESSION log4j initialized
2026-03-17 17:51:53,753 [INFO] LogOutputStream:77 - [STDOUT_REDIRECT] 
2026-03-17 17:52:05,664 [INFO] ApplicationProperties:184 - Using Application install path: E:\App Download\ST\STM32CubeIDE_1.16.1\STM32CubeIDE\plugins\com.st.stm32cube.common.mx_6.12.1.202409122256
2026-03-17 17:52:05,728 [INFO] DbMcusXml:78 - Set database path to: E:\App Download\ST\STM32CubeIDE_1.16.1\STM32CubeIDE\plugins\com.st.stm32cube.common.mx_6.12.1.202409122256\\db\/mcu/
2026-03-17 17:52:05,728 [INFO] ApiDb:274 - Set plugin database path to: E:\App Download\ST\STM32CubeIDE_1.16.1\STM32CubeIDE\plugins\com.st.stm32cube.common.mx_6.12.1.202409122256\\db\/plugins/boardmanager/
2026-03-17 17:52:05,729 [WARN] ApiDb:259 - Overriding images path with different value:  => E:\App Download\ST\STM32CubeIDE_1.16.1\STM32CubeIDE\plugins\com.st.stm32cube.common.mx_6.12.1.202409122256\\db\/plugins/mcufinder/images/
2026-03-17 17:52:05,829 [INFO] ApiDb:250 - Set database path to: C:\Users\DELL\.stmcufinder\plugins\mcufinder//mcu/
2026-03-17 17:52:05,832 [INFO] DbMcusAds:125 - Set database path to: C:\Users\DELL\.stmcufinder\plugins\mcufinder//mcu/
2026-03-17 17:52:05,847 [INFO] CrossReferenceDbSqlite:203 - Set database path to: C:\Users\DELL\.stmcufinder\plugins\mcufinder//mcu/cs/
2026-03-17 17:52:06,152 [INFO] RulesReader:64 - Compatibility file has been processed (297 Rules)
2026-03-17 17:52:06,413 [INFO] DbMcusXml:78 - Set database path to: E:\App Download\ST\STM32CubeIDE_1.16.1\STM32CubeIDE\plugins\com.st.stm32cube.common.mx_6.12.1.202409122256\\db\/mcu/
2026-03-17 17:52:06,413 [INFO] ApiDb:274 - Set plugin database path to: E:\App Download\ST\STM32CubeIDE_1.16.1\STM32CubeIDE\plugins\com.st.stm32cube.common.mx_6.12.1.202409122256\\db\/plugins/boardmanager/
2026-03-17 17:52:06,413 [INFO] ApiDb:261 - Set plugin images path to: E:\App Download\ST\STM32CubeIDE_1.16.1\STM32CubeIDE\plugins\com.st.stm32cube.common.mx_6.12.1.202409122256\\db\/plugins/mcufinder/images/
2026-03-17 17:52:06,414 [WARN] DbFile:41 - Overriding database path with different value: C:\Users\DELL\.stmcufinder\plugins\mcufinder/ => C:\Users\DELL\.stmcufinder\plugins\mcufinder
2026-03-17 17:52:06,414 [INFO] ApiDb:250 - Set database path to: C:\Users\DELL\.stmcufinder\plugins\mcufinder//mcu/
2026-03-17 17:52:06,414 [WARN] DbFile:41 - Overriding database path with different value: C:\Users\DELL\.stmcufinder\plugins\mcufinder/ => C:\Users\DELL\.stmcufinder\plugins\mcufinder
2026-03-17 17:52:06,414 [INFO] DbMcusAds:125 - Set database path to: C:\Users\DELL\.stmcufinder\plugins\mcufinder//mcu/
2026-03-17 17:52:06,414 [WARN] DbFile:41 - Overriding database path with different value: C:\Users\DELL\.stmcufinder\plugins\mcufinder/ => C:\Users\DELL\.stmcufinder\plugins\mcufinder
2026-03-17 17:52:06,415 [WARN] DbFile:41 - Overriding database path with different value: C:\Users\DELL\.stmcufinder\plugins\mcufinder/ => C:\Users\DELL\.stmcufinder\plugins\mcufinder
2026-03-17 17:52:06,415 [INFO] CrossReferenceDbSqlite:203 - Set database path to: C:\Users\DELL\.stmcufinder\plugins\mcufinder//mcu/cs/
2026-03-17 17:52:06,759 [INFO] MainPanel:268 - HeapMemory: 268435456
2026-03-17 17:52:07,122 [INFO] DbMcusXml:78 - Set database path to: E:\App Download\ST\STM32CubeIDE_1.16.1\STM32CubeIDE\plugins\com.st.stm32cube.common.mx_6.12.1.202409122256\\db\/mcu/
2026-03-17 17:52:07,123 [INFO] ApiDb:274 - Set plugin database path to: E:\App Download\ST\STM32CubeIDE_1.16.1\STM32CubeIDE\plugins\com.st.stm32cube.common.mx_6.12.1.202409122256\\db\/plugins/boardmanager/
2026-03-17 17:52:07,123 [INFO] ApiDb:261 - Set plugin images path to: E:\App Download\ST\STM32CubeIDE_1.16.1\STM32CubeIDE\plugins\com.st.stm32cube.common.mx_6.12.1.202409122256\\db\/plugins/mcufinder/images/
2026-03-17 17:52:07,123 [WARN] DbFile:41 - Overriding database path with different value: C:\Users\DELL\.stmcufinder\plugins\mcufinder/ => C:\Users\DELL\.stmcufinder\plugins\mcufinder
2026-03-17 17:52:07,124 [INFO] ApiDb:250 - Set database path to: C:\Users\DELL\.stmcufinder\plugins\mcufinder//mcu/
2026-03-17 17:52:07,124 [WARN] DbFile:41 - Overriding database path with different value: C:\Users\DELL\.stmcufinder\plugins\mcufinder/ => C:\Users\DELL\.stmcufinder\plugins\mcufinder
2026-03-17 17:52:07,124 [INFO] DbMcusAds:125 - Set database path to: C:\Users\DELL\.stmcufinder\plugins\mcufinder//mcu/
2026-03-17 17:52:07,124 [WARN] DbFile:41 - Overriding database path with different value: C:\Users\DELL\.stmcufinder\plugins\mcufinder/ => C:\Users\DELL\.stmcufinder\plugins\mcufinder
2026-03-17 17:52:07,124 [WARN] DbFile:41 - Overriding database path with different value: C:\Users\DELL\.stmcufinder\plugins\mcufinder/ => C:\Users\DELL\.stmcufinder\plugins\mcufinder
2026-03-17 17:52:07,124 [INFO] CrossReferenceDbSqlite:203 - Set database path to: C:\Users\DELL\.stmcufinder\plugins\mcufinder//mcu/cs/
2026-03-17 17:52:07,173 [INFO] ApplicationProperties:184 - Using Application install path: E:\App Download\ST\STM32CubeIDE_1.16.1\STM32CubeIDE\plugins\com.st.stm32cube.common.mx_6.12.1.202409122256
2026-03-17 17:52:07,176 [INFO] PluginManage:196 - Search for loadable plugins [exclusion list=, ]
2026-03-17 17:52:07,180 [INFO] PluginManage:310 - Check plugin analytics
2026-03-17 17:52:07,641 [INFO] AnalyticsPlugin:253 - Accepted Software Licenses: 
2026-03-17 17:52:07,642 [INFO] AnalyticsPlugin:255 - Accepted CMSIS Pack Licenses: 
2026-03-17 17:52:07,643 [INFO] AnalyticsPlugin:257 - Accepted Firmware Licenses: 
2026-03-17 17:52:07,649 [INFO] PluginManage:359 - Loaded plugin analytics (category:tool,tabindex:-1)
2026-03-17 17:52:07,650 [INFO] PluginManage:310 - Check plugin cadmodel
2026-03-17 17:52:07,741 [INFO] CADModel:105 - Init CAD model plugin
2026-03-17 17:52:07,742 [INFO] PluginManage:359 - Loaded plugin cadmodel (category:power,tabindex:5)
2026-03-17 17:52:07,742 [INFO] PluginManage:310 - Check plugin clock
2026-03-17 17:52:07,827 [INFO] PluginManage:359 - Loaded plugin clock (category:base,tabindex:2)
2026-03-17 17:52:07,828 [INFO] PluginManage:310 - Check plugin ddr
2026-03-17 17:52:07,833 [INFO] PluginManage:359 - Loaded plugin ddr (category:tool,tabindex:6)
2026-03-17 17:52:07,833 [INFO] PluginManage:310 - Check plugin filemanager
2026-03-17 17:52:08,199 [INFO] PluginManage:359 - Loaded plugin filemanager (category:base,tabindex:10)
2026-03-17 17:52:08,199 [INFO] PluginManage:310 - Check plugin ipmanager
2026-03-17 17:52:08,231 [INFO] PluginManage:359 - Loaded plugin ipmanager (category:base,tabindex:5)
2026-03-17 17:52:08,231 [INFO] PluginManage:310 - Check plugin lpbam
2026-03-17 17:52:08,280 [INFO] PluginManage:359 - Loaded plugin lpbam (category:base,tabindex:0)
2026-03-17 17:52:08,281 [INFO] PluginManage:310 - Check plugin memorymap
2026-03-17 17:52:08,451 [INFO] PluginManage:359 - Loaded plugin memorymap (category:base,tabindex:4)
2026-03-17 17:52:08,452 [INFO] PluginManage:310 - Check plugin pinoutandconfiguration
2026-03-17 17:52:08,512 [INFO] PluginManage:359 - Loaded plugin pinoutandconfiguration (category:base,tabindex:1)
2026-03-17 17:52:08,512 [INFO] PluginManage:310 - Check plugin pinoutconfig
2026-03-17 17:52:08,745 [WARN] SupportedApi:132 - Cannot load RTOS API schema: s4s-elt-must-match.1: The content of 'definitions' must match (annotation?, (simpleType | complexType)?, (unique | key | keyref)*)). A problem was found starting at: attribute.
2026-03-17 17:52:09,081 [INFO] PluginManage:359 - Loaded plugin pinoutconfig (category:base,tabindex:0)
2026-03-17 17:52:09,081 [INFO] PluginManage:310 - Check plugin power
2026-03-17 17:52:09,164 [INFO] PluginManage:359 - Loaded plugin power (category:power,tabindex:4)
2026-03-17 17:52:09,164 [INFO] PluginManage:310 - Check plugin projectmanager
2026-03-17 17:52:09,217 [INFO] PluginManage:359 - Loaded plugin projectmanager (category:projectmanager,tabindex:4)
2026-03-17 17:52:09,218 [INFO] PluginManage:310 - Check plugin rif
2026-03-17 17:52:09,267 [INFO] PluginManage:359 - Loaded plugin rif (category:base,tabindex:3)
2026-03-17 17:52:09,267 [INFO] PluginManage:310 - Check plugin thirdparty
2026-03-17 17:52:10,269 [INFO] PluginManage:359 - Loaded plugin thirdparty (category:base,tabindex:-1)
2026-03-17 17:52:10,268 [WARN] IntegrityCheckThread:84 - waiting for thirdparty lock release [integrity check]
2026-03-17 17:52:10,269 [INFO] PluginManage:310 - Check plugin tools
2026-03-17 17:52:10,269 [INFO] IntegrityCheckThread:86 - entering critical section [integrity check]
2026-03-17 17:52:10,270 [INFO] ThirdPartyUpdaterWithRetryManager:70 - Updater plugin not ready yet. [1/15]
2026-03-17 17:52:10,366 [INFO] PluginManage:359 - Loaded plugin tools (category:base,tabindex:7)
2026-03-17 17:52:10,366 [INFO] PluginManage:310 - Check plugin tutovideos
2026-03-17 17:52:10,795 [INFO] PluginManage:359 - Loaded plugin tutovideos (category:base,tabindex:-1)
2026-03-17 17:52:10,796 [INFO] PluginManage:310 - Check plugin updater
2026-03-17 17:52:10,846 [INFO] PluginManage:359 - Loaded plugin updater (category:base,tabindex:12)
2026-03-17 17:52:10,846 [INFO] PluginManage:310 - Check plugin userauth
2026-03-17 17:52:10,857 [INFO] UserAuth:113 - Init User Auth plugin
2026-03-17 17:52:10,858 [INFO] PluginManage:359 - Loaded plugin userauth (category:base,tabindex:14)
2026-03-17 17:52:10,859 [INFO] PluginManage:283 - PluginManage : Loaded plugins [18]
2026-03-17 17:52:11,617 [INFO] PinOutPanel:1561 - setPackage(No Configuration,No Configuration)
2026-03-17 17:52:12,011 [INFO] CADModel:165 - CPN selected for project level
2026-03-17 17:52:12,011 [INFO] CADModel:114 - Register for checkConnection events
2026-03-17 17:52:12,110 [INFO] IPUIPlugin:80 - create IPUIPlugin
2026-03-17 17:52:12,111 [INFO] PluginManager:220 - loadIPPluginJar : add adc
2026-03-17 17:52:12,184 [INFO] IPUIPlugin:80 - create IPUIPlugin
2026-03-17 17:52:12,185 [INFO] PluginManager:220 - loadIPPluginJar : add aes
2026-03-17 17:52:12,273 [INFO] IPUIPlugin:80 - create IPUIPlugin
2026-03-17 17:52:12,273 [INFO] PluginManager:220 - loadIPPluginJar : add can
2026-03-17 17:52:12,334 [INFO] IPUIPlugin:80 - create IPUIPlugin
2026-03-17 17:52:12,335 [INFO] PluginManager:220 - loadIPPluginJar : add comp
2026-03-17 17:52:12,427 [INFO] IPUIPlugin:80 - create IPUIPlugin
2026-03-17 17:52:12,427 [INFO] PluginManager:220 - loadIPPluginJar : add cryp
2026-03-17 17:52:12,485 [INFO] IPUIPlugin:80 - create IPUIPlugin
2026-03-17 17:52:12,486 [INFO] PluginManager:220 - loadIPPluginJar : add ddr_ctrl_phy
2026-03-17 17:52:12,579 [INFO] IPUIPlugin:80 - create IPUIPlugin
2026-03-17 17:52:12,579 [INFO] PluginManager:220 - loadIPPluginJar : add dfsdm
2026-03-17 17:52:12,618 [INFO] IPUIPlugin:80 - create IPUIPlugin
2026-03-17 17:52:12,619 [INFO] PluginManager:220 - loadIPPluginJar : add dma
2026-03-17 17:52:12,726 [INFO] IPUIPlugin:80 - create IPUIPlugin
2026-03-17 17:52:12,726 [INFO] PluginManager:220 - loadIPPluginJar : add dma3
2026-03-17 17:52:12,816 [INFO] IPUIPlugin:80 - create IPUIPlugin
2026-03-17 17:52:12,817 [INFO] PluginManager:220 - loadIPPluginJar : add extmemmanager
2026-03-17 17:52:12,875 [INFO] IPUIPlugin:80 - create IPUIPlugin
2026-03-17 17:52:12,875 [INFO] PluginManager:220 - loadIPPluginJar : add fatfs
2026-03-17 17:52:12,975 [INFO] IPUIPlugin:80 - create IPUIPlugin
2026-03-17 17:52:12,976 [INFO] PluginManager:220 - loadIPPluginJar : add fmc
2026-03-17 17:52:13,042 [INFO] IPUIPlugin:80 - create IPUIPlugin
2026-03-17 17:52:13,043 [INFO] PluginManager:220 - loadIPPluginJar : add freertos
2026-03-17 17:52:13,096 [INFO] IPUIPlugin:80 - create IPUIPlugin
2026-03-17 17:52:13,097 [INFO] PluginManager:220 - loadIPPluginJar : add genericplugin
2026-03-17 17:52:13,272 [INFO] ThirdPartyUpdaterWithRetryManager:70 - Updater plugin not ready yet. [2/15]
2026-03-17 17:52:13,318 [INFO] IPUIPlugin:80 - create IPUIPlugin
2026-03-17 17:52:13,318 [INFO] PluginManager:220 - loadIPPluginJar : add gfxmmu
2026-03-17 17:52:13,599 [INFO] IPUIPlugin:80 - create IPUIPlugin
2026-03-17 17:52:13,599 [INFO] PluginManager:220 - loadIPPluginJar : add gic
2026-03-17 17:52:13,635 [INFO] IPUIPlugin:80 - create IPUIPlugin
2026-03-17 17:52:13,635 [INFO] PluginManager:220 - loadIPPluginJar : add gpio
2026-03-17 17:52:13,848 [INFO] IPUIPlugin:80 - create IPUIPlugin
2026-03-17 17:52:13,848 [INFO] PluginManager:220 - loadIPPluginJar : add gtzc
2026-03-17 17:52:13,918 [INFO] IPUIPlugin:80 - create IPUIPlugin
2026-03-17 17:52:13,918 [INFO] PluginManager:220 - loadIPPluginJar : add hash
2026-03-17 17:52:14,033 [INFO] IPUIPlugin:80 - create IPUIPlugin
2026-03-17 17:52:14,033 [INFO] PluginManager:220 - loadIPPluginJar : add i2c
2026-03-17 17:52:14,131 [INFO] IPUIPlugin:80 - create IPUIPlugin
2026-03-17 17:52:14,131 [INFO] PluginManager:220 - loadIPPluginJar : add i2s
2026-03-17 17:52:14,222 [INFO] IPUIPlugin:80 - create IPUIPlugin
2026-03-17 17:52:14,223 [INFO] PluginManager:220 - loadIPPluginJar : add i3c
2026-03-17 17:52:14,459 [INFO] IPUIPlugin:80 - create IPUIPlugin
2026-03-17 17:52:14,460 [INFO] PluginManager:220 - loadIPPluginJar : add ipddr
2026-03-17 17:52:14,689 [INFO] IPUIPlugin:80 - create IPUIPlugin
2026-03-17 17:52:14,689 [INFO] PluginManager:220 - loadIPPluginJar : add linkedlist
2026-03-17 17:52:14,776 [INFO] IPUIPlugin:80 - create IPUIPlugin
2026-03-17 17:52:14,776 [INFO] PluginManager:220 - loadIPPluginJar : add lorawan
2026-03-17 17:52:14,850 [INFO] IPUIPlugin:80 - create IPUIPlugin
2026-03-17 17:52:14,851 [INFO] PluginManager:220 - loadIPPluginJar : add ltdc
2026-03-17 17:52:14,880 [INFO] IPUIPlugin:80 - create IPUIPlugin
2026-03-17 17:52:14,880 [INFO] PluginManager:220 - loadIPPluginJar : add mdma
2026-03-17 17:52:14,908 [INFO] IPUIPlugin:80 - create IPUIPlugin
2026-03-17 17:52:14,908 [INFO] PluginManager:220 - loadIPPluginJar : add nvic
2026-03-17 17:52:15,023 [INFO] IPUIPlugin:80 - create IPUIPlugin
2026-03-17 17:52:15,023 [INFO] PluginManager:220 - loadIPPluginJar : add opamp
2026-03-17 17:52:15,172 [INFO] IPUIPlugin:80 - create IPUIPlugin
2026-03-17 17:52:15,173 [INFO] PluginManager:220 - loadIPPluginJar : add openamp
2026-03-17 17:52:15,278 [INFO] IPUIPlugin:80 - create IPUIPlugin
2026-03-17 17:52:15,279 [INFO] PluginManager:220 - loadIPPluginJar : add pdm2pcm
2026-03-17 17:52:15,312 [INFO] IPUIPlugin:80 - create IPUIPlugin
2026-03-17 17:52:15,316 [INFO] PluginManager:220 - loadIPPluginJar : add plateformsettings
2026-03-17 17:52:15,464 [INFO] IPUIPlugin:80 - create IPUIPlugin
2026-03-17 17:52:15,464 [INFO] PluginManager:220 - loadIPPluginJar : add quadspi
2026-03-17 17:52:15,533 [INFO] IPUIPlugin:80 - create IPUIPlugin
2026-03-17 17:52:15,534 [INFO] PluginManager:220 - loadIPPluginJar : add radio
2026-03-17 17:52:15,568 [INFO] IPUIPlugin:80 - create IPUIPlugin
2026-03-17 17:52:15,568 [INFO] PluginManager:220 - loadIPPluginJar : add resmgrutility
2026-03-17 17:52:15,667 [INFO] IPUIPlugin:80 - create IPUIPlugin
2026-03-17 17:52:15,667 [INFO] PluginManager:220 - loadIPPluginJar : add sai
2026-03-17 17:52:15,767 [INFO] IPUIPlugin:80 - create IPUIPlugin
2026-03-17 17:52:15,767 [INFO] PluginManager:220 - loadIPPluginJar : add spi
2026-03-17 17:52:15,907 [INFO] IPUIPlugin:80 - create IPUIPlugin
2026-03-17 17:52:15,907 [INFO] PluginManager:220 - loadIPPluginJar : add stm32_wpan
2026-03-17 17:52:15,965 [INFO] IPUIPlugin:80 - create IPUIPlugin
2026-03-17 17:52:15,965 [INFO] PluginManager:220 - loadIPPluginJar : add tim
2026-03-17 17:52:16,094 [INFO] IPUIPlugin:80 - create IPUIPlugin
2026-03-17 17:52:16,095 [INFO] PluginManager:220 - loadIPPluginJar : add touchsensing
2026-03-17 17:52:16,159 [INFO] IPUIPlugin:80 - create IPUIPlugin
2026-03-17 17:52:16,159 [INFO] PluginManager:220 - loadIPPluginJar : add tracer_emb
2026-03-17 17:52:16,209 [INFO] IPUIPlugin:80 - create IPUIPlugin
2026-03-17 17:52:16,209 [INFO] PluginManager:220 - loadIPPluginJar : add ts
2026-03-17 17:52:16,263 [INFO] IPUIPlugin:80 - create IPUIPlugin
2026-03-17 17:52:16,263 [INFO] PluginManager:220 - loadIPPluginJar : add tsc
2026-03-17 17:52:16,275 [INFO] ThirdPartyUpdaterWithRetryManager:70 - Updater plugin not ready yet. [3/15]
2026-03-17 17:52:16,315 [INFO] IPUIPlugin:80 - create IPUIPlugin
2026-03-17 17:52:16,316 [INFO] PluginManager:220 - loadIPPluginJar : add ucpd
2026-03-17 17:52:16,470 [INFO] IPUIPlugin:80 - create IPUIPlugin
2026-03-17 17:52:16,471 [INFO] PluginManager:220 - loadIPPluginJar : add usart
2026-03-17 17:52:16,590 [INFO] IPUIPlugin:80 - create IPUIPlugin
2026-03-17 17:52:16,590 [INFO] PluginManager:220 - loadIPPluginJar : add usbx
2026-03-17 17:52:16,827 [INFO] CADModel:165 - CPN selected for project level
2026-03-17 17:52:16,827 [INFO] CADModel:114 - Register for checkConnection events
2026-03-17 17:52:16,828 [FATAL] Updater:334 - Updater called before beeing initialized
2026-03-17 17:52:16,828 [ERROR] CADModel:125 - Updater not yet initialized, retry later 
2026-03-17 17:52:17,188 [INFO] CADModel:165 - CPN selected for project level
2026-03-17 17:52:17,189 [INFO] CADModel:114 - Register for checkConnection events
2026-03-17 17:52:17,189 [FATAL] Updater:334 - Updater called before beeing initialized
2026-03-17 17:52:17,189 [ERROR] CADModel:125 - Updater not yet initialized, retry later 
2026-03-17 17:52:17,195 [FATAL] Updater:334 - Updater called before beeing initialized
2026-03-17 17:52:17,456 [FATAL] Updater:334 - Updater called before beeing initialized
2026-03-17 17:52:17,479 [INFO] DbMcusAds:53 - JSON generation date=Thu Mar 05 20:02:52 IST 2026 (1772721172610)
2026-03-17 17:52:17,479 [FATAL] Updater:334 - Updater called before beeing initialized
2026-03-17 17:52:17,764 [WARN] DetailPanel:346 - Failed to get advertising image, set to default
2026-03-17 17:52:17,967 [FATAL] Updater:334 - Updater called before beeing initialized
2026-03-17 17:52:17,970 [FATAL] Updater:334 - Updater called before beeing initialized
2026-03-17 17:52:17,971 [FATAL] Updater:334 - Updater called before beeing initialized
2026-03-17 17:52:17,971 [WARN] DetailPanel:346 - Failed to get advertising image, set to default
2026-03-17 17:52:17,973 [FATAL] Updater:334 - Updater called before beeing initialized
2026-03-17 17:52:18,173 [ERROR] Updater:1164 - MainUpdater not yet initialized. External WinMGr cannot be set.
2026-03-17 17:52:18,209 [INFO] Updater:1100 - Updater Version found : 6.12.1
2026-03-17 17:52:18,255 [INFO] ApplicationProperties:184 - Using Application install path: E:\App Download\ST\STM32CubeIDE_1.16.1\STM32CubeIDE\plugins\com.st.stm32cube.common.mx_6.12.1.202409122256
2026-03-17 17:52:19,278 [INFO] ThirdPartyUpdaterWithRetryManager:70 - Updater plugin not ready yet. [4/15]
2026-03-17 17:52:20,237 [ERROR] LogOutputStream:75 - [STDERR_REDIRECT] Mar 17, 2026 5:52:20 PM java.util.prefs.WindowsPreferences <init>
2026-03-17 17:52:20,240 [ERROR] LogOutputStream:75 - [STDERR_REDIRECT] WARNING: Could not open/create prefs root node Software\JavaSoft\Prefs at root 0xffffffff80000002. Windows RegCreateKeyEx(...) returned error code 5.
2026-03-17 17:52:20,241 [ERROR] LogOutputStream:75 - [STDERR_REDIRECT] 
2026-03-17 17:52:21,789 [INFO] MainUpdater:2873 - connection check result : 10
2026-03-17 17:52:21,791 [INFO] MainUpdater:290 - Updater Check For Update Now.
2026-03-17 17:52:21,791 [INFO] MicroXplorer:498 - Change Database Version : DB.6.0.121
2026-03-17 17:52:21,843 [INFO] McuFinderGlobals:63 - Set McuFinder mode to 2 (CubeIDE integrated)
2026-03-17 17:52:21,844 [INFO] UserAuth:179 - activating auth plugin
2026-03-17 17:52:21,862 [INFO] UserAuth:417 - Internet connection configuration mode: 1
2026-03-17 17:52:22,010 [INFO] JxBrowserEngine:152 - Initiate JxBrowser Engine with user profile folder
2026-03-17 17:52:22,150 [INFO] CheckServerUpdateThread:120 - End of CheckServer Thread
2026-03-17 17:52:23,101 [WARN] PackLoader:240 - Cannot read IP mode file for STMicroelectronics.X-CUBE-AZRTOS-H7.3.5.0
2026-03-17 17:52:23,149 [WARN] PackLoader:240 - Cannot read IP mode file for STMicroelectronics.FP-ATR-ASTRA1.2.0.2
2026-03-17 17:52:23,191 [WARN] PackLoader:240 - Cannot read IP mode file for STMicroelectronics.X-CUBE-SMBUS.2.1.0
2026-03-17 17:52:23,246 [WARN] PackLoader:240 - Cannot read IP mode file for STMicroelectronics.X-CUBE-AZRTOS-F7.1.1.0
2026-03-17 17:52:23,280 [ERROR] Engine:466 - C:\Users\DELL\.stm32cubemx\thirdparties\pdsc\STMicroelectronics.FP-SNS-MOTENV1.5.1.0.pdsc: PDSC version is not supported
2026-03-17 17:52:23,313 [ERROR] Engine:466 - C:\Users\DELL\.stm32cubemx\thirdparties\pdsc\WES.I-CUBE-Cesium.1.4.0.pdsc: PDSC version is not supported
2026-03-17 17:52:23,356 [WARN] PackLoader:240 - Cannot read IP mode file for STMicroelectronics.X-CUBE-DISPLAY.3.0.0
2026-03-17 17:52:23,407 [ERROR] Engine:466 - C:\Users\DELL\.stm32cubemx\thirdparties\pdsc\STMicroelectronics.FP-SNS-MOTENVWB1.1.5.0.pdsc: PDSC version is not supported
2026-03-17 17:52:23,449 [WARN] PackLoader:240 - Cannot read IP mode file for STMicroelectronics.X-CUBE-NFC10.1.0.0
2026-03-17 17:52:23,479 [ERROR] Engine:466 - C:\Users\DELL\.stm32cubemx\thirdparties\pdsc\STMicroelectronics.X-CUBE-ST60.1.1.0.pdsc: PDSC version is not supported
2026-03-17 17:52:23,515 [WARN] PackLoader:240 - Cannot read IP mode file for emotas.I-CUBE-CANOPEN.1.3.0
2026-03-17 17:52:23,548 [WARN] PackLoader:240 - Cannot read IP mode file for STMicroelectronics.X-CUBE-GNSS1.7.1.0
2026-03-17 17:52:23,579 [ERROR] Engine:466 - C:\Users\DELL\.stm32cubemx\thirdparties\pdsc\STMicroelectronics.FP-SNS-STBOX1.2.1.0.pdsc: PDSC version is not supported
2026-03-17 17:52:23,608 [WARN] PackLoader:240 - Cannot read IP mode file for STMicroelectronics.FP-SNS-SMARTAG2.1.2.0
2026-03-17 17:52:23,634 [ERROR] Engine:466 - C:\Users\DELL\.stm32cubemx\thirdparties\pdsc\STMicroelectronics.FP-SNS-FLIGHT1.5.1.0.pdsc: PDSC version is not supported
2026-03-17 17:52:23,676 [INFO] LogOutputStream:77 - [STDOUT_REDIRECT] 1 : Invalid condition id : UX_CORESTACK_Condition cause : null
2026-03-17 17:52:23,677 [INFO] LogOutputStream:77 - [STDOUT_REDIRECT] 1 : Invalid condition id : UX_CORESTACK_Condition cause : null
2026-03-17 17:52:23,678 [INFO] LogOutputStream:77 - [STDOUT_REDIRECT] 1 : Invalid condition id : UX_CORESTACK_Condition cause : null
2026-03-17 17:52:23,680 [INFO] LogOutputStream:77 - [STDOUT_REDIRECT] 1 : Invalid condition id : UX_CORESTACK_Condition cause : null
2026-03-17 17:52:23,681 [INFO] LogOutputStream:77 - [STDOUT_REDIRECT] 1 : Invalid condition id : UX_CORESTACK_Condition cause : null
2026-03-17 17:52:23,686 [WARN] PackLoader:240 - Cannot read IP mode file for STMicroelectronics.X-CUBE-AZRTOS-WL.2.0.0
2026-03-17 17:52:23,771 [WARN] PackLoader:240 - Cannot read IP mode file for STMicroelectronics.X-CUBE-AZRTOS-H7RS.1.2.0
2026-03-17 17:52:23,820 [WARN] PackLoader:240 - Cannot read IP mode file for STMicroelectronics.X-CUBE-BLE2.3.3.0
2026-03-17 17:52:23,852 [ERROR] Engine:466 - C:\Users\DELL\.stm32cubemx\thirdparties\pdsc\Avnet-IOTCONNECT.X-CUBE-iotc-st67-sdk.1.0.0.pdsc: PDSC version is not supported
2026-03-17 17:52:23,942 [WARN] PackLoader:240 - Cannot read IP mode file for Infineon.AIROC-Wi-Fi-Bluetooth-STM32.1.8.0
2026-03-17 17:52:23,991 [WARN] PackLoader:240 - Cannot read IP mode file for STMicroelectronics.X-CUBE-NFC9.1.0.0
2026-03-17 17:52:24,034 [WARN] PackLoader:240 - Cannot read IP mode file for STMicroelectronics.X-CUBE-BLE1.7.1.0
2026-03-17 17:52:24,079 [WARN] PackLoader:240 - Cannot read IP mode file for wolfSSL.I-CUBE-wolfMQTT.1.19.2
2026-03-17 17:52:24,120 [WARN] PackLoader:240 - Cannot read IP mode file for STMicroelectronics.X-CUBE-EEPRMA1.5.2.0
2026-03-17 17:52:24,160 [WARN] PackLoader:240 - Cannot read IP mode file for wolfSSL.I-CUBE-wolfSSL.5.8.4
2026-03-17 17:52:24,195 [ERROR] Engine:466 - C:\Users\DELL\.stm32cubemx\thirdparties\pdsc\Cesanta.I-CUBE-Mongoose.7.20.0.pdsc: PDSC version is not supported
2026-03-17 17:52:24,325 [WARN] PackLoader:240 - Cannot read IP mode file for STMicroelectronics.X-CUBE-MEMS1.12.0.0
2026-03-17 17:52:24,609 [WARN] PackLoader:240 - Cannot read IP mode file for STMicroelectronics.X-CUBE-AZRTOS-G0.1.1.0
2026-03-17 17:52:24,661 [WARN] PackLoader:240 - Cannot read IP mode file for STMicroelectronics.X-CUBE-NFC4.3.0.0
2026-03-17 17:52:24,754 [WARN] PackLoader:240 - Cannot read IP mode file for EmbeddedOffice.I-CUBE-FS-RTOS.1.0.1
2026-03-17 17:52:24,755 [ERROR] ConditionMgr:805 - Attr not supported : Dmpu
2026-03-17 17:52:24,755 [ERROR] ConditionMgr:805 - Attr not supported : Dmpu
2026-03-17 17:52:24,755 [ERROR] ConditionMgr:805 - Attr not supported : Dmpu
2026-03-17 17:52:24,755 [ERROR] ConditionMgr:805 - Attr not supported : Dmpu
2026-03-17 17:52:24,756 [ERROR] ConditionMgr:805 - Attr not supported : Dmpu
2026-03-17 17:52:24,756 [ERROR] ConditionMgr:805 - Attr not supported : Dmpu
2026-03-17 17:52:24,756 [ERROR] ConditionMgr:805 - Attr not supported : Dmpu
2026-03-17 17:52:24,756 [ERROR] ConditionMgr:805 - Attr not supported : Dmpu
2026-03-17 17:52:24,756 [ERROR] ConditionMgr:805 - Attr not supported : Dmpu
2026-03-17 17:52:24,756 [ERROR] ConditionMgr:805 - Attr not supported : Dmpu
2026-03-17 17:52:24,756 [ERROR] ConditionMgr:805 - Attr not supported : Dmpu
2026-03-17 17:52:24,757 [ERROR] ConditionMgr:805 - Attr not supported : Dmpu
2026-03-17 17:52:24,757 [ERROR] ConditionMgr:805 - Attr not supported : Dmpu
2026-03-17 17:52:24,757 [ERROR] ConditionMgr:805 - Attr not supported : Dmpu
2026-03-17 17:52:24,757 [ERROR] ConditionMgr:805 - Attr not supported : Dmpu
2026-03-17 17:52:24,757 [ERROR] ConditionMgr:805 - Attr not supported : Dmpu
2026-03-17 17:52:24,757 [ERROR] ConditionMgr:805 - Attr not supported : Dmpu
2026-03-17 17:52:24,758 [ERROR] ConditionMgr:805 - Attr not supported : Dmpu
2026-03-17 17:52:24,758 [ERROR] ConditionMgr:805 - Attr not supported : Dmpu
2026-03-17 17:52:24,758 [ERROR] ConditionMgr:805 - Attr not supported : Dmpu
2026-03-17 17:52:24,758 [ERROR] ConditionMgr:805 - Attr not supported : Dmpu
2026-03-17 17:52:24,758 [ERROR] ConditionMgr:805 - Attr not supported : Dmpu
2026-03-17 17:52:24,758 [ERROR] ConditionMgr:805 - Attr not supported : Dmpu
2026-03-17 17:52:24,759 [ERROR] ConditionMgr:805 - Attr not supported : Dmpu
2026-03-17 17:52:24,759 [ERROR] ConditionMgr:805 - Attr not supported : Dmpu
2026-03-17 17:52:24,759 [ERROR] ConditionMgr:805 - Attr not supported : Dmpu
2026-03-17 17:52:24,759 [ERROR] ConditionMgr:805 - Attr not supported : Dmpu
2026-03-17 17:52:24,759 [ERROR] ConditionMgr:805 - Attr not supported : Dmpu
2026-03-17 17:52:24,759 [ERROR] ConditionMgr:805 - Attr not supported : Dmpu
2026-03-17 17:52:24,760 [ERROR] ConditionMgr:805 - Attr not supported : Dmpu
2026-03-17 17:52:24,760 [ERROR] ConditionMgr:805 - Attr not supported : Dmpu
2026-03-17 17:52:24,760 [ERROR] ConditionMgr:805 - Attr not supported : Dmpu
2026-03-17 17:52:24,760 [ERROR] ConditionMgr:805 - Attr not supported : Dmpu
2026-03-17 17:52:24,760 [ERROR] ConditionMgr:805 - Attr not supported : Dmpu
2026-03-17 17:52:24,760 [ERROR] ConditionMgr:805 - Attr not supported : Dmpu
2026-03-17 17:52:24,760 [ERROR] ConditionMgr:805 - Attr not supported : Dmpu
2026-03-17 17:52:24,761 [ERROR] ConditionMgr:805 - Attr not supported : Dmpu
2026-03-17 17:52:24,761 [ERROR] ConditionMgr:805 - Attr not supported : Dmpu
2026-03-17 17:52:24,761 [ERROR] ConditionMgr:805 - Attr not supported : Dmpu
2026-03-17 17:52:24,761 [ERROR] ConditionMgr:805 - Attr not supported : Dmpu
2026-03-17 17:52:24,762 [ERROR] ConditionMgr:805 - Attr not supported : Dmpu
2026-03-17 17:52:24,762 [ERROR] ConditionMgr:805 - Attr not supported : Dmpu
2026-03-17 17:52:24,762 [ERROR] ConditionMgr:805 - Attr not supported : Dmpu
2026-03-17 17:52:24,762 [ERROR] ConditionMgr:805 - Attr not supported : Dmpu
2026-03-17 17:52:24,762 [ERROR] ConditionMgr:805 - Attr not supported : Dmpu
2026-03-17 17:52:24,762 [ERROR] ConditionMgr:805 - Attr not supported : Dmpu
2026-03-17 17:52:24,763 [ERROR] ConditionMgr:805 - Attr not supported : Dmpu
2026-03-17 17:52:24,763 [ERROR] ConditionMgr:805 - Attr not supported : Dmpu
2026-03-17 17:52:24,763 [ERROR] ConditionMgr:805 - Attr not supported : Dmpu
2026-03-17 17:52:24,763 [ERROR] ConditionMgr:805 - Attr not supported : Dmpu
2026-03-17 17:52:24,763 [ERROR] ConditionMgr:805 - Attr not supported : Dmpu
2026-03-17 17:52:24,763 [ERROR] ConditionMgr:805 - Attr not supported : Dmpu
2026-03-17 17:52:24,763 [ERROR] ConditionMgr:805 - Attr not supported : Dmpu
2026-03-17 17:52:24,763 [ERROR] ConditionMgr:805 - Attr not supported : Dmpu
2026-03-17 17:52:24,764 [ERROR] ConditionMgr:805 - Attr not supported : Dmpu
2026-03-17 17:52:24,764 [ERROR] ConditionMgr:805 - Attr not supported : Dmpu
2026-03-17 17:52:24,764 [ERROR] ConditionMgr:805 - Attr not supported : Dmpu
2026-03-17 17:52:24,764 [ERROR] ConditionMgr:805 - Attr not supported : Dmpu
2026-03-17 17:52:24,764 [ERROR] ConditionMgr:805 - Attr not supported : Dmpu
2026-03-17 17:52:24,764 [ERROR] ConditionMgr:805 - Attr not supported : Dmpu
2026-03-17 17:52:24,765 [ERROR] ConditionMgr:805 - Attr not supported : Dmpu
2026-03-17 17:52:24,765 [ERROR] ConditionMgr:805 - Attr not supported : Dmpu
2026-03-17 17:52:24,765 [ERROR] ConditionMgr:805 - Attr not supported : Dmpu
2026-03-17 17:52:24,765 [ERROR] ConditionMgr:805 - Attr not supported : Dmpu
2026-03-17 17:52:24,848 [WARN] PackLoader:240 - Cannot read IP mode file for STMicroelectronics.X-CUBE-WB05N.2.0.0
2026-03-17 17:52:24,880 [WARN] PackLoader:240 - Cannot read IP mode file for wolfSSL.I-CUBE-wolfTPM.3.8.0
2026-03-17 17:52:24,914 [ERROR] Engine:466 - C:\Users\DELL\.stm32cubemx\thirdparties\pdsc\STMicroelectronics.X-CUBE-TCPP.4.2.0.pdsc: PDSC version is not supported
2026-03-17 17:52:24,952 [WARN] PackLoader:240 - Cannot read IP mode file for RealThread.X-CUBE-RT-Thread_Nano.4.1.1
2026-03-17 17:52:24,986 [WARN] PackLoader:240 - Cannot read IP mode file for STMicroelectronics.FP-ATR-SIGFOX1.3.2.0
2026-03-17 17:52:25,028 [ERROR] Engine:466 - C:\Users\DELL\.stm32cubemx\thirdparties\pdsc\STMicroelectronics.X-CUBE-FREERTOS.1.5.0.pdsc: PDSC version is not supported
2026-03-17 17:52:25,071 [WARN] PackLoader:240 - Cannot read IP mode file for ITTIA_DB.I-CUBE-ITTIADB.8.9.0
2026-03-17 17:52:25,109 [WARN] PackLoader:240 - Cannot read IP mode file for STMicroelectronics.X-CUBE-NFC6.3.2.0
2026-03-17 17:52:25,144 [WARN] PackLoader:240 - Cannot read IP mode file for STMicroelectronics.X-CUBE-AI.10.2.0
2026-03-17 17:52:25,217 [WARN] PackLoader:240 - Cannot read IP mode file for SEGGER.I-CUBE-embOS.1.3.1
2026-03-17 17:52:25,313 [WARN] PackLoader:240 - Cannot read IP mode file for STMicroelectronics.X-CUBE-ALGOBUILD.1.4.0
2026-03-17 17:52:25,348 [WARN] PackLoader:240 - Cannot read IP mode file for STMicroelectronics.X-CUBE-PM33A1.1.0.0
2026-03-17 17:52:25,429 [WARN] PackLoader:240 - Cannot read IP mode file for STMicroelectronics.X-CUBE-AZRTOS-F4.1.1.0
2026-03-17 17:52:25,476 [WARN] PackLoader:240 - Cannot read IP mode file for STMicroelectronics.X-CUBE-ISPU.2.1.0
2026-03-17 17:52:25,524 [ERROR] Engine:466 - C:\Users\DELL\.stm32cubemx\thirdparties\pdsc\STMicroelectronics.X-CUBE-IPS.3.2.0.pdsc: PDSC version is not supported
2026-03-17 17:52:25,565 [WARN] PackLoader:240 - Cannot read IP mode file for STMicroelectronics.X-CUBE-NFC12.1.0.0
2026-03-17 17:52:25,644 [WARN] PackLoader:240 - Cannot read IP mode file for STMicroelectronics.X-CUBE-AZRTOS-L5.2.0.0
2026-03-17 17:52:25,709 [WARN] PackLoader:240 - Cannot read IP mode file for STMicroelectronics.X-CUBE-TOUCHGFX.4.26.1
2026-03-17 17:52:25,748 [ERROR] Engine:466 - C:\Users\DELL\.stm32cubemx\thirdparties\pdsc\STMicroelectronics.FP-SNS-STAIOTCFT.1.0.0.pdsc: PDSC version is not supported
2026-03-17 17:52:25,785 [WARN] PackLoader:240 - Cannot read IP mode file for STMicroelectronics.X-CUBE-DPower.1.3.0
2026-03-17 17:52:25,860 [WARN] ConditionMgr:438 - getConditionDescription Invalid condition id : LAN8742 Phy interface Condition cause : null
2026-03-17 17:52:25,861 [WARN] PackLoader:240 - Cannot read IP mode file for STMicroelectronics.X-CUBE-AZRTOS-L4.2.0.0
2026-03-17 17:52:25,864 [WARN] ConditionMgr:1039 - genDependencies : Invalid condition id : LAN8742 Phy interface Condition cause : null
2026-03-17 17:52:25,864 [WARN] ConditionMgr:1039 - genDependencies : Invalid condition id : LAN8742 Phy interface Condition cause : null
2026-03-17 17:52:25,865 [WARN] ConditionMgr:1039 - genDependencies : Invalid condition id : LAN8742 Phy interface Condition cause : null
2026-03-17 17:52:25,912 [WARN] PackLoader:240 - Cannot read IP mode file for STMicroelectronics.X-CUBE-SFXS2LP1.4.0.0
2026-03-17 17:52:25,951 [ERROR] Engine:466 - C:\Users\DELL\.stm32cubemx\thirdparties\pdsc\STMicroelectronics.X-CUBE-ST67W61.1.2.0.pdsc: PDSC version is not supported
2026-03-17 17:52:25,989 [ERROR] Engine:466 - C:\Users\DELL\.stm32cubemx\thirdparties\pdsc\STMicroelectronics.X-CUBE-BLEMGR.4.1.0.pdsc: PDSC version is not supported
2026-03-17 17:52:26,049 [WARN] ConditionMgr:438 - getConditionDescription Invalid condition id : UX DEVICE CLASS RTOS Condition cause : null
2026-03-17 17:52:26,050 [WARN] ConditionMgr:438 - getConditionDescription Invalid condition id : UX DEVICE CLASS RTOS Condition cause : null
2026-03-17 17:52:26,054 [WARN] PackLoader:240 - Cannot read IP mode file for STMicroelectronics.X-CUBE-AZRTOS-WB.2.0.0
2026-03-17 17:52:26,055 [WARN] ConditionMgr:1039 - genDependencies : Invalid condition id : UX DEVICE CLASS RTOS Condition cause : null
2026-03-17 17:52:26,056 [WARN] ConditionMgr:1039 - genDependencies : Invalid condition id : UX DEVICE CLASS RTOS Condition cause : null
2026-03-17 17:52:26,057 [WARN] ConditionMgr:1039 - genDependencies : Invalid condition id : UX DEVICE CLASS RTOS Condition cause : null
2026-03-17 17:52:26,058 [WARN] ConditionMgr:1039 - genDependencies : Invalid condition id : UX DEVICE CLASS RTOS Condition cause : null
2026-03-17 17:52:26,059 [WARN] ConditionMgr:1039 - genDependencies : Invalid condition id : UX DEVICE CLASS RTOS Condition cause : null
2026-03-17 17:52:26,103 [WARN] ConditionMgr:438 - getConditionDescription Invalid condition id : Cortex-A Device cause : null
2026-03-17 17:52:26,179 [WARN] ConditionMgr:1039 - genDependencies : Invalid condition id : Cortex-A Device cause : null
2026-03-17 17:52:26,179 [WARN] ConditionMgr:1039 - genDependencies : Invalid condition id : Cortex-A Device cause : null
2026-03-17 17:52:26,180 [WARN] ConditionMgr:1039 - genDependencies : Invalid condition id : Cortex-A Device cause : null
2026-03-17 17:52:26,224 [WARN] PackLoader:240 - Cannot read IP mode file for STMicroelectronics.X-CUBE-STSE01.2.0.0
2026-03-17 17:52:26,289 [WARN] PackLoader:240 - Cannot read IP mode file for STMicroelectronics.X-CUBE-SUBG2.5.0.0
2026-03-17 17:52:26,353 [WARN] PackLoader:240 - Cannot read IP mode file for STMicroelectronics.X-CUBE-AZRTOS-G4.2.0.0
2026-03-17 17:52:26,391 [WARN] PackLoader:240 - Cannot read IP mode file for wolfSSL.I-CUBE-wolfSSH.1.4.20
2026-03-17 17:52:26,434 [WARN] PackLoader:240 - Cannot read IP mode file for STMicroelectronics.X-CUBE-NFC7.2.0.0
2026-03-17 17:52:26,474 [WARN] PackLoader:240 - Cannot read IP mode file for STMicroelectronics.X-CUBE-ALS.1.0.2
2026-03-17 17:52:26,511 [ERROR] Engine:466 - C:\Users\DELL\.stm32cubemx\thirdparties\pdsc\STMicroelectronics.X-CUBE-TOF1.3.4.3.pdsc: PDSC version is not supported
2026-03-17 17:52:26,512 [INFO] ThirdParty:978 - Integrity check success = true
2026-03-17 17:52:26,512 [INFO] IntegrityCheckThread:100 - exiting critical section [integrity check]
2026-03-17 17:52:26,512 [INFO] IntegrityCheckThread:103 - End integrity checks thread
2026-03-17 17:52:30,518 [INFO] WebApp:167 - Instantiating new browser for Auth
2026-03-17 17:52:32,717 [INFO] WebApp:448 - Apply proxy settings
2026-03-17 17:52:32,718 [INFO] WebApp:533 - Chromium requires no authentication
2026-03-17 17:52:32,779 [INFO] WebApp:476 - Direct internet connection detected
2026-03-17 17:52:32,847 [INFO] WebApp:869 - Register for checkConnection events
2026-03-17 17:52:32,847 [INFO] WebApp:448 - Apply proxy settings
2026-03-17 17:52:32,848 [INFO] WebApp:533 - Chromium requires no authentication
2026-03-17 17:52:32,849 [INFO] WebApp:476 - Direct internet connection detected
2026-03-17 17:52:33,197 [INFO] WebApp:220 - Starting web application
2026-03-17 17:52:33,198 [INFO] WebApp:578 - Web application path used E:\App Download\ST\STM32CubeIDE_1.16.1\STM32CubeIDE\plugins\com.st.stm32cube.common.mx_6.12.1.202409122256\db\plugins\mcufinder\reactClient1\index.html
2026-03-17 17:52:33,627 [INFO] WebApp:186 - Connection restablished
2026-03-17 17:56:18,271 [INFO] WebApp:189 - Connection lost
2026-03-17 17:56:18,795 [INFO] WebApp:186 - Connection restablished
2026-03-17 17:57:56,479 [WARN] IntegrityCheckThread:84 - waiting for thirdparty lock release [integrity check]
2026-03-17 17:57:56,480 [INFO] IntegrityCheckThread:86 - entering critical section [integrity check]
2026-03-17 17:57:57,092 [WARN] PackLoader:240 - Cannot read IP mode file for STMicroelectronics.X-CUBE-AZRTOS-H7.3.5.0
2026-03-17 17:57:57,141 [WARN] PackLoader:240 - Cannot read IP mode file for STMicroelectronics.FP-ATR-ASTRA1.2.0.2
2026-03-17 17:57:57,184 [WARN] PackLoader:240 - Cannot read IP mode file for STMicroelectronics.X-CUBE-SMBUS.2.1.0
2026-03-17 17:57:57,256 [WARN] PackLoader:240 - Cannot read IP mode file for STMicroelectronics.X-CUBE-AZRTOS-F7.1.1.0
2026-03-17 17:57:57,300 [ERROR] Engine:466 - C:\Users\DELL\.stm32cubemx\thirdparties\pdsc\STMicroelectronics.FP-SNS-MOTENV1.5.1.0.pdsc: PDSC version is not supported
2026-03-17 17:57:57,356 [ERROR] Engine:466 - C:\Users\DELL\.stm32cubemx\thirdparties\pdsc\WES.I-CUBE-Cesium.1.4.0.pdsc: PDSC version is not supported
2026-03-17 17:57:57,405 [WARN] PackLoader:240 - Cannot read IP mode file for STMicroelectronics.X-CUBE-DISPLAY.3.0.0
2026-03-17 17:57:57,449 [ERROR] Engine:466 - C:\Users\DELL\.stm32cubemx\thirdparties\pdsc\STMicroelectronics.FP-SNS-MOTENVWB1.1.5.0.pdsc: PDSC version is not supported
2026-03-17 17:57:57,498 [WARN] PackLoader:240 - Cannot read IP mode file for STMicroelectronics.X-CUBE-NFC10.1.0.0
2026-03-17 17:57:57,535 [ERROR] Engine:466 - C:\Users\DELL\.stm32cubemx\thirdparties\pdsc\STMicroelectronics.X-CUBE-ST60.1.1.0.pdsc: PDSC version is not supported
2026-03-17 17:57:57,577 [WARN] PackLoader:240 - Cannot read IP mode file for emotas.I-CUBE-CANOPEN.1.3.0
2026-03-17 17:57:57,611 [WARN] PackLoader:240 - Cannot read IP mode file for STMicroelectronics.X-CUBE-GNSS1.7.1.0
2026-03-17 17:57:57,642 [ERROR] Engine:466 - C:\Users\DELL\.stm32cubemx\thirdparties\pdsc\STMicroelectronics.FP-SNS-STBOX1.2.1.0.pdsc: PDSC version is not supported
2026-03-17 17:57:57,684 [WARN] PackLoader:240 - Cannot read IP mode file for STMicroelectronics.FP-SNS-SMARTAG2.1.2.0
2026-03-17 17:57:57,714 [ERROR] Engine:466 - C:\Users\DELL\.stm32cubemx\thirdparties\pdsc\STMicroelectronics.FP-SNS-FLIGHT1.5.1.0.pdsc: PDSC version is not supported
2026-03-17 17:57:57,771 [INFO] LogOutputStream:77 - [STDOUT_REDIRECT] 1 : Invalid condition id : UX_CORESTACK_Condition cause : null
2026-03-17 17:57:57,774 [INFO] LogOutputStream:77 - [STDOUT_REDIRECT] 1 : Invalid condition id : UX_CORESTACK_Condition cause : null
2026-03-17 17:57:57,776 [INFO] LogOutputStream:77 - [STDOUT_REDIRECT] 1 : Invalid condition id : UX_CORESTACK_Condition cause : null
2026-03-17 17:57:57,779 [INFO] LogOutputStream:77 - [STDOUT_REDIRECT] 1 : Invalid condition id : UX_CORESTACK_Condition cause : null
2026-03-17 17:57:57,782 [INFO] LogOutputStream:77 - [STDOUT_REDIRECT] 1 : Invalid condition id : UX_CORESTACK_Condition cause : null
2026-03-17 17:57:57,785 [WARN] PackLoader:240 - Cannot read IP mode file for STMicroelectronics.X-CUBE-AZRTOS-WL.2.0.0
2026-03-17 17:57:57,854 [WARN] PackLoader:240 - Cannot read IP mode file for STMicroelectronics.X-CUBE-AZRTOS-H7RS.1.2.0
2026-03-17 17:57:57,904 [WARN] PackLoader:240 - Cannot read IP mode file for STMicroelectronics.X-CUBE-BLE2.3.3.0
2026-03-17 17:57:57,939 [ERROR] Engine:466 - C:\Users\DELL\.stm32cubemx\thirdparties\pdsc\Avnet-IOTCONNECT.X-CUBE-iotc-st67-sdk.1.0.0.pdsc: PDSC version is not supported
2026-03-17 17:57:58,003 [WARN] PackLoader:240 - Cannot read IP mode file for Infineon.AIROC-Wi-Fi-Bluetooth-STM32.1.8.0
2026-03-17 17:57:58,043 [WARN] PackLoader:240 - Cannot read IP mode file for STMicroelectronics.X-CUBE-NFC9.1.0.0
2026-03-17 17:57:58,076 [WARN] PackLoader:240 - Cannot read IP mode file for STMicroelectronics.X-CUBE-BLE1.7.1.0
2026-03-17 17:57:58,111 [WARN] PackLoader:240 - Cannot read IP mode file for wolfSSL.I-CUBE-wolfMQTT.1.19.2
2026-03-17 17:57:58,142 [WARN] PackLoader:240 - Cannot read IP mode file for STMicroelectronics.X-CUBE-EEPRMA1.5.2.0
2026-03-17 17:57:58,173 [WARN] PackLoader:240 - Cannot read IP mode file for wolfSSL.I-CUBE-wolfSSL.5.8.4
2026-03-17 17:57:58,204 [ERROR] Engine:466 - C:\Users\DELL\.stm32cubemx\thirdparties\pdsc\Cesanta.I-CUBE-Mongoose.7.20.0.pdsc: PDSC version is not supported
2026-03-17 17:57:58,324 [WARN] PackLoader:240 - Cannot read IP mode file for STMicroelectronics.X-CUBE-MEMS1.12.0.0
2026-03-17 17:57:58,504 [WARN] PackLoader:240 - Cannot read IP mode file for STMicroelectronics.X-CUBE-AZRTOS-G0.1.1.0
2026-03-17 17:57:58,552 [WARN] PackLoader:240 - Cannot read IP mode file for STMicroelectronics.X-CUBE-NFC4.3.0.0
2026-03-17 17:57:58,594 [WARN] PackLoader:240 - Cannot read IP mode file for EmbeddedOffice.I-CUBE-FS-RTOS.1.0.1
2026-03-17 17:57:58,594 [ERROR] ConditionMgr:805 - Attr not supported : Dmpu
2026-03-17 17:57:58,595 [ERROR] ConditionMgr:805 - Attr not supported : Dmpu
2026-03-17 17:57:58,595 [ERROR] ConditionMgr:805 - Attr not supported : Dmpu
2026-03-17 17:57:58,595 [ERROR] ConditionMgr:805 - Attr not supported : Dmpu
2026-03-17 17:57:58,595 [ERROR] ConditionMgr:805 - Attr not supported : Dmpu
2026-03-17 17:57:58,595 [ERROR] ConditionMgr:805 - Attr not supported : Dmpu
2026-03-17 17:57:58,595 [ERROR] ConditionMgr:805 - Attr not supported : Dmpu
2026-03-17 17:57:58,595 [ERROR] ConditionMgr:805 - Attr not supported : Dmpu
2026-03-17 17:57:58,595 [ERROR] ConditionMgr:805 - Attr not supported : Dmpu
2026-03-17 17:57:58,596 [ERROR] ConditionMgr:805 - Attr not supported : Dmpu
2026-03-17 17:57:58,596 [ERROR] ConditionMgr:805 - Attr not supported : Dmpu
2026-03-17 17:57:58,596 [ERROR] ConditionMgr:805 - Attr not supported : Dmpu
2026-03-17 17:57:58,596 [ERROR] ConditionMgr:805 - Attr not supported : Dmpu
2026-03-17 17:57:58,596 [ERROR] ConditionMgr:805 - Attr not supported : Dmpu
2026-03-17 17:57:58,596 [ERROR] ConditionMgr:805 - Attr not supported : Dmpu
2026-03-17 17:57:58,596 [ERROR] ConditionMgr:805 - Attr not supported : Dmpu
2026-03-17 17:57:58,596 [ERROR] ConditionMgr:805 - Attr not supported : Dmpu
2026-03-17 17:57:58,596 [ERROR] ConditionMgr:805 - Attr not supported : Dmpu
2026-03-17 17:57:58,596 [ERROR] ConditionMgr:805 - Attr not supported : Dmpu
2026-03-17 17:57:58,597 [ERROR] ConditionMgr:805 - Attr not supported : Dmpu
2026-03-17 17:57:58,597 [ERROR] ConditionMgr:805 - Attr not supported : Dmpu
2026-03-17 17:57:58,597 [ERROR] ConditionMgr:805 - Attr not supported : Dmpu
2026-03-17 17:57:58,597 [ERROR] ConditionMgr:805 - Attr not supported : Dmpu
2026-03-17 17:57:58,597 [ERROR] ConditionMgr:805 - Attr not supported : Dmpu
2026-03-17 17:57:58,597 [ERROR] ConditionMgr:805 - Attr not supported : Dmpu
2026-03-17 17:57:58,597 [ERROR] ConditionMgr:805 - Attr not supported : Dmpu
2026-03-17 17:57:58,597 [ERROR] ConditionMgr:805 - Attr not supported : Dmpu
2026-03-17 17:57:58,597 [ERROR] ConditionMgr:805 - Attr not supported : Dmpu
2026-03-17 17:57:58,597 [ERROR] ConditionMgr:805 - Attr not supported : Dmpu
2026-03-17 17:57:58,597 [ERROR] ConditionMgr:805 - Attr not supported : Dmpu
2026-03-17 17:57:58,598 [ERROR] ConditionMgr:805 - Attr not supported : Dmpu
2026-03-17 17:57:58,598 [ERROR] ConditionMgr:805 - Attr not supported : Dmpu
2026-03-17 17:57:58,598 [ERROR] ConditionMgr:805 - Attr not supported : Dmpu
2026-03-17 17:57:58,598 [ERROR] ConditionMgr:805 - Attr not supported : Dmpu
2026-03-17 17:57:58,598 [ERROR] ConditionMgr:805 - Attr not supported : Dmpu
2026-03-17 17:57:58,598 [ERROR] ConditionMgr:805 - Attr not supported : Dmpu
2026-03-17 17:57:58,598 [ERROR] ConditionMgr:805 - Attr not supported : Dmpu
2026-03-17 17:57:58,598 [ERROR] ConditionMgr:805 - Attr not supported : Dmpu
2026-03-17 17:57:58,598 [ERROR] ConditionMgr:805 - Attr not supported : Dmpu
2026-03-17 17:57:58,599 [ERROR] ConditionMgr:805 - Attr not supported : Dmpu
2026-03-17 17:57:58,599 [ERROR] ConditionMgr:805 - Attr not supported : Dmpu
2026-03-17 17:57:58,599 [ERROR] ConditionMgr:805 - Attr not supported : Dmpu
2026-03-17 17:57:58,599 [ERROR] ConditionMgr:805 - Attr not supported : Dmpu
2026-03-17 17:57:58,599 [ERROR] ConditionMgr:805 - Attr not supported : Dmpu
2026-03-17 17:57:58,599 [ERROR] ConditionMgr:805 - Attr not supported : Dmpu
2026-03-17 17:57:58,599 [ERROR] ConditionMgr:805 - Attr not supported : Dmpu
2026-03-17 17:57:58,599 [ERROR] ConditionMgr:805 - Attr not supported : Dmpu
2026-03-17 17:57:58,599 [ERROR] ConditionMgr:805 - Attr not supported : Dmpu
2026-03-17 17:57:58,599 [ERROR] ConditionMgr:805 - Attr not supported : Dmpu
2026-03-17 17:57:58,600 [ERROR] ConditionMgr:805 - Attr not supported : Dmpu
2026-03-17 17:57:58,600 [ERROR] ConditionMgr:805 - Attr not supported : Dmpu
2026-03-17 17:57:58,600 [ERROR] ConditionMgr:805 - Attr not supported : Dmpu
2026-03-17 17:57:58,600 [ERROR] ConditionMgr:805 - Attr not supported : Dmpu
2026-03-17 17:57:58,600 [ERROR] ConditionMgr:805 - Attr not supported : Dmpu
2026-03-17 17:57:58,600 [ERROR] ConditionMgr:805 - Attr not supported : Dmpu
2026-03-17 17:57:58,600 [ERROR] ConditionMgr:805 - Attr not supported : Dmpu
2026-03-17 17:57:58,600 [ERROR] ConditionMgr:805 - Attr not supported : Dmpu
2026-03-17 17:57:58,600 [ERROR] ConditionMgr:805 - Attr not supported : Dmpu
2026-03-17 17:57:58,601 [ERROR] ConditionMgr:805 - Attr not supported : Dmpu
2026-03-17 17:57:58,601 [ERROR] ConditionMgr:805 - Attr not supported : Dmpu
2026-03-17 17:57:58,601 [ERROR] ConditionMgr:805 - Attr not supported : Dmpu
2026-03-17 17:57:58,601 [ERROR] ConditionMgr:805 - Attr not supported : Dmpu
2026-03-17 17:57:58,601 [ERROR] ConditionMgr:805 - Attr not supported : Dmpu
2026-03-17 17:57:58,601 [ERROR] ConditionMgr:805 - Attr not supported : Dmpu
2026-03-17 17:57:58,637 [WARN] PackLoader:240 - Cannot read IP mode file for STMicroelectronics.X-CUBE-WB05N.2.0.0
2026-03-17 17:57:58,676 [WARN] PackLoader:240 - Cannot read IP mode file for wolfSSL.I-CUBE-wolfTPM.3.8.0
2026-03-17 17:57:58,709 [ERROR] Engine:466 - C:\Users\DELL\.stm32cubemx\thirdparties\pdsc\STMicroelectronics.X-CUBE-TCPP.4.2.0.pdsc: PDSC version is not supported
2026-03-17 17:57:58,742 [WARN] PackLoader:240 - Cannot read IP mode file for RealThread.X-CUBE-RT-Thread_Nano.4.1.1
2026-03-17 17:57:58,770 [WARN] PackLoader:240 - Cannot read IP mode file for STMicroelectronics.FP-ATR-SIGFOX1.3.2.0
2026-03-17 17:57:58,795 [ERROR] Engine:466 - C:\Users\DELL\.stm32cubemx\thirdparties\pdsc\STMicroelectronics.X-CUBE-FREERTOS.1.5.0.pdsc: PDSC version is not supported
2026-03-17 17:57:58,827 [WARN] PackLoader:240 - Cannot read IP mode file for ITTIA_DB.I-CUBE-ITTIADB.8.9.0
2026-03-17 17:57:58,864 [WARN] PackLoader:240 - Cannot read IP mode file for STMicroelectronics.X-CUBE-NFC6.3.2.0
2026-03-17 17:57:58,903 [WARN] PackLoader:240 - Cannot read IP mode file for STMicroelectronics.X-CUBE-AI.10.2.0
2026-03-17 17:57:58,964 [WARN] PackLoader:240 - Cannot read IP mode file for SEGGER.I-CUBE-embOS.1.3.1
2026-03-17 17:57:59,035 [WARN] PackLoader:240 - Cannot read IP mode file for STMicroelectronics.X-CUBE-ALGOBUILD.1.4.0
2026-03-17 17:57:59,067 [WARN] PackLoader:240 - Cannot read IP mode file for STMicroelectronics.X-CUBE-PM33A1.1.0.0
2026-03-17 17:57:59,133 [WARN] PackLoader:240 - Cannot read IP mode file for STMicroelectronics.X-CUBE-AZRTOS-F4.1.1.0
2026-03-17 17:57:59,169 [WARN] PackLoader:240 - Cannot read IP mode file for STMicroelectronics.X-CUBE-ISPU.2.1.0
2026-03-17 17:57:59,202 [ERROR] Engine:466 - C:\Users\DELL\.stm32cubemx\thirdparties\pdsc\STMicroelectronics.X-CUBE-IPS.3.2.0.pdsc: PDSC version is not supported
2026-03-17 17:57:59,245 [WARN] PackLoader:240 - Cannot read IP mode file for STMicroelectronics.X-CUBE-NFC12.1.0.0
2026-03-17 17:57:59,315 [WARN] PackLoader:240 - Cannot read IP mode file for STMicroelectronics.X-CUBE-AZRTOS-L5.2.0.0
2026-03-17 17:57:59,365 [WARN] PackLoader:240 - Cannot read IP mode file for STMicroelectronics.X-CUBE-TOUCHGFX.4.26.1
2026-03-17 17:57:59,398 [ERROR] Engine:466 - C:\Users\DELL\.stm32cubemx\thirdparties\pdsc\STMicroelectronics.FP-SNS-STAIOTCFT.1.0.0.pdsc: PDSC version is not supported
2026-03-17 17:57:59,432 [WARN] PackLoader:240 - Cannot read IP mode file for STMicroelectronics.X-CUBE-DPower.1.3.0
2026-03-17 17:57:59,501 [WARN] ConditionMgr:438 - getConditionDescription Invalid condition id : LAN8742 Phy interface Condition cause : null
2026-03-17 17:57:59,502 [WARN] PackLoader:240 - Cannot read IP mode file for STMicroelectronics.X-CUBE-AZRTOS-L4.2.0.0
2026-03-17 17:57:59,504 [WARN] ConditionMgr:1039 - genDependencies : Invalid condition id : LAN8742 Phy interface Condition cause : null
2026-03-17 17:57:59,505 [WARN] ConditionMgr:1039 - genDependencies : Invalid condition id : LAN8742 Phy interface Condition cause : null
2026-03-17 17:57:59,507 [WARN] ConditionMgr:1039 - genDependencies : Invalid condition id : LAN8742 Phy interface Condition cause : null
2026-03-17 17:57:59,548 [WARN] PackLoader:240 - Cannot read IP mode file for STMicroelectronics.X-CUBE-SFXS2LP1.4.0.0
2026-03-17 17:57:59,584 [ERROR] Engine:466 - C:\Users\DELL\.stm32cubemx\thirdparties\pdsc\STMicroelectronics.X-CUBE-ST67W61.1.2.0.pdsc: PDSC version is not supported
2026-03-17 17:57:59,625 [ERROR] Engine:466 - C:\Users\DELL\.stm32cubemx\thirdparties\pdsc\STMicroelectronics.X-CUBE-BLEMGR.4.1.0.pdsc: PDSC version is not supported
2026-03-17 17:57:59,704 [WARN] ConditionMgr:438 - getConditionDescription Invalid condition id : UX DEVICE CLASS RTOS Condition cause : null
2026-03-17 17:57:59,705 [WARN] ConditionMgr:438 - getConditionDescription Invalid condition id : UX DEVICE CLASS RTOS Condition cause : null
2026-03-17 17:57:59,709 [WARN] PackLoader:240 - Cannot read IP mode file for STMicroelectronics.X-CUBE-AZRTOS-WB.2.0.0
2026-03-17 17:57:59,710 [WARN] ConditionMgr:1039 - genDependencies : Invalid condition id : UX DEVICE CLASS RTOS Condition cause : null
2026-03-17 17:57:59,711 [WARN] ConditionMgr:1039 - genDependencies : Invalid condition id : UX DEVICE CLASS RTOS Condition cause : null
2026-03-17 17:57:59,712 [WARN] ConditionMgr:1039 - genDependencies : Invalid condition id : UX DEVICE CLASS RTOS Condition cause : null
2026-03-17 17:57:59,713 [WARN] ConditionMgr:1039 - genDependencies : Invalid condition id : UX DEVICE CLASS RTOS Condition cause : null
2026-03-17 17:57:59,713 [WARN] ConditionMgr:1039 - genDependencies : Invalid condition id : UX DEVICE CLASS RTOS Condition cause : null
2026-03-17 17:57:59,761 [WARN] ConditionMgr:438 - getConditionDescription Invalid condition id : Cortex-A Device cause : null
2026-03-17 17:57:59,827 [WARN] ConditionMgr:1039 - genDependencies : Invalid condition id : Cortex-A Device cause : null
2026-03-17 17:57:59,827 [WARN] ConditionMgr:1039 - genDependencies : Invalid condition id : Cortex-A Device cause : null
2026-03-17 17:57:59,828 [WARN] ConditionMgr:1039 - genDependencies : Invalid condition id : Cortex-A Device cause : null
2026-03-17 17:57:59,886 [WARN] PackLoader:240 - Cannot read IP mode file for STMicroelectronics.X-CUBE-STSE01.2.0.0
2026-03-17 17:57:59,961 [WARN] PackLoader:240 - Cannot read IP mode file for STMicroelectronics.X-CUBE-SUBG2.5.0.0
2026-03-17 17:58:00,042 [WARN] PackLoader:240 - Cannot read IP mode file for STMicroelectronics.X-CUBE-AZRTOS-G4.2.0.0
2026-03-17 17:58:00,084 [WARN] PackLoader:240 - Cannot read IP mode file for wolfSSL.I-CUBE-wolfSSH.1.4.20
2026-03-17 17:58:00,132 [WARN] PackLoader:240 - Cannot read IP mode file for STMicroelectronics.X-CUBE-NFC7.2.0.0
2026-03-17 17:58:00,175 [WARN] PackLoader:240 - Cannot read IP mode file for STMicroelectronics.X-CUBE-ALS.1.0.2
2026-03-17 17:58:00,219 [ERROR] Engine:466 - C:\Users\DELL\.stm32cubemx\thirdparties\pdsc\STMicroelectronics.X-CUBE-TOF1.3.4.3.pdsc: PDSC version is not supported
2026-03-17 17:58:00,220 [INFO] ThirdParty:978 - Integrity check success = true
2026-03-17 17:58:00,221 [INFO] IntegrityCheckThread:100 - exiting critical section [integrity check]
2026-03-17 17:58:00,221 [INFO] IntegrityCheckThread:103 - End integrity checks thread
2026-03-17 18:00:23,262 [INFO] MainUpdater:2873 - connection check result : 10
2026-03-17 18:00:25,789 [INFO] CheckServerUpdateThread:120 - End of CheckServer Thread
2026-03-17 18:00:52,657 [INFO] MainUpdater:2873 - connection check result : 10
2026-03-17 18:01:53,251 [INFO] WebApp:189 - Connection lost
2026-03-17 18:01:55,304 [INFO] WebApp:186 - Connection restablished
2026-03-17 18:02:29,344 [INFO] MainUpdater:2873 - connection check result : 10
2026-03-17 18:03:42,275 [INFO] MainUpdater:2873 - connection check result : 10
2026-03-17 18:05:25,443 [INFO] ServerAccessManage:473 - Download File updaters.zip
2026-03-17 18:05:26,410 [INFO] FileExtend:240 - Unzip File : updaters.zip
2026-03-17 18:05:26,411 [INFO] FileExtend:255 - Standard Zip Deflate
2026-03-17 18:05:33,093 [INFO] ServerAccessManage:473 - Download File PacksControlFlags.xml
2026-03-17 18:05:33,317 [INFO] ServerAccessManage:473 - Download File cubemx.pidx
2026-03-17 18:05:34,064 [INFO] ServerAccessManage:473 - Download File STMicroelectronics.FP-ATR-ASTRA1.pdsc
2026-03-17 18:05:35,755 [INFO] ServerAccessManage:473 - Download File STMicroelectronics.FP-ATR-SIGFOX1.pdsc
2026-03-17 18:05:36,278 [INFO] ServerAccessManage:473 - Download File STMicroelectronics.FP-SNS-STBOX1.pdsc
2026-03-17 18:05:37,193 [INFO] ServerAccessManage:473 - Download File STMicroelectronics.FP-SNS-FLIGHT1.pdsc
2026-03-17 18:05:38,530 [INFO] ServerAccessManage:473 - Download File STMicroelectronics.FP-SNS-MOTENV1.pdsc
2026-03-17 18:05:39,798 [INFO] ServerAccessManage:473 - Download File STMicroelectronics.FP-SNS-MOTENVWB1.pdsc
2026-03-17 18:05:41,405 [INFO] ServerAccessManage:473 - Download File STMicroelectronics.FP-SNS-SMARTAG2.pdsc
2026-03-17 18:05:42,064 [INFO] ServerAccessManage:473 - Download File STMicroelectronics.FP-SNS-STAIOTCFT.pdsc
2026-03-17 18:05:42,870 [INFO] ServerAccessManage:473 - Download File STMicroelectronics.X-CUBE-AI.pdsc
2026-03-17 18:05:47,554 [INFO] ServerAccessManage:473 - Download File STMicroelectronics.X-CUBE-ALS.pdsc
2026-03-17 18:05:48,864 [INFO] ServerAccessManage:473 - Download File STMicroelectronics.X-CUBE-BLE1.pdsc
2026-03-17 18:05:52,227 [ERROR] ServerAccessManage:1089 - Problem, file not found on Server
2026-03-17 18:05:52,537 [INFO] ServerAccessManage:473 - Download File STMicroelectronics.X-CUBE-BLE2.pdsc
2026-03-17 18:05:54,512 [INFO] ServerAccessManage:473 - Download File STMicroelectronics.X-CUBE-BLEMGR.pdsc
2026-03-17 18:05:55,775 [ERROR] ServerAccessManage:1089 - Problem, file not found on Server
2026-03-17 18:05:57,482 [INFO] ServerAccessManage:473 - Download File STMicroelectronics.X-CUBE-DISPLAY.pdsc
2026-03-17 18:05:59,755 [INFO] ServerAccessManage:473 - Download File STMicroelectronics.X-CUBE-DPOWER.pdsc
2026-03-17 18:06:00,741 [ERROR] ServerAccessManage:1089 - Problem, file not found on Server
2026-03-17 18:06:01,520 [ERROR] ServerAccessManage:1089 - Problem, file not found on Server
2026-03-17 18:06:02,153 [ERROR] ServerAccessManage:1089 - Problem, file not found on Server
2026-03-17 18:06:02,576 [ERROR] ServerAccessManage:1089 - Problem, file not found on Server
2026-03-17 18:06:03,143 [ERROR] ServerAccessManage:1089 - Problem, file not found on Server
2026-03-17 18:06:03,691 [ERROR] ServerAccessManage:1089 - Problem, file not found on Server
2026-03-17 18:06:04,395 [ERROR] ServerAccessManage:1089 - Problem, file not found on Server
2026-03-17 18:06:04,797 [ERROR] ServerAccessManage:1089 - Problem, file not found on Server
2026-03-17 18:06:05,353 [ERROR] ServerAccessManage:1089 - Problem, file not found on Server
2026-03-17 18:06:05,941 [ERROR] ServerAccessManage:1089 - Problem, file not found on Server
2026-03-17 18:06:06,502 [ERROR] ServerAccessManage:1089 - Problem, file not found on Server
2026-03-17 18:06:06,745 [INFO] ServerAccessManage:473 - Download File STMicroelectronics.X-CUBE-EEPRMA1.pdsc
2026-03-17 18:06:07,669 [ERROR] ServerAccessManage:1089 - Problem, file not found on Server
2026-03-17 18:06:08,734 [ERROR] ServerAccessManage:1089 - Problem, file not found on Server
2026-03-17 18:06:09,598 [INFO] ServerAccessManage:473 - Download File STMicroelectronics.X-CUBE-FREERTOS.pdsc
2026-03-17 18:06:11,596 [INFO] ServerAccessManage:473 - Download File STMicroelectronics.X-CUBE-GNSS1.pdsc
2026-03-17 18:06:11,777 [WARN] Engine:547 - Do no try to populate pack already in database: STMicroelectronics.FP-ATR-ASTRA1.2.0.2
2026-03-17 18:06:11,782 [WARN] Engine:547 - Do no try to populate pack already in database: STMicroelectronics.FP-ATR-SIGFOX1.3.2.0
2026-03-17 18:06:11,791 [WARN] PopulateThirdPartyThread:106 - Error when creating pack: C:/Users/DELL/.stm32cubemx/thirdparties/pdsc/STMicroelectronics.FP-SNS-STBOX1.pdsc
2026-03-17 18:06:11,796 [WARN] PopulateThirdPartyThread:106 - Error when creating pack: C:/Users/DELL/.stm32cubemx/thirdparties/pdsc/STMicroelectronics.FP-SNS-FLIGHT1.pdsc
2026-03-17 18:06:11,802 [WARN] PopulateThirdPartyThread:106 - Error when creating pack: C:/Users/DELL/.stm32cubemx/thirdparties/pdsc/STMicroelectronics.FP-SNS-MOTENV1.pdsc
2026-03-17 18:06:11,807 [WARN] PopulateThirdPartyThread:106 - Error when creating pack: C:/Users/DELL/.stm32cubemx/thirdparties/pdsc/STMicroelectronics.FP-SNS-MOTENVWB1.pdsc
2026-03-17 18:06:11,813 [WARN] Engine:547 - Do no try to populate pack already in database: STMicroelectronics.FP-SNS-SMARTAG2.1.2.0
2026-03-17 18:06:11,818 [WARN] PopulateThirdPartyThread:106 - Error when creating pack: C:/Users/DELL/.stm32cubemx/thirdparties/pdsc/STMicroelectronics.FP-SNS-STAIOTCFT.pdsc
2026-03-17 18:06:11,823 [WARN] Engine:547 - Do no try to populate pack already in database: STMicroelectronics.X-CUBE-AI.10.2.0
2026-03-17 18:06:11,831 [WARN] Engine:547 - Do no try to populate pack already in database: STMicroelectronics.X-CUBE-ALS.1.0.2
2026-03-17 18:06:11,838 [WARN] Engine:547 - Do no try to populate pack already in database: STMicroelectronics.X-CUBE-BLE1.7.1.0
2026-03-17 18:06:11,844 [WARN] Engine:547 - Do no try to populate pack already in database: STMicroelectronics.X-CUBE-BLE2.3.3.0
2026-03-17 18:06:11,854 [WARN] PopulateThirdPartyThread:106 - Error when creating pack: C:/Users/DELL/.stm32cubemx/thirdparties/pdsc/STMicroelectronics.X-CUBE-BLEMGR.pdsc
2026-03-17 18:06:11,866 [WARN] Engine:547 - Do no try to populate pack already in database: STMicroelectronics.X-CUBE-DISPLAY.3.0.0
2026-03-17 18:06:11,874 [WARN] Engine:547 - Do no try to populate pack already in database: STMicroelectronics.X-CUBE-DPower.1.3.0
2026-03-17 18:06:11,882 [WARN] Engine:547 - Do no try to populate pack already in database: STMicroelectronics.X-CUBE-EEPRMA1.5.2.0
2026-03-17 18:06:11,889 [WARN] PopulateThirdPartyThread:106 - Error when creating pack: C:/Users/DELL/.stm32cubemx/thirdparties/pdsc/STMicroelectronics.X-CUBE-FREERTOS.pdsc
2026-03-17 18:06:11,895 [WARN] Engine:547 - Do no try to populate pack already in database: STMicroelectronics.X-CUBE-GNSS1.7.1.0
2026-03-17 18:06:11,896 [INFO] PopulateThirdPartyThread:66 - Ending populate Thread
2026-03-17 18:06:11,896 [INFO] LoadServerUpdatesThread:375 - End of LoadServerUpdate Thread
2026-03-17 18:06:12,191 [INFO] CheckServerUpdateThread:120 - End of CheckServer Thread
2026-03-17 18:22:53,619 [INFO] WebApp:189 - Connection lost
2026-03-17 18:22:54,905 [INFO] WebApp:186 - Connection restablished
2026-03-17 18:23:53,706 [INFO] WebApp:189 - Connection lost
2026-03-17 18:23:55,118 [INFO] WebApp:186 - Connection restablished
2026-03-17 18:25:56,194 [WARN] IntegrityCheckThread:84 - waiting for thirdparty lock release [integrity check]
2026-03-17 18:25:56,194 [INFO] IntegrityCheckThread:86 - entering critical section [integrity check]
2026-03-17 18:25:56,815 [WARN] PackLoader:240 - Cannot read IP mode file for STMicroelectronics.X-CUBE-AZRTOS-H7.3.5.0
2026-03-17 18:25:56,834 [WARN] PackLoader:240 - Cannot read IP mode file for STMicroelectronics.FP-ATR-ASTRA1.2.0.2
2026-03-17 18:25:56,843 [WARN] PackLoader:240 - Cannot read IP mode file for STMicroelectronics.X-CUBE-SMBUS.2.1.0
2026-03-17 18:25:56,876 [WARN] PackLoader:240 - Cannot read IP mode file for STMicroelectronics.X-CUBE-AZRTOS-F7.1.1.0
2026-03-17 18:25:56,886 [ERROR] Engine:466 - C:\Users\DELL\.stm32cubemx\thirdparties\pdsc\STMicroelectronics.FP-SNS-MOTENV1.5.1.0.pdsc: PDSC version is not supported
2026-03-17 18:25:56,890 [ERROR] Engine:466 - C:\Users\DELL\.stm32cubemx\thirdparties\pdsc\WES.I-CUBE-Cesium.1.4.0.pdsc: PDSC version is not supported
2026-03-17 18:25:56,906 [WARN] PackLoader:240 - Cannot read IP mode file for STMicroelectronics.X-CUBE-DISPLAY.3.0.0
2026-03-17 18:25:56,919 [ERROR] Engine:466 - C:\Users\DELL\.stm32cubemx\thirdparties\pdsc\STMicroelectronics.FP-SNS-MOTENVWB1.1.5.0.pdsc: PDSC version is not supported
2026-03-17 18:25:56,934 [WARN] PackLoader:240 - Cannot read IP mode file for STMicroelectronics.X-CUBE-NFC10.1.0.0
2026-03-17 18:25:56,942 [ERROR] Engine:466 - C:\Users\DELL\.stm32cubemx\thirdparties\pdsc\STMicroelectronics.X-CUBE-ST60.1.1.0.pdsc: PDSC version is not supported
2026-03-17 18:25:56,953 [WARN] PackLoader:240 - Cannot read IP mode file for emotas.I-CUBE-CANOPEN.1.3.0
2026-03-17 18:25:56,966 [WARN] PackLoader:240 - Cannot read IP mode file for STMicroelectronics.X-CUBE-GNSS1.7.1.0
2026-03-17 18:25:56,974 [ERROR] Engine:466 - C:\Users\DELL\.stm32cubemx\thirdparties\pdsc\STMicroelectronics.FP-SNS-STBOX1.2.1.0.pdsc: PDSC version is not supported
2026-03-17 18:25:56,986 [WARN] PackLoader:240 - Cannot read IP mode file for STMicroelectronics.FP-SNS-SMARTAG2.1.2.0
2026-03-17 18:25:56,989 [ERROR] Engine:466 - C:\Users\DELL\.stm32cubemx\thirdparties\pdsc\STMicroelectronics.FP-SNS-FLIGHT1.5.1.0.pdsc: PDSC version is not supported
2026-03-17 18:25:57,018 [INFO] LogOutputStream:77 - [STDOUT_REDIRECT] 1 : Invalid condition id : UX_CORESTACK_Condition cause : null
2026-03-17 18:25:57,025 [INFO] LogOutputStream:77 - [STDOUT_REDIRECT] 1 : Invalid condition id : UX_CORESTACK_Condition cause : null
2026-03-17 18:25:57,027 [INFO] LogOutputStream:77 - [STDOUT_REDIRECT] 1 : Invalid condition id : UX_CORESTACK_Condition cause : null
2026-03-17 18:25:57,029 [INFO] LogOutputStream:77 - [STDOUT_REDIRECT] 1 : Invalid condition id : UX_CORESTACK_Condition cause : null
2026-03-17 18:25:57,031 [INFO] LogOutputStream:77 - [STDOUT_REDIRECT] 1 : Invalid condition id : UX_CORESTACK_Condition cause : null
2026-03-17 18:25:57,039 [WARN] PackLoader:240 - Cannot read IP mode file for STMicroelectronics.X-CUBE-AZRTOS-WL.2.0.0
2026-03-17 18:25:57,086 [WARN] PackLoader:240 - Cannot read IP mode file for STMicroelectronics.X-CUBE-AZRTOS-H7RS.1.2.0
2026-03-17 18:25:57,106 [WARN] PackLoader:240 - Cannot read IP mode file for STMicroelectronics.X-CUBE-BLE2.3.3.0
2026-03-17 18:25:57,110 [ERROR] Engine:466 - C:\Users\DELL\.stm32cubemx\thirdparties\pdsc\Avnet-IOTCONNECT.X-CUBE-iotc-st67-sdk.1.0.0.pdsc: PDSC version is not supported
2026-03-17 18:25:57,157 [WARN] PackLoader:240 - Cannot read IP mode file for Infineon.AIROC-Wi-Fi-Bluetooth-STM32.1.8.0
2026-03-17 18:25:57,180 [WARN] PackLoader:240 - Cannot read IP mode file for STMicroelectronics.X-CUBE-NFC9.1.0.0
2026-03-17 18:25:57,194 [WARN] PackLoader:240 - Cannot read IP mode file for STMicroelectronics.X-CUBE-BLE1.7.1.0
2026-03-17 18:25:57,204 [WARN] PackLoader:240 - Cannot read IP mode file for wolfSSL.I-CUBE-wolfMQTT.1.19.2
2026-03-17 18:25:57,222 [WARN] PackLoader:240 - Cannot read IP mode file for STMicroelectronics.X-CUBE-EEPRMA1.5.2.0
2026-03-17 18:25:57,249 [WARN] PackLoader:240 - Cannot read IP mode file for wolfSSL.I-CUBE-wolfSSL.5.8.4
2026-03-17 18:25:57,253 [ERROR] Engine:466 - C:\Users\DELL\.stm32cubemx\thirdparties\pdsc\Cesanta.I-CUBE-Mongoose.7.20.0.pdsc: PDSC version is not supported
2026-03-17 18:25:57,367 [WARN] PackLoader:240 - Cannot read IP mode file for STMicroelectronics.X-CUBE-MEMS1.12.0.0
2026-03-17 18:25:57,546 [WARN] PackLoader:240 - Cannot read IP mode file for STMicroelectronics.X-CUBE-AZRTOS-G0.1.1.0
2026-03-17 18:25:57,561 [WARN] PackLoader:240 - Cannot read IP mode file for STMicroelectronics.X-CUBE-NFC4.3.0.0
2026-03-17 18:25:57,579 [WARN] PackLoader:240 - Cannot read IP mode file for EmbeddedOffice.I-CUBE-FS-RTOS.1.0.1
2026-03-17 18:25:57,579 [ERROR] ConditionMgr:805 - Attr not supported : Dmpu
2026-03-17 18:25:57,580 [ERROR] ConditionMgr:805 - Attr not supported : Dmpu
2026-03-17 18:25:57,580 [ERROR] ConditionMgr:805 - Attr not supported : Dmpu
2026-03-17 18:25:57,580 [ERROR] ConditionMgr:805 - Attr not supported : Dmpu
2026-03-17 18:25:57,580 [ERROR] ConditionMgr:805 - Attr not supported : Dmpu
2026-03-17 18:25:57,580 [ERROR] ConditionMgr:805 - Attr not supported : Dmpu
2026-03-17 18:25:57,580 [ERROR] ConditionMgr:805 - Attr not supported : Dmpu
2026-03-17 18:25:57,580 [ERROR] ConditionMgr:805 - Attr not supported : Dmpu
2026-03-17 18:25:57,580 [ERROR] ConditionMgr:805 - Attr not supported : Dmpu
2026-03-17 18:25:57,580 [ERROR] ConditionMgr:805 - Attr not supported : Dmpu
2026-03-17 18:25:57,580 [ERROR] ConditionMgr:805 - Attr not supported : Dmpu
2026-03-17 18:25:57,580 [ERROR] ConditionMgr:805 - Attr not supported : Dmpu
2026-03-17 18:25:57,581 [ERROR] ConditionMgr:805 - Attr not supported : Dmpu
2026-03-17 18:25:57,581 [ERROR] ConditionMgr:805 - Attr not supported : Dmpu
2026-03-17 18:25:57,581 [ERROR] ConditionMgr:805 - Attr not supported : Dmpu
2026-03-17 18:25:57,581 [ERROR] ConditionMgr:805 - Attr not supported : Dmpu
2026-03-17 18:25:57,581 [ERROR] ConditionMgr:805 - Attr not supported : Dmpu
2026-03-17 18:25:57,581 [ERROR] ConditionMgr:805 - Attr not supported : Dmpu
2026-03-17 18:25:57,581 [ERROR] ConditionMgr:805 - Attr not supported : Dmpu
2026-03-17 18:25:57,581 [ERROR] ConditionMgr:805 - Attr not supported : Dmpu
2026-03-17 18:25:57,581 [ERROR] ConditionMgr:805 - Attr not supported : Dmpu
2026-03-17 18:25:57,581 [ERROR] ConditionMgr:805 - Attr not supported : Dmpu
2026-03-17 18:25:57,582 [ERROR] ConditionMgr:805 - Attr not supported : Dmpu
2026-03-17 18:25:57,582 [ERROR] ConditionMgr:805 - Attr not supported : Dmpu
2026-03-17 18:25:57,582 [ERROR] ConditionMgr:805 - Attr not supported : Dmpu
2026-03-17 18:25:57,582 [ERROR] ConditionMgr:805 - Attr not supported : Dmpu
2026-03-17 18:25:57,582 [ERROR] ConditionMgr:805 - Attr not supported : Dmpu
2026-03-17 18:25:57,582 [ERROR] ConditionMgr:805 - Attr not supported : Dmpu
2026-03-17 18:25:57,582 [ERROR] ConditionMgr:805 - Attr not supported : Dmpu
2026-03-17 18:25:57,582 [ERROR] ConditionMgr:805 - Attr not supported : Dmpu
2026-03-17 18:25:57,583 [ERROR] ConditionMgr:805 - Attr not supported : Dmpu
2026-03-17 18:25:57,583 [ERROR] ConditionMgr:805 - Attr not supported : Dmpu
2026-03-17 18:25:57,584 [ERROR] ConditionMgr:805 - Attr not supported : Dmpu
2026-03-17 18:25:57,584 [ERROR] ConditionMgr:805 - Attr not supported : Dmpu
2026-03-17 18:25:57,584 [ERROR] ConditionMgr:805 - Attr not supported : Dmpu
2026-03-17 18:25:57,584 [ERROR] ConditionMgr:805 - Attr not supported : Dmpu
2026-03-17 18:25:57,584 [ERROR] ConditionMgr:805 - Attr not supported : Dmpu
2026-03-17 18:25:57,585 [ERROR] ConditionMgr:805 - Attr not supported : Dmpu
2026-03-17 18:25:57,585 [ERROR] ConditionMgr:805 - Attr not supported : Dmpu
2026-03-17 18:25:57,585 [ERROR] ConditionMgr:805 - Attr not supported : Dmpu
2026-03-17 18:25:57,585 [ERROR] ConditionMgr:805 - Attr not supported : Dmpu
2026-03-17 18:25:57,586 [ERROR] ConditionMgr:805 - Attr not supported : Dmpu
2026-03-17 18:25:57,586 [ERROR] ConditionMgr:805 - Attr not supported : Dmpu
2026-03-17 18:25:57,586 [ERROR] ConditionMgr:805 - Attr not supported : Dmpu
2026-03-17 18:25:57,586 [ERROR] ConditionMgr:805 - Attr not supported : Dmpu
2026-03-17 18:25:57,586 [ERROR] ConditionMgr:805 - Attr not supported : Dmpu
2026-03-17 18:25:57,587 [ERROR] ConditionMgr:805 - Attr not supported : Dmpu
2026-03-17 18:25:57,587 [ERROR] ConditionMgr:805 - Attr not supported : Dmpu
2026-03-17 18:25:57,587 [ERROR] ConditionMgr:805 - Attr not supported : Dmpu
2026-03-17 18:25:57,587 [ERROR] ConditionMgr:805 - Attr not supported : Dmpu
2026-03-17 18:25:57,587 [ERROR] ConditionMgr:805 - Attr not supported : Dmpu
2026-03-17 18:25:57,587 [ERROR] ConditionMgr:805 - Attr not supported : Dmpu
2026-03-17 18:25:57,587 [ERROR] ConditionMgr:805 - Attr not supported : Dmpu
2026-03-17 18:25:57,588 [ERROR] ConditionMgr:805 - Attr not supported : Dmpu
2026-03-17 18:25:57,588 [ERROR] ConditionMgr:805 - Attr not supported : Dmpu
2026-03-17 18:25:57,588 [ERROR] ConditionMgr:805 - Attr not supported : Dmpu
2026-03-17 18:25:57,588 [ERROR] ConditionMgr:805 - Attr not supported : Dmpu
2026-03-17 18:25:57,588 [ERROR] ConditionMgr:805 - Attr not supported : Dmpu
2026-03-17 18:25:57,588 [ERROR] ConditionMgr:805 - Attr not supported : Dmpu
2026-03-17 18:25:57,588 [ERROR] ConditionMgr:805 - Attr not supported : Dmpu
2026-03-17 18:25:57,588 [ERROR] ConditionMgr:805 - Attr not supported : Dmpu
2026-03-17 18:25:57,589 [ERROR] ConditionMgr:805 - Attr not supported : Dmpu
2026-03-17 18:25:57,589 [ERROR] ConditionMgr:805 - Attr not supported : Dmpu
2026-03-17 18:25:57,589 [ERROR] ConditionMgr:805 - Attr not supported : Dmpu
2026-03-17 18:25:57,600 [WARN] PackLoader:240 - Cannot read IP mode file for STMicroelectronics.X-CUBE-WB05N.2.0.0
2026-03-17 18:25:57,610 [WARN] PackLoader:240 - Cannot read IP mode file for wolfSSL.I-CUBE-wolfTPM.3.8.0
2026-03-17 18:25:57,616 [ERROR] Engine:466 - C:\Users\DELL\.stm32cubemx\thirdparties\pdsc\STMicroelectronics.X-CUBE-TCPP.4.2.0.pdsc: PDSC version is not supported
2026-03-17 18:25:57,630 [WARN] PackLoader:240 - Cannot read IP mode file for RealThread.X-CUBE-RT-Thread_Nano.4.1.1
2026-03-17 18:25:57,642 [WARN] PackLoader:240 - Cannot read IP mode file for STMicroelectronics.FP-ATR-SIGFOX1.3.2.0
2026-03-17 18:25:57,648 [ERROR] Engine:466 - C:\Users\DELL\.stm32cubemx\thirdparties\pdsc\STMicroelectronics.X-CUBE-FREERTOS.1.5.0.pdsc: PDSC version is not supported
2026-03-17 18:25:57,667 [WARN] PackLoader:240 - Cannot read IP mode file for ITTIA_DB.I-CUBE-ITTIADB.8.9.0
2026-03-17 18:25:57,687 [WARN] PackLoader:240 - Cannot read IP mode file for STMicroelectronics.X-CUBE-NFC6.3.2.0
2026-03-17 18:25:57,706 [WARN] PackLoader:240 - Cannot read IP mode file for STMicroelectronics.X-CUBE-AI.10.2.0
2026-03-17 18:25:57,830 [WARN] PackLoader:240 - Cannot read IP mode file for SEGGER.I-CUBE-embOS.1.3.1
2026-03-17 18:25:57,928 [WARN] PackLoader:240 - Cannot read IP mode file for STMicroelectronics.X-CUBE-ALGOBUILD.1.4.0
2026-03-17 18:25:57,937 [WARN] PackLoader:240 - Cannot read IP mode file for STMicroelectronics.X-CUBE-PM33A1.1.0.0
2026-03-17 18:25:57,956 [WARN] PackLoader:240 - Cannot read IP mode file for STMicroelectronics.X-CUBE-AZRTOS-F4.1.1.0
2026-03-17 18:25:57,966 [WARN] PackLoader:240 - Cannot read IP mode file for STMicroelectronics.X-CUBE-ISPU.2.1.0
2026-03-17 18:25:57,976 [ERROR] Engine:466 - C:\Users\DELL\.stm32cubemx\thirdparties\pdsc\STMicroelectronics.X-CUBE-IPS.3.2.0.pdsc: PDSC version is not supported
2026-03-17 18:25:57,989 [WARN] PackLoader:240 - Cannot read IP mode file for STMicroelectronics.X-CUBE-NFC12.1.0.0
2026-03-17 18:25:58,008 [WARN] PackLoader:240 - Cannot read IP mode file for STMicroelectronics.X-CUBE-AZRTOS-L5.2.0.0
2026-03-17 18:25:58,021 [WARN] PackLoader:240 - Cannot read IP mode file for STMicroelectronics.X-CUBE-TOUCHGFX.4.26.1
2026-03-17 18:25:58,029 [ERROR] Engine:466 - C:\Users\DELL\.stm32cubemx\thirdparties\pdsc\STMicroelectronics.FP-SNS-STAIOTCFT.1.0.0.pdsc: PDSC version is not supported
2026-03-17 18:25:58,042 [WARN] PackLoader:240 - Cannot read IP mode file for STMicroelectronics.X-CUBE-DPower.1.3.0
2026-03-17 18:25:58,060 [WARN] ConditionMgr:438 - getConditionDescription Invalid condition id : LAN8742 Phy interface Condition cause : null
2026-03-17 18:25:58,061 [WARN] PackLoader:240 - Cannot read IP mode file for STMicroelectronics.X-CUBE-AZRTOS-L4.2.0.0
2026-03-17 18:25:58,062 [WARN] ConditionMgr:1039 - genDependencies : Invalid condition id : LAN8742 Phy interface Condition cause : null
2026-03-17 18:25:58,062 [WARN] ConditionMgr:1039 - genDependencies : Invalid condition id : LAN8742 Phy interface Condition cause : null
2026-03-17 18:25:58,063 [WARN] ConditionMgr:1039 - genDependencies : Invalid condition id : LAN8742 Phy interface Condition cause : null
2026-03-17 18:25:58,074 [WARN] PackLoader:240 - Cannot read IP mode file for STMicroelectronics.X-CUBE-SFXS2LP1.4.0.0
2026-03-17 18:25:58,081 [ERROR] Engine:466 - C:\Users\DELL\.stm32cubemx\thirdparties\pdsc\STMicroelectronics.X-CUBE-ST67W61.1.2.0.pdsc: PDSC version is not supported
2026-03-17 18:25:58,085 [ERROR] Engine:466 - C:\Users\DELL\.stm32cubemx\thirdparties\pdsc\STMicroelectronics.X-CUBE-BLEMGR.4.1.0.pdsc: PDSC version is not supported
2026-03-17 18:25:58,098 [WARN] ConditionMgr:438 - getConditionDescription Invalid condition id : UX DEVICE CLASS RTOS Condition cause : null
2026-03-17 18:25:58,099 [WARN] ConditionMgr:438 - getConditionDescription Invalid condition id : UX DEVICE CLASS RTOS Condition cause : null
2026-03-17 18:25:58,100 [WARN] PackLoader:240 - Cannot read IP mode file for STMicroelectronics.X-CUBE-AZRTOS-WB.2.0.0
2026-03-17 18:25:58,100 [WARN] ConditionMgr:1039 - genDependencies : Invalid condition id : UX DEVICE CLASS RTOS Condition cause : null
2026-03-17 18:25:58,100 [WARN] ConditionMgr:1039 - genDependencies : Invalid condition id : UX DEVICE CLASS RTOS Condition cause : null
2026-03-17 18:25:58,101 [WARN] ConditionMgr:1039 - genDependencies : Invalid condition id : UX DEVICE CLASS RTOS Condition cause : null
2026-03-17 18:25:58,101 [WARN] ConditionMgr:1039 - genDependencies : Invalid condition id : UX DEVICE CLASS RTOS Condition cause : null
2026-03-17 18:25:58,101 [WARN] ConditionMgr:1039 - genDependencies : Invalid condition id : UX DEVICE CLASS RTOS Condition cause : null
2026-03-17 18:25:58,116 [WARN] ConditionMgr:438 - getConditionDescription Invalid condition id : Cortex-A Device cause : null
2026-03-17 18:25:58,230 [WARN] ConditionMgr:1039 - genDependencies : Invalid condition id : Cortex-A Device cause : null
2026-03-17 18:25:58,230 [WARN] ConditionMgr:1039 - genDependencies : Invalid condition id : Cortex-A Device cause : null
2026-03-17 18:25:58,230 [WARN] ConditionMgr:1039 - genDependencies : Invalid condition id : Cortex-A Device cause : null
2026-03-17 18:25:58,246 [WARN] PackLoader:240 - Cannot read IP mode file for STMicroelectronics.X-CUBE-STSE01.2.0.0
2026-03-17 18:25:58,260 [WARN] PackLoader:240 - Cannot read IP mode file for STMicroelectronics.X-CUBE-SUBG2.5.0.0
2026-03-17 18:25:58,279 [WARN] PackLoader:240 - Cannot read IP mode file for STMicroelectronics.X-CUBE-AZRTOS-G4.2.0.0
2026-03-17 18:25:58,292 [WARN] PackLoader:240 - Cannot read IP mode file for wolfSSL.I-CUBE-wolfSSH.1.4.20
2026-03-17 18:25:58,301 [WARN] PackLoader:240 - Cannot read IP mode file for STMicroelectronics.X-CUBE-NFC7.2.0.0
2026-03-17 18:25:58,309 [WARN] PackLoader:240 - Cannot read IP mode file for STMicroelectronics.X-CUBE-ALS.1.0.2
2026-03-17 18:25:58,315 [ERROR] Engine:466 - C:\Users\DELL\.stm32cubemx\thirdparties\pdsc\STMicroelectronics.X-CUBE-TOF1.3.4.3.pdsc: PDSC version is not supported
2026-03-17 18:25:58,315 [INFO] ThirdParty:978 - Integrity check success = true
2026-03-17 18:25:58,315 [INFO] IntegrityCheckThread:100 - exiting critical section [integrity check]
2026-03-17 18:25:58,315 [INFO] IntegrityCheckThread:103 - End integrity checks thread
2026-03-17 18:27:50,320 [ERROR] LogOutputStream:75 - [STDERR_REDIRECT] 
2026-03-17 18:27:50,322 [ERROR] LogOutputStream:75 - [STDERR_REDIRECT] 
2026-03-17 18:29:12,216 [INFO] Activator:176 - 


2026-03-17 18:29:12,224 [INFO] Activator:177 - !SESSION log4j initialized
2026-03-17 18:29:40,173 [INFO] LogOutputStream:77 - [STDOUT_REDIRECT] 
2026-03-17 18:29:47,219 [INFO] ApplicationProperties:184 - Using Application install path: E:\App Download\ST\STM32CubeIDE_1.16.1\STM32CubeIDE\plugins\com.st.stm32cube.common.mx_6.12.1.202409122256
2026-03-17 18:29:47,305 [INFO] DbMcusXml:78 - Set database path to: E:\App Download\ST\STM32CubeIDE_1.16.1\STM32CubeIDE\plugins\com.st.stm32cube.common.mx_6.12.1.202409122256\\db\/mcu/
2026-03-17 18:29:47,307 [INFO] ApiDb:274 - Set plugin database path to: E:\App Download\ST\STM32CubeIDE_1.16.1\STM32CubeIDE\plugins\com.st.stm32cube.common.mx_6.12.1.202409122256\\db\/plugins/boardmanager/
2026-03-17 18:29:47,309 [WARN] ApiDb:259 - Overriding images path with different value:  => E:\App Download\ST\STM32CubeIDE_1.16.1\STM32CubeIDE\plugins\com.st.stm32cube.common.mx_6.12.1.202409122256\\db\/plugins/mcufinder/images/
2026-03-17 18:29:47,393 [INFO] ApiDb:250 - Set database path to: C:\Users\DELL\.stmcufinder\plugins\mcufinder//mcu/
2026-03-17 18:29:47,397 [INFO] DbMcusAds:125 - Set database path to: C:\Users\DELL\.stmcufinder\plugins\mcufinder//mcu/
2026-03-17 18:29:47,407 [INFO] CrossReferenceDbSqlite:203 - Set database path to: C:\Users\DELL\.stmcufinder\plugins\mcufinder//mcu/cs/
2026-03-17 18:29:47,903 [INFO] RulesReader:64 - Compatibility file has been processed (297 Rules)
2026-03-17 18:29:48,454 [INFO] DbMcusXml:78 - Set database path to: E:\App Download\ST\STM32CubeIDE_1.16.1\STM32CubeIDE\plugins\com.st.stm32cube.common.mx_6.12.1.202409122256\\db\/mcu/
2026-03-17 18:29:48,454 [INFO] ApiDb:274 - Set plugin database path to: E:\App Download\ST\STM32CubeIDE_1.16.1\STM32CubeIDE\plugins\com.st.stm32cube.common.mx_6.12.1.202409122256\\db\/plugins/boardmanager/
2026-03-17 18:29:48,455 [INFO] ApiDb:261 - Set plugin images path to: E:\App Download\ST\STM32CubeIDE_1.16.1\STM32CubeIDE\plugins\com.st.stm32cube.common.mx_6.12.1.202409122256\\db\/plugins/mcufinder/images/
2026-03-17 18:29:48,456 [WARN] DbFile:41 - Overriding database path with different value: C:\Users\DELL\.stmcufinder\plugins\mcufinder/ => C:\Users\DELL\.stmcufinder\plugins\mcufinder
2026-03-17 18:29:48,457 [INFO] ApiDb:250 - Set database path to: C:\Users\DELL\.stmcufinder\plugins\mcufinder//mcu/
2026-03-17 18:29:48,458 [WARN] DbFile:41 - Overriding database path with different value: C:\Users\DELL\.stmcufinder\plugins\mcufinder/ => C:\Users\DELL\.stmcufinder\plugins\mcufinder
2026-03-17 18:29:48,458 [INFO] DbMcusAds:125 - Set database path to: C:\Users\DELL\.stmcufinder\plugins\mcufinder//mcu/
2026-03-17 18:29:48,459 [WARN] DbFile:41 - Overriding database path with different value: C:\Users\DELL\.stmcufinder\plugins\mcufinder/ => C:\Users\DELL\.stmcufinder\plugins\mcufinder
2026-03-17 18:29:48,460 [WARN] DbFile:41 - Overriding database path with different value: C:\Users\DELL\.stmcufinder\plugins\mcufinder/ => C:\Users\DELL\.stmcufinder\plugins\mcufinder
2026-03-17 18:29:48,460 [INFO] CrossReferenceDbSqlite:203 - Set database path to: C:\Users\DELL\.stmcufinder\plugins\mcufinder//mcu/cs/
2026-03-17 18:29:48,883 [INFO] MainPanel:268 - HeapMemory: 268435456
2026-03-17 18:29:49,483 [INFO] DbMcusXml:78 - Set database path to: E:\App Download\ST\STM32CubeIDE_1.16.1\STM32CubeIDE\plugins\com.st.stm32cube.common.mx_6.12.1.202409122256\\db\/mcu/
2026-03-17 18:29:49,484 [INFO] ApiDb:274 - Set plugin database path to: E:\App Download\ST\STM32CubeIDE_1.16.1\STM32CubeIDE\plugins\com.st.stm32cube.common.mx_6.12.1.202409122256\\db\/plugins/boardmanager/
2026-03-17 18:29:49,484 [INFO] ApiDb:261 - Set plugin images path to: E:\App Download\ST\STM32CubeIDE_1.16.1\STM32CubeIDE\plugins\com.st.stm32cube.common.mx_6.12.1.202409122256\\db\/plugins/mcufinder/images/
2026-03-17 18:29:49,486 [WARN] DbFile:41 - Overriding database path with different value: C:\Users\DELL\.stmcufinder\plugins\mcufinder/ => C:\Users\DELL\.stmcufinder\plugins\mcufinder
2026-03-17 18:29:49,487 [INFO] ApiDb:250 - Set database path to: C:\Users\DELL\.stmcufinder\plugins\mcufinder//mcu/
2026-03-17 18:29:49,487 [WARN] DbFile:41 - Overriding database path with different value: C:\Users\DELL\.stmcufinder\plugins\mcufinder/ => C:\Users\DELL\.stmcufinder\plugins\mcufinder
2026-03-17 18:29:49,488 [INFO] DbMcusAds:125 - Set database path to: C:\Users\DELL\.stmcufinder\plugins\mcufinder//mcu/
2026-03-17 18:29:49,489 [WARN] DbFile:41 - Overriding database path with different value: C:\Users\DELL\.stmcufinder\plugins\mcufinder/ => C:\Users\DELL\.stmcufinder\plugins\mcufinder
2026-03-17 18:29:49,489 [WARN] DbFile:41 - Overriding database path with different value: C:\Users\DELL\.stmcufinder\plugins\mcufinder/ => C:\Users\DELL\.stmcufinder\plugins\mcufinder
2026-03-17 18:29:49,490 [INFO] CrossReferenceDbSqlite:203 - Set database path to: C:\Users\DELL\.stmcufinder\plugins\mcufinder//mcu/cs/
2026-03-17 18:29:49,582 [INFO] ApplicationProperties:184 - Using Application install path: E:\App Download\ST\STM32CubeIDE_1.16.1\STM32CubeIDE\plugins\com.st.stm32cube.common.mx_6.12.1.202409122256
2026-03-17 18:29:49,587 [INFO] PluginManage:196 - Search for loadable plugins [exclusion list=, ]
2026-03-17 18:29:49,592 [INFO] PluginManage:310 - Check plugin analytics
2026-03-17 18:29:50,353 [INFO] AnalyticsPlugin:253 - Accepted Software Licenses: 
2026-03-17 18:29:50,354 [INFO] AnalyticsPlugin:255 - Accepted CMSIS Pack Licenses: 
2026-03-17 18:29:50,355 [INFO] AnalyticsPlugin:257 - Accepted Firmware Licenses: 
2026-03-17 18:29:50,368 [INFO] PluginManage:359 - Loaded plugin analytics (category:tool,tabindex:-1)
2026-03-17 18:29:50,369 [INFO] PluginManage:310 - Check plugin cadmodel
2026-03-17 18:29:50,470 [INFO] CADModel:105 - Init CAD model plugin
2026-03-17 18:29:50,470 [INFO] PluginManage:359 - Loaded plugin cadmodel (category:power,tabindex:5)
2026-03-17 18:29:50,471 [INFO] PluginManage:310 - Check plugin clock
2026-03-17 18:29:50,571 [INFO] PluginManage:359 - Loaded plugin clock (category:base,tabindex:2)
2026-03-17 18:29:50,572 [INFO] PluginManage:310 - Check plugin ddr
2026-03-17 18:29:50,596 [INFO] PluginManage:359 - Loaded plugin ddr (category:tool,tabindex:6)
2026-03-17 18:29:50,596 [INFO] PluginManage:310 - Check plugin filemanager
2026-03-17 18:29:51,210 [INFO] PluginManage:359 - Loaded plugin filemanager (category:base,tabindex:10)
2026-03-17 18:29:51,211 [INFO] PluginManage:310 - Check plugin ipmanager
2026-03-17 18:29:51,266 [INFO] PluginManage:359 - Loaded plugin ipmanager (category:base,tabindex:5)
2026-03-17 18:29:51,267 [INFO] PluginManage:310 - Check plugin lpbam
2026-03-17 18:29:51,346 [INFO] PluginManage:359 - Loaded plugin lpbam (category:base,tabindex:0)
2026-03-17 18:29:51,347 [INFO] PluginManage:310 - Check plugin memorymap
2026-03-17 18:29:51,473 [INFO] PluginManage:359 - Loaded plugin memorymap (category:base,tabindex:4)
2026-03-17 18:29:51,473 [INFO] PluginManage:310 - Check plugin pinoutandconfiguration
2026-03-17 18:29:51,558 [INFO] PluginManage:359 - Loaded plugin pinoutandconfiguration (category:base,tabindex:1)
2026-03-17 18:29:51,559 [INFO] PluginManage:310 - Check plugin pinoutconfig
2026-03-17 18:29:51,918 [WARN] SupportedApi:132 - Cannot load RTOS API schema: s4s-elt-must-match.1: The content of 'definitions' must match (annotation?, (simpleType | complexType)?, (unique | key | keyref)*)). A problem was found starting at: attribute.
2026-03-17 18:29:52,466 [INFO] PluginManage:359 - Loaded plugin pinoutconfig (category:base,tabindex:0)
2026-03-17 18:29:52,467 [INFO] PluginManage:310 - Check plugin power
2026-03-17 18:29:52,586 [INFO] PluginManage:359 - Loaded plugin power (category:power,tabindex:4)
2026-03-17 18:29:52,587 [INFO] PluginManage:310 - Check plugin projectmanager
2026-03-17 18:29:52,660 [INFO] PluginManage:359 - Loaded plugin projectmanager (category:projectmanager,tabindex:4)
2026-03-17 18:29:52,660 [INFO] PluginManage:310 - Check plugin rif
2026-03-17 18:29:52,724 [INFO] PluginManage:359 - Loaded plugin rif (category:base,tabindex:3)
2026-03-17 18:29:52,725 [INFO] PluginManage:310 - Check plugin thirdparty
2026-03-17 18:29:53,883 [INFO] PluginManage:359 - Loaded plugin thirdparty (category:base,tabindex:-1)
2026-03-17 18:29:53,883 [WARN] IntegrityCheckThread:84 - waiting for thirdparty lock release [integrity check]
2026-03-17 18:29:53,884 [INFO] IntegrityCheckThread:86 - entering critical section [integrity check]
2026-03-17 18:29:53,884 [INFO] PluginManage:310 - Check plugin tools
2026-03-17 18:29:53,885 [INFO] ThirdPartyUpdaterWithRetryManager:70 - Updater plugin not ready yet. [1/15]
2026-03-17 18:29:54,056 [INFO] PluginManage:359 - Loaded plugin tools (category:base,tabindex:7)
2026-03-17 18:29:54,056 [INFO] PluginManage:310 - Check plugin tutovideos
2026-03-17 18:29:54,779 [INFO] PluginManage:359 - Loaded plugin tutovideos (category:base,tabindex:-1)
2026-03-17 18:29:54,780 [INFO] PluginManage:310 - Check plugin updater
2026-03-17 18:29:54,839 [INFO] PluginManage:359 - Loaded plugin updater (category:base,tabindex:12)
2026-03-17 18:29:54,839 [INFO] PluginManage:310 - Check plugin userauth
2026-03-17 18:29:54,862 [INFO] UserAuth:113 - Init User Auth plugin
2026-03-17 18:29:54,863 [INFO] PluginManage:359 - Loaded plugin userauth (category:base,tabindex:14)
2026-03-17 18:29:54,864 [INFO] PluginManage:283 - PluginManage : Loaded plugins [18]
2026-03-17 18:29:55,734 [INFO] PinOutPanel:1561 - setPackage(No Configuration,No Configuration)
2026-03-17 18:29:56,204 [INFO] CADModel:165 - CPN selected for project level
2026-03-17 18:29:56,205 [INFO] CADModel:114 - Register for checkConnection events
2026-03-17 18:29:56,295 [INFO] IPUIPlugin:80 - create IPUIPlugin
2026-03-17 18:29:56,295 [INFO] PluginManager:220 - loadIPPluginJar : add adc
2026-03-17 18:29:56,449 [INFO] IPUIPlugin:80 - create IPUIPlugin
2026-03-17 18:29:56,449 [INFO] PluginManager:220 - loadIPPluginJar : add aes
2026-03-17 18:29:56,632 [INFO] IPUIPlugin:80 - create IPUIPlugin
2026-03-17 18:29:56,632 [INFO] PluginManager:220 - loadIPPluginJar : add can
2026-03-17 18:29:56,728 [INFO] IPUIPlugin:80 - create IPUIPlugin
2026-03-17 18:29:56,729 [INFO] PluginManager:220 - loadIPPluginJar : add comp
2026-03-17 18:29:56,866 [INFO] IPUIPlugin:80 - create IPUIPlugin
2026-03-17 18:29:56,867 [INFO] PluginManager:220 - loadIPPluginJar : add cryp
2026-03-17 18:29:56,892 [INFO] ThirdPartyUpdaterWithRetryManager:70 - Updater plugin not ready yet. [2/15]
2026-03-17 18:29:56,925 [INFO] IPUIPlugin:80 - create IPUIPlugin
2026-03-17 18:29:56,926 [INFO] PluginManager:220 - loadIPPluginJar : add ddr_ctrl_phy
2026-03-17 18:29:57,008 [INFO] IPUIPlugin:80 - create IPUIPlugin
2026-03-17 18:29:57,009 [INFO] PluginManager:220 - loadIPPluginJar : add dfsdm
2026-03-17 18:29:57,050 [INFO] IPUIPlugin:80 - create IPUIPlugin
2026-03-17 18:29:57,051 [INFO] PluginManager:220 - loadIPPluginJar : add dma
2026-03-17 18:29:57,168 [INFO] IPUIPlugin:80 - create IPUIPlugin
2026-03-17 18:29:57,168 [INFO] PluginManager:220 - loadIPPluginJar : add dma3
2026-03-17 18:29:57,309 [INFO] IPUIPlugin:80 - create IPUIPlugin
2026-03-17 18:29:57,310 [INFO] PluginManager:220 - loadIPPluginJar : add extmemmanager
2026-03-17 18:29:57,398 [INFO] IPUIPlugin:80 - create IPUIPlugin
2026-03-17 18:29:57,399 [INFO] PluginManager:220 - loadIPPluginJar : add fatfs
2026-03-17 18:29:57,602 [INFO] IPUIPlugin:80 - create IPUIPlugin
2026-03-17 18:29:57,603 [INFO] PluginManager:220 - loadIPPluginJar : add fmc
2026-03-17 18:29:57,673 [INFO] IPUIPlugin:80 - create IPUIPlugin
2026-03-17 18:29:57,674 [INFO] PluginManager:220 - loadIPPluginJar : add freertos
2026-03-17 18:29:57,741 [INFO] IPUIPlugin:80 - create IPUIPlugin
2026-03-17 18:29:57,741 [INFO] PluginManager:220 - loadIPPluginJar : add genericplugin
2026-03-17 18:29:57,985 [INFO] IPUIPlugin:80 - create IPUIPlugin
2026-03-17 18:29:57,985 [INFO] PluginManager:220 - loadIPPluginJar : add gfxmmu
2026-03-17 18:29:58,299 [INFO] IPUIPlugin:80 - create IPUIPlugin
2026-03-17 18:29:58,299 [INFO] PluginManager:220 - loadIPPluginJar : add gic
2026-03-17 18:29:58,337 [INFO] IPUIPlugin:80 - create IPUIPlugin
2026-03-17 18:29:58,337 [INFO] PluginManager:220 - loadIPPluginJar : add gpio
2026-03-17 18:29:58,585 [INFO] IPUIPlugin:80 - create IPUIPlugin
2026-03-17 18:29:58,586 [INFO] PluginManager:220 - loadIPPluginJar : add gtzc
2026-03-17 18:29:58,691 [INFO] IPUIPlugin:80 - create IPUIPlugin
2026-03-17 18:29:58,692 [INFO] PluginManager:220 - loadIPPluginJar : add hash
2026-03-17 18:29:58,907 [INFO] IPUIPlugin:80 - create IPUIPlugin
2026-03-17 18:29:58,908 [INFO] PluginManager:220 - loadIPPluginJar : add i2c
2026-03-17 18:29:59,090 [INFO] IPUIPlugin:80 - create IPUIPlugin
2026-03-17 18:29:59,091 [INFO] PluginManager:220 - loadIPPluginJar : add i2s
2026-03-17 18:29:59,250 [INFO] IPUIPlugin:80 - create IPUIPlugin
2026-03-17 18:29:59,251 [INFO] PluginManager:220 - loadIPPluginJar : add i3c
2026-03-17 18:29:59,512 [INFO] IPUIPlugin:80 - create IPUIPlugin
2026-03-17 18:29:59,513 [INFO] PluginManager:220 - loadIPPluginJar : add ipddr
2026-03-17 18:29:59,805 [INFO] IPUIPlugin:80 - create IPUIPlugin
2026-03-17 18:29:59,806 [INFO] PluginManager:220 - loadIPPluginJar : add linkedlist
2026-03-17 18:29:59,896 [INFO] IPUIPlugin:80 - create IPUIPlugin
2026-03-17 18:29:59,897 [INFO] PluginManager:220 - loadIPPluginJar : add lorawan
2026-03-17 18:29:59,901 [INFO] ThirdPartyUpdaterWithRetryManager:70 - Updater plugin not ready yet. [3/15]
2026-03-17 18:29:59,988 [INFO] IPUIPlugin:80 - create IPUIPlugin
2026-03-17 18:29:59,988 [INFO] PluginManager:220 - loadIPPluginJar : add ltdc
2026-03-17 18:30:00,027 [INFO] IPUIPlugin:80 - create IPUIPlugin
2026-03-17 18:30:00,027 [INFO] PluginManager:220 - loadIPPluginJar : add mdma
2026-03-17 18:30:00,059 [INFO] IPUIPlugin:80 - create IPUIPlugin
2026-03-17 18:30:00,060 [INFO] PluginManager:220 - loadIPPluginJar : add nvic
2026-03-17 18:30:00,194 [INFO] IPUIPlugin:80 - create IPUIPlugin
2026-03-17 18:30:00,194 [INFO] PluginManager:220 - loadIPPluginJar : add opamp
2026-03-17 18:30:00,406 [INFO] IPUIPlugin:80 - create IPUIPlugin
2026-03-17 18:30:00,406 [INFO] PluginManager:220 - loadIPPluginJar : add openamp
2026-03-17 18:30:00,558 [INFO] IPUIPlugin:80 - create IPUIPlugin
2026-03-17 18:30:00,558 [INFO] PluginManager:220 - loadIPPluginJar : add pdm2pcm
2026-03-17 18:30:00,619 [INFO] IPUIPlugin:80 - create IPUIPlugin
2026-03-17 18:30:00,625 [INFO] PluginManager:220 - loadIPPluginJar : add plateformsettings
2026-03-17 18:30:00,712 [INFO] IPUIPlugin:80 - create IPUIPlugin
2026-03-17 18:30:00,713 [INFO] PluginManager:220 - loadIPPluginJar : add quadspi
2026-03-17 18:30:00,807 [INFO] IPUIPlugin:80 - create IPUIPlugin
2026-03-17 18:30:00,809 [INFO] PluginManager:220 - loadIPPluginJar : add radio
2026-03-17 18:30:00,864 [INFO] IPUIPlugin:80 - create IPUIPlugin
2026-03-17 18:30:00,865 [INFO] PluginManager:220 - loadIPPluginJar : add resmgrutility
2026-03-17 18:30:01,013 [INFO] IPUIPlugin:80 - create IPUIPlugin
2026-03-17 18:30:01,014 [INFO] PluginManager:220 - loadIPPluginJar : add sai
2026-03-17 18:30:01,129 [INFO] IPUIPlugin:80 - create IPUIPlugin
2026-03-17 18:30:01,129 [INFO] PluginManager:220 - loadIPPluginJar : add spi
2026-03-17 18:30:01,414 [INFO] IPUIPlugin:80 - create IPUIPlugin
2026-03-17 18:30:01,414 [INFO] PluginManager:220 - loadIPPluginJar : add stm32_wpan
2026-03-17 18:30:01,515 [INFO] IPUIPlugin:80 - create IPUIPlugin
2026-03-17 18:30:01,516 [INFO] PluginManager:220 - loadIPPluginJar : add tim
2026-03-17 18:30:01,772 [INFO] IPUIPlugin:80 - create IPUIPlugin
2026-03-17 18:30:01,773 [INFO] PluginManager:220 - loadIPPluginJar : add touchsensing
2026-03-17 18:30:01,866 [INFO] IPUIPlugin:80 - create IPUIPlugin
2026-03-17 18:30:01,866 [INFO] PluginManager:220 - loadIPPluginJar : add tracer_emb
2026-03-17 18:30:01,956 [INFO] IPUIPlugin:80 - create IPUIPlugin
2026-03-17 18:30:01,956 [INFO] PluginManager:220 - loadIPPluginJar : add ts
2026-03-17 18:30:02,038 [INFO] IPUIPlugin:80 - create IPUIPlugin
2026-03-17 18:30:02,039 [INFO] PluginManager:220 - loadIPPluginJar : add tsc
2026-03-17 18:30:02,119 [INFO] IPUIPlugin:80 - create IPUIPlugin
2026-03-17 18:30:02,120 [INFO] PluginManager:220 - loadIPPluginJar : add ucpd
2026-03-17 18:30:02,266 [INFO] IPUIPlugin:80 - create IPUIPlugin
2026-03-17 18:30:02,266 [INFO] PluginManager:220 - loadIPPluginJar : add usart
2026-03-17 18:30:02,381 [INFO] IPUIPlugin:80 - create IPUIPlugin
2026-03-17 18:30:02,381 [INFO] PluginManager:220 - loadIPPluginJar : add usbx
2026-03-17 18:30:02,633 [INFO] CADModel:165 - CPN selected for project level
2026-03-17 18:30:02,633 [INFO] CADModel:114 - Register for checkConnection events
2026-03-17 18:30:02,633 [FATAL] Updater:334 - Updater called before beeing initialized
2026-03-17 18:30:02,635 [ERROR] CADModel:125 - Updater not yet initialized, retry later 
2026-03-17 18:30:02,914 [INFO] ThirdPartyUpdaterWithRetryManager:70 - Updater plugin not ready yet. [4/15]
2026-03-17 18:30:03,091 [INFO] CADModel:165 - CPN selected for project level
2026-03-17 18:30:03,091 [INFO] CADModel:114 - Register for checkConnection events
2026-03-17 18:30:03,091 [FATAL] Updater:334 - Updater called before beeing initialized
2026-03-17 18:30:03,091 [ERROR] CADModel:125 - Updater not yet initialized, retry later 
2026-03-17 18:30:03,099 [FATAL] Updater:334 - Updater called before beeing initialized
2026-03-17 18:30:03,501 [FATAL] Updater:334 - Updater called before beeing initialized
2026-03-17 18:30:03,556 [INFO] DbMcusAds:53 - JSON generation date=Thu Mar 05 20:02:52 IST 2026 (1772721172610)
2026-03-17 18:30:03,557 [FATAL] Updater:334 - Updater called before beeing initialized
2026-03-17 18:30:03,703 [WARN] DetailPanel:346 - Failed to get advertising image, set to default
2026-03-17 18:30:03,992 [FATAL] Updater:334 - Updater called before beeing initialized
2026-03-17 18:30:03,997 [FATAL] Updater:334 - Updater called before beeing initialized
2026-03-17 18:30:03,997 [FATAL] Updater:334 - Updater called before beeing initialized
2026-03-17 18:30:03,998 [WARN] DetailPanel:346 - Failed to get advertising image, set to default
2026-03-17 18:30:04,000 [FATAL] Updater:334 - Updater called before beeing initialized
2026-03-17 18:30:04,286 [ERROR] Updater:1164 - MainUpdater not yet initialized. External WinMGr cannot be set.
2026-03-17 18:30:04,338 [INFO] Updater:1100 - Updater Version found : 6.12.1
2026-03-17 18:30:04,400 [INFO] ApplicationProperties:184 - Using Application install path: E:\App Download\ST\STM32CubeIDE_1.16.1\STM32CubeIDE\plugins\com.st.stm32cube.common.mx_6.12.1.202409122256
2026-03-17 18:30:05,917 [FATAL] Updater:334 - Updater called before beeing initialized
2026-03-17 18:30:05,917 [ERROR] IntegrityCheckThread:130 - Cannot retrieve database content from updater: error 21
2026-03-17 18:30:05,918 [INFO] ThirdParty:978 - Integrity check success = false
2026-03-17 18:30:05,918 [INFO] IntegrityCheckThread:100 - exiting critical section [integrity check]
2026-03-17 18:30:05,918 [INFO] IntegrityCheckThread:103 - End integrity checks thread
2026-03-17 18:30:06,145 [ERROR] LogOutputStream:75 - [STDERR_REDIRECT] Mar 17, 2026 6:30:06 PM java.util.prefs.WindowsPreferences <init>
2026-03-17 18:30:06,148 [ERROR] LogOutputStream:75 - [STDERR_REDIRECT] WARNING: Could not open/create prefs root node Software\JavaSoft\Prefs at root 0xffffffff80000002. Windows RegCreateKeyEx(...) returned error code 5.
2026-03-17 18:30:06,149 [ERROR] LogOutputStream:75 - [STDERR_REDIRECT] 
2026-03-17 18:30:07,170 [INFO] MainUpdater:2873 - connection check result : 10
2026-03-17 18:30:07,174 [INFO] MainUpdater:290 - Updater Check For Update Now.
2026-03-17 18:30:07,174 [INFO] MicroXplorer:498 - Change Database Version : DB.6.0.121
2026-03-17 18:30:07,239 [INFO] McuFinderGlobals:63 - Set McuFinder mode to 2 (CubeIDE integrated)
2026-03-17 18:30:07,240 [INFO] UserAuth:179 - activating auth plugin
2026-03-17 18:30:07,264 [INFO] UserAuth:417 - Internet connection configuration mode: 1
2026-03-17 18:30:07,433 [INFO] JxBrowserEngine:152 - Initiate JxBrowser Engine with user profile folder
2026-03-17 18:30:07,623 [INFO] CheckServerUpdateThread:120 - End of CheckServer Thread
2026-03-17 18:30:13,506 [INFO] WebApp:167 - Instantiating new browser for Auth
2026-03-17 18:30:17,710 [INFO] WebApp:448 - Apply proxy settings
2026-03-17 18:30:17,711 [INFO] WebApp:533 - Chromium requires no authentication
2026-03-17 18:30:17,753 [INFO] WebApp:476 - Direct internet connection detected
2026-03-17 18:30:17,851 [INFO] WebApp:869 - Register for checkConnection events
2026-03-17 18:30:17,851 [INFO] WebApp:448 - Apply proxy settings
2026-03-17 18:30:17,853 [INFO] WebApp:533 - Chromium requires no authentication
2026-03-17 18:30:17,855 [INFO] WebApp:476 - Direct internet connection detected
2026-03-17 18:30:18,615 [INFO] WebApp:186 - Connection restablished
2026-03-17 18:30:18,681 [INFO] WebApp:220 - Starting web application
2026-03-17 18:30:18,682 [INFO] WebApp:578 - Web application path used E:\App Download\ST\STM32CubeIDE_1.16.1\STM32CubeIDE\plugins\com.st.stm32cube.common.mx_6.12.1.202409122256\db\plugins\mcufinder\reactClient1\index.html
2026-03-17 18:40:03,922 [INFO] WebApp:189 - Connection lost
2026-03-17 18:40:05,435 [INFO] WebApp:186 - Connection restablished
2026-03-17 18:43:07,684 [INFO] WebApp:189 - Connection lost
2026-03-17 18:43:08,371 [INFO] WebApp:186 - Connection restablished
2026-03-17 18:55:19,166 [INFO] WebApp:189 - Connection lost
2026-03-17 18:55:19,780 [INFO] WebApp:186 - Connection restablished
2026-03-17 18:58:24,658 [INFO] WebApp:189 - Connection lost
2026-03-17 18:58:25,174 [INFO] WebApp:186 - Connection restablished
2026-03-17 19:04:47,031 [INFO] McuFinderGlobals:63 - Set McuFinder mode to 2 (CubeIDE integrated)
2026-03-17 19:04:47,132 [INFO] MainUpdater:2873 - connection check result : 10
2026-03-17 19:04:47,167 [INFO] MainUpdater:2873 - connection check result : 10
2026-03-17 19:04:48,519 [INFO] RulesReader:64 - Compatibility file has been processed (297 Rules)
2026-03-17 19:04:48,533 [INFO] RulesReader:64 - Compatibility file has been processed (297 Rules)
2026-03-17 19:04:48,567 [INFO] MicroXplorer:468 - Change Database Path : 
2026-03-17 19:04:48,568 [INFO] MicroXplorer:498 - Change Database Version : DB.6.0.121
2026-03-17 19:04:48,587 [WARN] ThirdParty:871 - waiting for thirdparty lock release [close project]
2026-03-17 19:04:48,588 [INFO] ThirdParty:873 - entering critical section [close project]
2026-03-17 19:04:48,600 [INFO] ThirdParty:883 - exiting critical section [close project]
2026-03-17 19:04:48,619 [INFO] PinOutPanel:1561 - setPackage(No Configuration,No Configuration)
2026-03-17 19:04:48,633 [INFO] UtilMem:75 - Begin LoadConfig() Used Memory: 896218592 Bytes (1073741824)
2026-03-17 19:04:48,650 [INFO] MicroXplorer:468 - Change Database Path : 
2026-03-17 19:04:48,650 [INFO] MicroXplorer:498 - Change Database Version : DB.6.0.121
2026-03-17 19:04:48,651 [INFO] OpenFileManager:332 - Change cursor
2026-03-17 19:04:48,811 [WARN] IntegrityCheckThread:84 - waiting for thirdparty lock release [integrity check]
2026-03-17 19:04:48,812 [INFO] IntegrityCheckThread:86 - entering critical section [integrity check]
2026-03-17 19:04:50,033 [WARN] PackLoader:240 - Cannot read IP mode file for STMicroelectronics.X-CUBE-AZRTOS-H7.3.5.0
2026-03-17 19:04:50,067 [WARN] PackLoader:240 - Cannot read IP mode file for STMicroelectronics.FP-ATR-ASTRA1.2.0.2
2026-03-17 19:04:50,088 [WARN] PackLoader:240 - Cannot read IP mode file for STMicroelectronics.X-CUBE-SMBUS.2.1.0
2026-03-17 19:04:50,125 [WARN] PackLoader:240 - Cannot read IP mode file for STMicroelectronics.X-CUBE-AZRTOS-F7.1.1.0
2026-03-17 19:04:50,142 [ERROR] Engine:466 - C:\Users\DELL\.stm32cubemx\thirdparties\pdsc\STMicroelectronics.FP-SNS-MOTENV1.5.1.0.pdsc: PDSC version is not supported
2026-03-17 19:04:50,151 [ERROR] Engine:466 - C:\Users\DELL\.stm32cubemx\thirdparties\pdsc\WES.I-CUBE-Cesium.1.4.0.pdsc: PDSC version is not supported
2026-03-17 19:04:50,168 [WARN] PackLoader:240 - Cannot read IP mode file for STMicroelectronics.X-CUBE-DISPLAY.3.0.0
2026-03-17 19:04:50,181 [ERROR] Engine:466 - C:\Users\DELL\.stm32cubemx\thirdparties\pdsc\STMicroelectronics.FP-SNS-MOTENVWB1.1.5.0.pdsc: PDSC version is not supported
2026-03-17 19:04:50,218 [WARN] PackLoader:240 - Cannot read IP mode file for STMicroelectronics.X-CUBE-NFC10.1.0.0
2026-03-17 19:04:50,229 [ERROR] Engine:466 - C:\Users\DELL\.stm32cubemx\thirdparties\pdsc\STMicroelectronics.X-CUBE-ST60.1.1.0.pdsc: PDSC version is not supported
2026-03-17 19:04:50,245 [WARN] PackLoader:240 - Cannot read IP mode file for emotas.I-CUBE-CANOPEN.1.3.0
2026-03-17 19:04:50,262 [WARN] PackLoader:240 - Cannot read IP mode file for STMicroelectronics.X-CUBE-GNSS1.7.1.0
2026-03-17 19:04:50,272 [ERROR] Engine:466 - C:\Users\DELL\.stm32cubemx\thirdparties\pdsc\STMicroelectronics.FP-SNS-STBOX1.2.1.0.pdsc: PDSC version is not supported
2026-03-17 19:04:50,285 [WARN] PackLoader:240 - Cannot read IP mode file for STMicroelectronics.FP-SNS-SMARTAG2.1.2.0
2026-03-17 19:04:50,293 [ERROR] Engine:466 - C:\Users\DELL\.stm32cubemx\thirdparties\pdsc\STMicroelectronics.FP-SNS-FLIGHT1.5.1.0.pdsc: PDSC version is not supported
2026-03-17 19:04:50,317 [INFO] LogOutputStream:77 - [STDOUT_REDIRECT] 1 : Invalid condition id : UX_CORESTACK_Condition cause : null
2026-03-17 19:04:50,319 [INFO] LogOutputStream:77 - [STDOUT_REDIRECT] 1 : Invalid condition id : UX_CORESTACK_Condition cause : null
2026-03-17 19:04:50,323 [INFO] LogOutputStream:77 - [STDOUT_REDIRECT] 1 : Invalid condition id : UX_CORESTACK_Condition cause : null
2026-03-17 19:04:50,325 [INFO] LogOutputStream:77 - [STDOUT_REDIRECT] 1 : Invalid condition id : UX_CORESTACK_Condition cause : null
2026-03-17 19:04:50,328 [INFO] LogOutputStream:77 - [STDOUT_REDIRECT] 1 : Invalid condition id : UX_CORESTACK_Condition cause : null
2026-03-17 19:04:50,334 [WARN] PackLoader:240 - Cannot read IP mode file for STMicroelectronics.X-CUBE-AZRTOS-WL.2.0.0
2026-03-17 19:04:50,383 [WARN] PackLoader:240 - Cannot read IP mode file for STMicroelectronics.X-CUBE-AZRTOS-H7RS.1.2.0
2026-03-17 19:04:50,408 [WARN] PackLoader:240 - Cannot read IP mode file for STMicroelectronics.X-CUBE-BLE2.3.3.0
2026-03-17 19:04:50,415 [ERROR] Engine:466 - C:\Users\DELL\.stm32cubemx\thirdparties\pdsc\Avnet-IOTCONNECT.X-CUBE-iotc-st67-sdk.1.0.0.pdsc: PDSC version is not supported
2026-03-17 19:04:50,464 [WARN] PackLoader:240 - Cannot read IP mode file for Infineon.AIROC-Wi-Fi-Bluetooth-STM32.1.8.0
2026-03-17 19:04:50,494 [WARN] PackLoader:240 - Cannot read IP mode file for STMicroelectronics.X-CUBE-NFC9.1.0.0
2026-03-17 19:04:50,511 [WARN] PackLoader:240 - Cannot read IP mode file for STMicroelectronics.X-CUBE-BLE1.7.1.0
2026-03-17 19:04:50,525 [WARN] PackLoader:240 - Cannot read IP mode file for wolfSSL.I-CUBE-wolfMQTT.1.19.2
2026-03-17 19:04:50,541 [WARN] PackLoader:240 - Cannot read IP mode file for STMicroelectronics.X-CUBE-EEPRMA1.5.2.0
2026-03-17 19:04:50,553 [WARN] PackLoader:240 - Cannot read IP mode file for wolfSSL.I-CUBE-wolfSSL.5.8.4
2026-03-17 19:04:50,557 [ERROR] Engine:466 - C:\Users\DELL\.stm32cubemx\thirdparties\pdsc\Cesanta.I-CUBE-Mongoose.7.20.0.pdsc: PDSC version is not supported
2026-03-17 19:04:50,634 [WARN] PackLoader:240 - Cannot read IP mode file for STMicroelectronics.X-CUBE-MEMS1.12.0.0
2026-03-17 19:04:50,789 [WARN] PackLoader:240 - Cannot read IP mode file for STMicroelectronics.X-CUBE-AZRTOS-G0.1.1.0
2026-03-17 19:04:50,804 [WARN] PackLoader:240 - Cannot read IP mode file for STMicroelectronics.X-CUBE-NFC4.3.0.0
2026-03-17 19:04:50,823 [WARN] PackLoader:240 - Cannot read IP mode file for EmbeddedOffice.I-CUBE-FS-RTOS.1.0.1
2026-03-17 19:04:50,823 [ERROR] ConditionMgr:805 - Attr not supported : Dmpu
2026-03-17 19:04:50,823 [ERROR] ConditionMgr:805 - Attr not supported : Dmpu
2026-03-17 19:04:50,824 [ERROR] ConditionMgr:805 - Attr not supported : Dmpu
2026-03-17 19:04:50,824 [ERROR] ConditionMgr:805 - Attr not supported : Dmpu
2026-03-17 19:04:50,824 [ERROR] ConditionMgr:805 - Attr not supported : Dmpu
2026-03-17 19:04:50,824 [ERROR] ConditionMgr:805 - Attr not supported : Dmpu
2026-03-17 19:04:50,824 [ERROR] ConditionMgr:805 - Attr not supported : Dmpu
2026-03-17 19:04:50,824 [ERROR] ConditionMgr:805 - Attr not supported : Dmpu
2026-03-17 19:04:50,824 [ERROR] ConditionMgr:805 - Attr not supported : Dmpu
2026-03-17 19:04:50,824 [ERROR] ConditionMgr:805 - Attr not supported : Dmpu
2026-03-17 19:04:50,825 [ERROR] ConditionMgr:805 - Attr not supported : Dmpu
2026-03-17 19:04:50,825 [ERROR] ConditionMgr:805 - Attr not supported : Dmpu
2026-03-17 19:04:50,825 [ERROR] ConditionMgr:805 - Attr not supported : Dmpu
2026-03-17 19:04:50,825 [ERROR] ConditionMgr:805 - Attr not supported : Dmpu
2026-03-17 19:04:50,825 [ERROR] ConditionMgr:805 - Attr not supported : Dmpu
2026-03-17 19:04:50,825 [ERROR] ConditionMgr:805 - Attr not supported : Dmpu
2026-03-17 19:04:50,825 [ERROR] ConditionMgr:805 - Attr not supported : Dmpu
2026-03-17 19:04:50,825 [ERROR] ConditionMgr:805 - Attr not supported : Dmpu
2026-03-17 19:04:50,825 [ERROR] ConditionMgr:805 - Attr not supported : Dmpu
2026-03-17 19:04:50,825 [ERROR] ConditionMgr:805 - Attr not supported : Dmpu
2026-03-17 19:04:50,826 [ERROR] ConditionMgr:805 - Attr not supported : Dmpu
2026-03-17 19:04:50,826 [ERROR] ConditionMgr:805 - Attr not supported : Dmpu
2026-03-17 19:04:50,826 [ERROR] ConditionMgr:805 - Attr not supported : Dmpu
2026-03-17 19:04:50,826 [ERROR] ConditionMgr:805 - Attr not supported : Dmpu
2026-03-17 19:04:50,826 [ERROR] ConditionMgr:805 - Attr not supported : Dmpu
2026-03-17 19:04:50,826 [ERROR] ConditionMgr:805 - Attr not supported : Dmpu
2026-03-17 19:04:50,826 [ERROR] ConditionMgr:805 - Attr not supported : Dmpu
2026-03-17 19:04:50,826 [ERROR] ConditionMgr:805 - Attr not supported : Dmpu
2026-03-17 19:04:50,826 [ERROR] ConditionMgr:805 - Attr not supported : Dmpu
2026-03-17 19:04:50,827 [ERROR] ConditionMgr:805 - Attr not supported : Dmpu
2026-03-17 19:04:50,827 [ERROR] ConditionMgr:805 - Attr not supported : Dmpu
2026-03-17 19:04:50,827 [ERROR] ConditionMgr:805 - Attr not supported : Dmpu
2026-03-17 19:04:50,827 [ERROR] ConditionMgr:805 - Attr not supported : Dmpu
2026-03-17 19:04:50,827 [ERROR] ConditionMgr:805 - Attr not supported : Dmpu
2026-03-17 19:04:50,827 [ERROR] ConditionMgr:805 - Attr not supported : Dmpu
2026-03-17 19:04:50,827 [ERROR] ConditionMgr:805 - Attr not supported : Dmpu
2026-03-17 19:04:50,827 [ERROR] ConditionMgr:805 - Attr not supported : Dmpu
2026-03-17 19:04:50,828 [ERROR] ConditionMgr:805 - Attr not supported : Dmpu
2026-03-17 19:04:50,828 [ERROR] ConditionMgr:805 - Attr not supported : Dmpu
2026-03-17 19:04:50,828 [ERROR] ConditionMgr:805 - Attr not supported : Dmpu
2026-03-17 19:04:50,828 [ERROR] ConditionMgr:805 - Attr not supported : Dmpu
2026-03-17 19:04:50,828 [ERROR] ConditionMgr:805 - Attr not supported : Dmpu
2026-03-17 19:04:50,828 [ERROR] ConditionMgr:805 - Attr not supported : Dmpu
2026-03-17 19:04:50,828 [ERROR] ConditionMgr:805 - Attr not supported : Dmpu
2026-03-17 19:04:50,828 [ERROR] ConditionMgr:805 - Attr not supported : Dmpu
2026-03-17 19:04:50,829 [ERROR] ConditionMgr:805 - Attr not supported : Dmpu
2026-03-17 19:04:50,829 [ERROR] ConditionMgr:805 - Attr not supported : Dmpu
2026-03-17 19:04:50,829 [ERROR] ConditionMgr:805 - Attr not supported : Dmpu
2026-03-17 19:04:50,829 [ERROR] ConditionMgr:805 - Attr not supported : Dmpu
2026-03-17 19:04:50,829 [ERROR] ConditionMgr:805 - Attr not supported : Dmpu
2026-03-17 19:04:50,829 [ERROR] ConditionMgr:805 - Attr not supported : Dmpu
2026-03-17 19:04:50,829 [ERROR] ConditionMgr:805 - Attr not supported : Dmpu
2026-03-17 19:04:50,830 [ERROR] ConditionMgr:805 - Attr not supported : Dmpu
2026-03-17 19:04:50,830 [ERROR] ConditionMgr:805 - Attr not supported : Dmpu
2026-03-17 19:04:50,830 [ERROR] ConditionMgr:805 - Attr not supported : Dmpu
2026-03-17 19:04:50,830 [ERROR] ConditionMgr:805 - Attr not supported : Dmpu
2026-03-17 19:04:50,830 [ERROR] ConditionMgr:805 - Attr not supported : Dmpu
2026-03-17 19:04:50,830 [ERROR] ConditionMgr:805 - Attr not supported : Dmpu
2026-03-17 19:04:50,830 [ERROR] ConditionMgr:805 - Attr not supported : Dmpu
2026-03-17 19:04:50,830 [ERROR] ConditionMgr:805 - Attr not supported : Dmpu
2026-03-17 19:04:50,831 [ERROR] ConditionMgr:805 - Attr not supported : Dmpu
2026-03-17 19:04:50,831 [ERROR] ConditionMgr:805 - Attr not supported : Dmpu
2026-03-17 19:04:50,831 [ERROR] ConditionMgr:805 - Attr not supported : Dmpu
2026-03-17 19:04:50,831 [ERROR] ConditionMgr:805 - Attr not supported : Dmpu
2026-03-17 19:04:50,844 [WARN] PackLoader:240 - Cannot read IP mode file for STMicroelectronics.X-CUBE-WB05N.2.0.0
2026-03-17 19:04:50,856 [WARN] PackLoader:240 - Cannot read IP mode file for wolfSSL.I-CUBE-wolfTPM.3.8.0
2026-03-17 19:04:50,863 [ERROR] Engine:466 - C:\Users\DELL\.stm32cubemx\thirdparties\pdsc\STMicroelectronics.X-CUBE-TCPP.4.2.0.pdsc: PDSC version is not supported
2026-03-17 19:04:50,876 [WARN] PackLoader:240 - Cannot read IP mode file for RealThread.X-CUBE-RT-Thread_Nano.4.1.1
2026-03-17 19:04:50,888 [WARN] PackLoader:240 - Cannot read IP mode file for STMicroelectronics.FP-ATR-SIGFOX1.3.2.0
2026-03-17 19:04:50,894 [ERROR] Engine:466 - C:\Users\DELL\.stm32cubemx\thirdparties\pdsc\STMicroelectronics.X-CUBE-FREERTOS.1.5.0.pdsc: PDSC version is not supported
2026-03-17 19:04:50,914 [WARN] PackLoader:240 - Cannot read IP mode file for ITTIA_DB.I-CUBE-ITTIADB.8.9.0
2026-03-17 19:04:50,929 [WARN] PackLoader:240 - Cannot read IP mode file for STMicroelectronics.X-CUBE-NFC6.3.2.0
2026-03-17 19:04:51,077 [WARN] PackLoader:240 - Cannot read IP mode file for STMicroelectronics.X-CUBE-AI.10.2.0
2026-03-17 19:04:51,140 [WARN] PackLoader:240 - Cannot read IP mode file for SEGGER.I-CUBE-embOS.1.3.1
2026-03-17 19:04:51,238 [WARN] PackLoader:240 - Cannot read IP mode file for STMicroelectronics.X-CUBE-ALGOBUILD.1.4.0
2026-03-17 19:04:51,254 [WARN] PackLoader:240 - Cannot read IP mode file for STMicroelectronics.X-CUBE-PM33A1.1.0.0
2026-03-17 19:04:51,292 [WARN] PackLoader:240 - Cannot read IP mode file for STMicroelectronics.X-CUBE-AZRTOS-F4.1.1.0
2026-03-17 19:04:51,310 [WARN] PackLoader:240 - Cannot read IP mode file for STMicroelectronics.X-CUBE-ISPU.2.1.0
2026-03-17 19:04:51,323 [ERROR] Engine:466 - C:\Users\DELL\.stm32cubemx\thirdparties\pdsc\STMicroelectronics.X-CUBE-IPS.3.2.0.pdsc: PDSC version is not supported
2026-03-17 19:04:51,343 [WARN] PackLoader:240 - Cannot read IP mode file for STMicroelectronics.X-CUBE-NFC12.1.0.0
2026-03-17 19:04:51,388 [WARN] PackLoader:240 - Cannot read IP mode file for STMicroelectronics.X-CUBE-AZRTOS-L5.2.0.0
2026-03-17 19:04:51,409 [WARN] PackLoader:240 - Cannot read IP mode file for STMicroelectronics.X-CUBE-TOUCHGFX.4.26.1
2026-03-17 19:04:51,415 [ERROR] Engine:466 - C:\Users\DELL\.stm32cubemx\thirdparties\pdsc\STMicroelectronics.FP-SNS-STAIOTCFT.1.0.0.pdsc: PDSC version is not supported
2026-03-17 19:04:51,432 [WARN] PackLoader:240 - Cannot read IP mode file for STMicroelectronics.X-CUBE-DPower.1.3.0
2026-03-17 19:04:51,468 [WARN] ConditionMgr:438 - getConditionDescription Invalid condition id : LAN8742 Phy interface Condition cause : null
2026-03-17 19:04:51,469 [WARN] PackLoader:240 - Cannot read IP mode file for STMicroelectronics.X-CUBE-AZRTOS-L4.2.0.0
2026-03-17 19:04:51,472 [WARN] ConditionMgr:1039 - genDependencies : Invalid condition id : LAN8742 Phy interface Condition cause : null
2026-03-17 19:04:51,473 [WARN] ConditionMgr:1039 - genDependencies : Invalid condition id : LAN8742 Phy interface Condition cause : null
2026-03-17 19:04:51,474 [WARN] ConditionMgr:1039 - genDependencies : Invalid condition id : LAN8742 Phy interface Condition cause : null
2026-03-17 19:04:51,492 [WARN] PackLoader:240 - Cannot read IP mode file for STMicroelectronics.X-CUBE-SFXS2LP1.4.0.0
2026-03-17 19:04:51,501 [ERROR] Engine:466 - C:\Users\DELL\.stm32cubemx\thirdparties\pdsc\STMicroelectronics.X-CUBE-ST67W61.1.2.0.pdsc: PDSC version is not supported
2026-03-17 19:04:51,509 [ERROR] Engine:466 - C:\Users\DELL\.stm32cubemx\thirdparties\pdsc\STMicroelectronics.X-CUBE-BLEMGR.4.1.0.pdsc: PDSC version is not supported
2026-03-17 19:04:51,533 [WARN] ConditionMgr:438 - getConditionDescription Invalid condition id : UX DEVICE CLASS RTOS Condition cause : null
2026-03-17 19:04:51,534 [WARN] ConditionMgr:438 - getConditionDescription Invalid condition id : UX DEVICE CLASS RTOS Condition cause : null
2026-03-17 19:04:51,538 [WARN] PackLoader:240 - Cannot read IP mode file for STMicroelectronics.X-CUBE-AZRTOS-WB.2.0.0
2026-03-17 19:04:51,539 [WARN] ConditionMgr:1039 - genDependencies : Invalid condition id : UX DEVICE CLASS RTOS Condition cause : null
2026-03-17 19:04:51,540 [WARN] ConditionMgr:1039 - genDependencies : Invalid condition id : UX DEVICE CLASS RTOS Condition cause : null
2026-03-17 19:04:51,541 [WARN] ConditionMgr:1039 - genDependencies : Invalid condition id : UX DEVICE CLASS RTOS Condition cause : null
2026-03-17 19:04:51,542 [WARN] ConditionMgr:1039 - genDependencies : Invalid condition id : UX DEVICE CLASS RTOS Condition cause : null
2026-03-17 19:04:51,543 [WARN] ConditionMgr:1039 - genDependencies : Invalid condition id : UX DEVICE CLASS RTOS Condition cause : null
2026-03-17 19:04:51,560 [WARN] ConditionMgr:438 - getConditionDescription Invalid condition id : Cortex-A Device cause : null
2026-03-17 19:04:51,625 [WARN] ConditionMgr:1039 - genDependencies : Invalid condition id : Cortex-A Device cause : null
2026-03-17 19:04:51,626 [WARN] ConditionMgr:1039 - genDependencies : Invalid condition id : Cortex-A Device cause : null
2026-03-17 19:04:51,626 [WARN] ConditionMgr:1039 - genDependencies : Invalid condition id : Cortex-A Device cause : null
2026-03-17 19:04:51,648 [WARN] PackLoader:240 - Cannot read IP mode file for STMicroelectronics.X-CUBE-STSE01.2.0.0
2026-03-17 19:04:51,712 [WARN] PackLoader:240 - Cannot read IP mode file for STMicroelectronics.X-CUBE-SUBG2.5.0.0
2026-03-17 19:04:51,755 [WARN] PackLoader:240 - Cannot read IP mode file for STMicroelectronics.X-CUBE-AZRTOS-G4.2.0.0
2026-03-17 19:04:51,772 [WARN] PackLoader:240 - Cannot read IP mode file for wolfSSL.I-CUBE-wolfSSH.1.4.20
2026-03-17 19:04:51,790 [WARN] PackLoader:240 - Cannot read IP mode file for STMicroelectronics.X-CUBE-NFC7.2.0.0
2026-03-17 19:04:51,805 [WARN] PackLoader:240 - Cannot read IP mode file for STMicroelectronics.X-CUBE-ALS.1.0.2
2026-03-17 19:04:51,820 [ERROR] Engine:466 - C:\Users\DELL\.stm32cubemx\thirdparties\pdsc\STMicroelectronics.X-CUBE-TOF1.3.4.3.pdsc: PDSC version is not supported
2026-03-17 19:04:51,820 [INFO] ThirdParty:978 - Integrity check success = true
2026-03-17 19:04:51,821 [INFO] IntegrityCheckThread:100 - exiting critical section [integrity check]
2026-03-17 19:04:51,821 [INFO] IntegrityCheckThread:103 - End integrity checks thread
2026-03-17 19:04:51,983 [INFO] Mcu:2032 - Initializing MCU STM32F103C(8-B)Tx STM32F103C8Tx STM32F103C8T6
2026-03-17 19:04:55,333 [INFO] Context:742 - Trying to add GPIOservice into a context  which must be forbidden
2026-03-17 19:04:56,777 [INFO] RtosManager:555 - Registered RTOS mode: class=CMSIS, group=RTOS, mode=CMSIS_V1, owner=FREERTOS
2026-03-17 19:04:56,778 [INFO] RtosManager:555 - Registered RTOS mode: class=CMSIS, group=RTOS2, mode=CMSIS_V2, owner=FREERTOS
2026-03-17 19:04:56,779 [INFO] RtosManager:555 - Registered RTOS mode: class=RTOS, group=Core, mode=CMSIS_V1, owner=FREERTOS
2026-03-17 19:04:56,780 [INFO] RtosManager:555 - Registered RTOS mode: class=RTOS, group=Core, mode=CMSIS_V2, owner=FREERTOS
2026-03-17 19:04:56,783 [WARN] ModelIntegratedComponent:184 - Missing modes for component STMicroelectronics:FreeRTOS:0.0.1:STMicroelectronics:RTOS:FreeRTOS:Core:::10.2.0:
2026-03-17 19:04:56,832 [WARN] ModelIntegratedComponent:63 - No mode defined for component null
2026-03-17 19:04:56,833 [WARN] ModelIntegratedComponent:63 - No mode defined for component null
2026-03-17 19:04:56,833 [WARN] ModelIntegratedComponent:63 - No mode defined for component null
2026-03-17 19:04:56,833 [WARN] ModelIntegratedComponent:63 - No mode defined for component null
2026-03-17 19:04:56,833 [WARN] ModelIntegratedComponent:63 - No mode defined for component null
2026-03-17 19:04:56,834 [WARN] ModelIntegratedComponent:63 - No mode defined for component null
2026-03-17 19:04:56,834 [WARN] ModelIntegratedComponent:63 - No mode defined for component null
2026-03-17 19:04:56,834 [WARN] ModelIntegratedComponent:63 - No mode defined for component null
2026-03-17 19:04:56,834 [WARN] ModelIntegratedComponent:63 - No mode defined for component null
2026-03-17 19:04:56,834 [WARN] ModelIntegratedComponent:63 - No mode defined for component null
2026-03-17 19:04:56,834 [WARN] ModelIntegratedComponent:63 - No mode defined for component null
2026-03-17 19:04:56,834 [WARN] ModelIntegratedComponent:63 - No mode defined for component null
2026-03-17 19:04:56,835 [WARN] ModelIntegratedComponent:63 - No mode defined for component null
2026-03-17 19:04:56,835 [WARN] ModelIntegratedComponent:63 - No mode defined for component null
2026-03-17 19:04:56,835 [WARN] ModelIntegratedComponent:63 - No mode defined for component null
2026-03-17 19:04:56,836 [WARN] ModelIntegratedComponent:63 - No mode defined for component null
2026-03-17 19:04:56,836 [WARN] ModelIntegratedComponent:63 - No mode defined for component null
2026-03-17 19:04:56,837 [WARN] ModelIntegratedComponent:63 - No mode defined for component null
2026-03-17 19:04:56,838 [WARN] ModelIntegratedComponent:63 - No mode defined for component null
2026-03-17 19:04:56,838 [WARN] ModelIntegratedComponent:63 - No mode defined for component null
2026-03-17 19:04:56,838 [WARN] ModelIntegratedComponent:63 - No mode defined for component null
2026-03-17 19:04:56,838 [WARN] ModelIntegratedComponent:63 - No mode defined for component null
2026-03-17 19:04:56,838 [WARN] ModelIntegratedComponent:63 - No mode defined for component null
2026-03-17 19:04:56,839 [WARN] ModelIntegratedComponent:63 - No mode defined for component null
2026-03-17 19:04:56,839 [WARN] ModelIntegratedComponent:63 - No mode defined for component null
2026-03-17 19:04:56,839 [WARN] ModelIntegratedComponent:63 - No mode defined for component null
2026-03-17 19:04:56,839 [WARN] ModelIntegratedComponent:63 - No mode defined for component null
2026-03-17 19:04:56,840 [WARN] ModelIntegratedComponent:63 - No mode defined for component null
2026-03-17 19:04:56,840 [WARN] ModelIntegratedComponent:63 - No mode defined for component null
2026-03-17 19:04:56,840 [WARN] ModelIntegratedComponent:63 - No mode defined for component null
2026-03-17 19:04:56,840 [WARN] ModelIntegratedComponent:63 - No mode defined for component null
2026-03-17 19:04:56,840 [WARN] ModelIntegratedComponent:63 - No mode defined for component null
2026-03-17 19:04:56,840 [WARN] ModelIntegratedComponent:63 - No mode defined for component null
2026-03-17 19:04:56,841 [WARN] ModelIntegratedComponent:63 - No mode defined for component null
2026-03-17 19:04:56,841 [WARN] ModelIntegratedComponent:63 - No mode defined for component null
2026-03-17 19:04:56,842 [WARN] ModelPack:524 - Component already loaded: STMicroelectronics:HAL Drivers:0.0.0:STMicroelectronics:Device:STMicro_Driver:XSPI:HAL::0.0.1:HAL_XSPI
2026-03-17 19:04:56,919 [INFO] ThirdPartyModel:298 - Start build external matchings
2026-03-17 19:04:57,691 [INFO] ThirdPartyModel:316 - End build external matchings
2026-03-17 19:04:58,659 [INFO] ApiDb:581 - Connected to CubeFinder SQLite database (C:\Users\DELL\.stmcufinder\plugins\mcufinder\mcu\cube-finder-db.db)
2026-03-17 19:04:59,076 [INFO] ApiDb:668 - CubeFinder database Data Model version=2.1
2026-03-17 19:04:59,077 [INFO] ApiDb:669 - CubeFinder database Configuration version=3.0.42
2026-03-17 19:04:59,083 [INFO] ApiDb:670 - CubeFinder database generation date=2026-03-11 (1773229989)
2026-03-17 19:04:59,084 [INFO] ApiDb:671 - CubeFinder database FW Pack versions=[FP-ATR-ASTRA1_V2.0.0, FP-SNS-FLIGHT1_V5.1.0, FP-SNS-MOTENV1_V5.1.0, FP-SNS-MOTENVWB1_V1.5.0, FP-SNS-SMARTAG2_V1.2.0, FP-SNS-STBOX1_V2.1.0, STM32Cube_FW_C0_V1.4.0, STM32Cube_FW_F4_V1.28.3, STM32Cube_FW_F7_V1.17.4, STM32Cube_FW_G0_V1.6.3, STM32Cube_FW_G4_V1.6.2, STM32Cube_FW_H5_V1.6.0, STM32Cube_FW_H7RS_V1.3.0, STM32Cube_FW_H7_V1.13.0, STM32Cube_FW_L0_V1.12.2, STM32Cube_FW_L4_V1.18.2, STM32Cube_FW_L5_V1.6.0, STM32Cube_FW_N6_V1.3.0, STM32Cube_FW_U0_V1.3.0, STM32Cube_FW_U3_V1.3.0, STM32Cube_FW_U5_V1.8.0, STM32Cube_FW_WB0_V1.4.0, STM32Cube_FW_WBA_V1.9.0, STM32Cube_FW_WB_V1.24.0, STM32Cube_FW_WL3_V1.4.0, STM32Cube_FW_WL_V1.5.0, X-CUBE-ALGOBUILD_V1.4.0, X-CUBE-ALS_V1.0.2, X-CUBE-AZRTOS-F4_V1.1.0, X-CUBE-AZRTOS-F7_V1.1.0, X-CUBE-AZRTOS-G0_V1.1.0, X-CUBE-AZRTOS-G4_V2.0.0, X-CUBE-AZRTOS-H7RS_V1.1.0, X-CUBE-AZRTOS-H7_V3.4.0, X-CUBE-AZRTOS-L4_V2.0.0, X-CUBE-AZRTOS-L5_V2.0.0, X-CUBE-AZRTOS-WB_V2.0.0, X-CUBE-AZRTOS-WL_V2.0.0, X-CUBE-BLE1_V7.1.0, X-CUBE-BLE2_V3.3.0, X-CUBE-BLEMGR_V4.1.0, X-CUBE-EEPRMA1_V5.2.0, X-CUBE-FREERTOS_V1.5.0, X-CUBE-GNSS1_V6.0.0, X-CUBE-MEMS1_V12.0.0, X-CUBE-NFC4_V3.0.0, X-CUBE-NFC7_V2.0.0, X-CUBE-SFXS2LP1_V4.0.0, X-CUBE-ST67W61_V1.2.0, X-CUBE-SUBG2_V5.0.0, X-CUBE-TOF1_V3.4.3]
2026-03-17 19:04:59,551 [INFO] DbBoardsSqlite:226 - include board P-NUCLEO-WB55-NUCLEO as a kit item of type 'Nucleo-64'
2026-03-17 19:04:59,553 [INFO] DbBoardsSqlite:226 - include board P-NUCLEO-WB55-USBDONGLE as a kit item of type 'Nucleo USB Dongle'
2026-03-17 19:04:59,555 [INFO] DbBoardsSqlite:226 - include board STEVAL-IDP005V1 as a kit item of type 'Evaluation Board'
2026-03-17 19:04:59,557 [INFO] DbBoardsSqlite:226 - include board STEVAL-IDP005V2 as a kit item of type 'Evaluation Board'
2026-03-17 19:05:00,565 [INFO] ApiDb:240 - Found 646 in-development CPN: [B-G473E-ZEST1S, B-WB1M-WPAN1, B-WL5M-SUBG1, NUCLEO-C031C6, NUCLEO-C071RB, NUCLEO-H503RB, NUCLEO-H533RE, NUCLEO-H563ZI, NUCLEO-H7S3L8, NUCLEO-U031R8, NUCLEO-U083RC, NUCLEO-U545RE-Q, NUCLEO-U5A5ZJ-Q, NUCLEO-WB05KZ, NUCLEO-WB07CC, NUCLEO-WB09KE, NUCLEO-WBA52CG, NUCLEO-WBA55CG, STEVAL-PROTEUS1, STEVAL-SMARTAG2, STEVAL-STWINBX1, STM320518-EVAL, STM32C0116-DK, STM32C011D6Y3TR, STM32C011D6Y6TR, STM32C011F4P3, STM32C011F4P6, STM32C011F4U3, STM32C011F4U6TR, STM32C011F6P3, STM32C011F6P6, STM32C011F6U3, STM32C011F6U6TR, STM32C011J4M3, STM32C011J4M6, STM32C011J6M3, STM32C011J6M6, STM32C0316-DK, STM32C031C4T3, STM32C031C4T6, STM32C031C4U3, STM32C031C4U6, STM32C031C6T3, STM32C031C6T6, STM32C031C6U3, STM32C031C6U6, STM32C031F4P3, STM32C031F4P6, STM32C031F6P3, STM32C031F6P6, STM32C031G4U3, STM32C031G4U6, STM32C031G6U3, STM32C031G6U6, STM32C031K4T3, STM32C031K4T6, STM32C031K4U3, STM32C031K4U6, STM32C031K6T3, STM32C031K6T6, STM32C031K6U3, STM32C031K6U6, STM32C071C8T6, STM32C071C8T6N, STM32C071C8U6, STM32C071C8U6N, STM32C071CBT6, STM32C071CBT6N, STM32C071CBU6, STM32C071CBU6N, STM32C071F8P6, STM32C071F8P6N, STM32C071FBP6, STM32C071FBP6N, STM32C071FBY6TR, STM32C071G8U6, STM32C071G8U6N, STM32C071GBU6, STM32C071GBU6N, STM32C071K8T6, STM32C071K8T6N, STM32C071K8U6, STM32C071K8U6N, STM32C071KBT6, STM32C071KBT6N, STM32C071KBU6, STM32C071KBU6N, STM32C071R8T6, STM32C071R8T6N, STM32C071RBI6N, STM32C071RBT6, STM32C071RBT6N, STM32G071K8TXN, STM32G071K8UXN, STM32G081GBU6N, STM32G081KBT6N, STM32G081KBUXN, STM32G0B1CCT6N, STM32G0B1KCT6, STM32G0B1NEY6TR, STM32G0B1RCT6N, STM32G0C1CCT6, STM32G0C1CCT6N, STM32G0C1CCU6N, STM32G0C1CET6N, STM32G0C1CEU6N, STM32G0C1KCT6, STM32G0C1NEY6TR, STM32G0C1RCI6N, STM32G0C1RCT6N, STM32G0C1REI6N, STM32G0C1RET6N, STM32G0C1VCI6, STM32G0C1VEI6, STM32G411C6T3, STM32G411C6T6, STM32G411C6U3, STM32G411C6U6, STM32G411C8T3, STM32G411C8T6, STM32G411C8U3, STM32G411C8U6, STM32G411CBT3, STM32G411CBT6, STM32G411CBU3, STM32G411CBU6, STM32G411K6T3, STM32G411K6T6, STM32G411K6U3, STM32G411K6U6, STM32G411K8T3, STM32G411K8T6, STM32G411K8U3, STM32G411K8U6, STM32G411KBT3, STM32G411KBT6, STM32G411KBU3, STM32G411KBU6, STM32G411M6T3, STM32G411M6T6, STM32G411M8T3, STM32G411M8T6, STM32G411MBT3, STM32G411MBT6, STM32G411R6T3, STM32G411R6T6, STM32G411R8T3, STM32G411R8T6, STM32G411RBT3, STM32G411RBT6, STM32G414CBT3, STM32G414CBT6, STM32G414CBU3, STM32G414CBU6, STM32G414CCT3, STM32G414CCT6, STM32G414CCU3, STM32G414CCU6, STM32G414MBT3, STM32G414MBT6, STM32G414MCT3, STM32G414MCT6, STM32G414RBT3, STM32G414RBT6, STM32G414RCT3, STM32G414RCT6, STM32G414VBT3, STM32G414VBT6, STM32G414VCT3, STM32G414VCT6, STM32G431CBT3Z, STM32G431RBT3Z, STM32G471CCT6, STM32G471CCU6, STM32G471CET3, STM32G471CET6, STM32G471CEU3, STM32G471CEU6, STM32G471MCT6, STM32G471MET3, STM32G471MET6, STM32G471MEY6TR, STM32G471QCT6, STM32G471QET3, STM32G471RCT6, STM32G471RET3, STM32G471RET6, STM32G471VCH6, STM32G471VCI6, STM32G471VCT6, STM32G471VEH3, STM32G471VEH6, STM32G471VEI3, STM32G471VEI6, STM32G471VET3, STM32G471VET6, STM32G473QET3Z, STM32G473RET3Z, STM32G474CCT6, STM32G491RET3Z, STM32H503CBT6, STM32H503CBU6, STM32H503EBY6TR, STM32H503KBU6, STM32H503RBT6, STM32H523CCT6, STM32H523CCU6, STM32H523CET6, STM32H523CEU6, STM32H523HEY6TR, STM32H523RCT6, STM32H523RET6, STM32H523VCI6, STM32H523VCT6, STM32H523VEI6, STM32H523VET6, STM32H523ZCJ6, STM32H523ZCT6, STM32H523ZEJ6, STM32H523ZET6, STM32H533CET6, STM32H533CEU6, STM32H533HEY6TR, STM32H533RET6, STM32H533VEI6, STM32H533VET6, STM32H533ZEJ6, STM32H533ZET6, STM32H562AGI6, STM32H562AII6, STM32H562IGK6, STM32H562IGT6, STM32H562IIK6, STM32H562IIT6, STM32H562RGT6, STM32H562RGV6, STM32H562RIT6, STM32H562RIV6, STM32H562VGT6, STM32H562VIT6, STM32H562ZGT6, STM32H562ZIT6, STM32H563AGI6, STM32H563AII3Q, STM32H563AII6, STM32H563IGK6, STM32H563IGT6, STM32H563IIK3Q, STM32H563IIK6, STM32H563IIT3Q, STM32H563IIT6, STM32H563MIY3QTR, STM32H563RGT6, STM32H563RGV6, STM32H563RIT6, STM32H563RIV6, STM32H563VGT6, STM32H563VIT3Q, STM32H563VIT6, STM32H563ZGT6, STM32H563ZIT3Q, STM32H563ZIT6, STM32H573AII3Q, STM32H573AII6, STM32H573I-DK, STM32H573IIK3Q, STM32H573IIK6, STM32H573IIT3Q, STM32H573IIT6, STM32H573MIY3QTR, STM32H573RIT6, STM32H573RIV6, STM32H573VIT3Q, STM32H573VIT6, STM32H573ZIT3Q, STM32H573ZIT6, STM32H7R3A8I6, STM32H7R3I8K6, STM32H7R3I8T6, STM32H7R3L8H6, STM32H7R3L8H6H, STM32H7R3R8V6, STM32H7R3V8H6, STM32H7R3V8T6, STM32H7R3V8Y6TR, STM32H7R3Z8J6, STM32H7R3Z8T6, STM32H7R7A8I6, STM32H7R7I8K6, STM32H7R7I8T6, STM32H7R7L8H6, STM32H7R7L8H6H, STM32H7R7Z8J6, STM32H7S3A8I6, STM32H7S3I8K6, STM32H7S3I8T6, STM32H7S3L8H6, STM32H7S3L8H6H, STM32H7S3R8V6, STM32H7S3V8H6, STM32H7S3V8T6, STM32H7S3V8Y6TR, STM32H7S3Z8J6, STM32H7S3Z8T6, STM32H7S78-DK, STM32H7S7A8I6, STM32H7S7I8K6, STM32H7S7I8T6, STM32H7S7L8H6, STM32H7S7L8H6H, STM32H7S7Z8J6, STM32L4R5QGI6STR, STM32MP131AAE3, STM32MP131AAF3, STM32MP131AAG3, STM32MP131CAE3, STM32MP131CAF3, STM32MP131CAG3, STM32MP131DAE7, STM32MP131DAF7, STM32MP131DAG7, STM32MP131FAE7, STM32MP131FAF7, STM32MP131FAG7, STM32MP133AAE3, STM32MP133AAF3, STM32MP133AAG3, STM32MP133CAE3, STM32MP133CAF3, STM32MP133CAG3, STM32MP133DAE7, STM32MP133DAF7, STM32MP133DAG7, STM32MP133FAE7, STM32MP133FAF7, STM32MP133FAG7, STM32MP135AAE3, STM32MP135AAF3, STM32MP135AAG3, STM32MP135CAE3, STM32MP135CAF3, STM32MP135CAG3, STM32MP135DAE7, STM32MP135DAF7, STM32MP135DAG7, STM32MP135F-DK, STM32MP135FAE7, STM32MP135FAF7, STM32MP135FAF7T, STM32MP135FAF7U, STM32MP135FAG7, STM32MP251AAI3, STM32MP251AAK3, STM32MP251AAL3, STM32MP251CAI3, STM32MP251CAK3, STM32MP251CAL3, STM32MP251DAI3, STM32MP251DAK3, STM32MP251DAL3, STM32MP251FAI3, STM32MP251FAK3, STM32MP251FAL3, STM32MP253AAI3, STM32MP253AAK3, STM32MP253AAL3, STM32MP253CAI3, STM32MP253CAK3, STM32MP253CAL3, STM32MP253DAI3, STM32MP253DAK3, STM32MP253DAL3, STM32MP253FAI3, STM32MP253FAK3, STM32MP253FAL3, STM32MP255AAI3, STM32MP255AAK3, STM32MP255AAL3, STM32MP255CAI3, STM32MP255CAK3, STM32MP255CAL3, STM32MP255DAI3, STM32MP255DAK3, STM32MP255DAL3, STM32MP255FAI3, STM32MP255FAK3, STM32MP255FAL3, STM32MP257AAI3, STM32MP257AAK3, STM32MP257AAL3, STM32MP257CAI3, STM32MP257CAK3, STM32MP257CAL3, STM32MP257DAI3, STM32MP257DAK3, STM32MP257DAL3, STM32MP257F-DK, STM32MP257F-EV1, STM32MP257FAI3, STM32MP257FAK3, STM32MP257FAL3, STM32U031C6T6, STM32U031C6U6, STM32U031C8T6, STM32U031C8U6, STM32U031F4P6, STM32U031F6P6, STM32U031F8P6, STM32U031G6Y6TR, STM32U031G8Y6TR, STM32U031K4U6, STM32U031K6U6, STM32U031K8U6, STM32U031R6I6, STM32U031R6T6, STM32U031R8I6, STM32U031R8T6, STM32U073C8T6, STM32U073C8U6, STM32U073CBT6, STM32U073CBU6, STM32U073CCT6, STM32U073CCU6, STM32U073H8Y6TR, STM32U073HBY6TR, STM32U073HCY6TR, STM32U073K8U6, STM32U073KBU6, STM32U073KCU6, STM32U073M8I6, STM32U073M8T6, STM32U073MBI6, STM32U073MBT6, STM32U073MCI6, STM32U073MCT6, STM32U073R8I6, STM32U073R8T6, STM32U073RBI6, STM32U073RBT6, STM32U073RCI6, STM32U073RCT6, STM32U083C-DK, STM32U083CCT6, STM32U083CCU6, STM32U083HCY6TR, STM32U083KCU6, STM32U083MCI6, STM32U083MCT6, STM32U083RCI6, STM32U083RCT6, STM32U535CBT6, STM32U535CBT6Q, STM32U535CBU6, STM32U535CBU6Q, STM32U535CCT6, STM32U535CCT6Q, STM32U535CCU6, STM32U535CCU6Q, STM32U535CET6, STM32U535CET6Q, STM32U535CEU6, STM32U535CEU6Q, STM32U535JEY6QTR, STM32U535NCY6QTR, STM32U535NEY6QTR, STM32U535RBI6, STM32U535RBI6Q, STM32U535RBT6, STM32U535RBT6Q, STM32U535RCI6, STM32U535RCI6Q, STM32U535RCT6, STM32U535RCT6Q, STM32U535REI6, STM32U535REI6Q, STM32U535RET6, STM32U535RET6Q, STM32U535VCI6, STM32U535VCI6Q, STM32U535VCT6, STM32U535VCT6Q, STM32U535VEI6, STM32U535VEI6Q, STM32U535VET6, STM32U535VET6Q, STM32U545CET6, STM32U545CET6Q, STM32U545CEU6, STM32U545CEU6Q, STM32U545JEY6QTR, STM32U545NEY6QTR, STM32U545REI6, STM32U545REI6Q, STM32U545RET6, STM32U545RET6Q, STM32U545VEI6, STM32U545VEI6Q, STM32U545VET6, STM32U545VET6Q, STM32U595AIH6, STM32U595AIH6Q, STM32U595AJH6, STM32U595AJH6Q, STM32U595QII6, STM32U595QII6Q, STM32U595QJI6, STM32U595QJI6Q, STM32U595RIT6, STM32U595RIT6Q, STM32U595RJT6, STM32U595RJT6Q, STM32U595VIT6, STM32U595VIT6Q, STM32U595VJT6, STM32U595VJT6Q, STM32U595ZIT6, STM32U595ZIT6Q, STM32U595ZIY6QTR, STM32U595ZJT6, STM32U595ZJT6Q, STM32U595ZJY6QTR, STM32U599BJY6QTR, STM32U599NIH6Q, STM32U599NJH6Q, STM32U599VIT6Q, STM32U599VJT6, STM32U599VJT6Q, STM32U599ZIT6Q, STM32U599ZIY6QTR, STM32U599ZJT6Q, STM32U599ZJY6QTR, STM32U5A5AJH6, STM32U5A5AJH6Q, STM32U5A5QII3Q , STM32U5A5QJI6, STM32U5A5QJI6Q, STM32U5A5RJT6, STM32U5A5RJT6Q, STM32U5A5VJT6, STM32U5A5VJT6Q, STM32U5A5ZJT6, STM32U5A5ZJT6Q, STM32U5A5ZJY6QTR, STM32U5A9BJY6QTR, STM32U5A9J-DK, STM32U5A9NJH6Q, STM32U5A9VJT6Q, STM32U5A9ZJT6Q, STM32U5A9ZJY6QTR, STM32U5F7VIT6, STM32U5F7VIT6Q, STM32U5F7VJT6, STM32U5F7VJT6Q, STM32U5F9BJY6QTR, STM32U5F9NJH6Q, STM32U5F9VIT6Q, STM32U5F9VJT6Q, STM32U5F9ZIJ6QTR, STM32U5F9ZIT6Q, STM32U5F9ZJJ6QTR, STM32U5F9ZJT6Q, STM32U5G7VJT6, STM32U5G7VJT6Q, STM32U5G9BJY6QTR, STM32U5G9J-DK1, STM32U5G9J-DK2, STM32U5G9NJH6Q, STM32U5G9VJT6Q, STM32U5G9ZJJ6QTR, STM32U5G9ZJT6Q, STM32WB05KZV6TR, STM32WB05KZV7TR, STM32WB05TZF6TR, STM32WB05TZF7TR, STM32WB06CCF6TR, STM32WB06CCF7TR, STM32WB06CCV6TR, STM32WB06CCV7TR, STM32WB06KCV6TR, STM32WB06KCV7TR, STM32WB07CCF6TR, STM32WB07CCF7TR, STM32WB07CCV6TR, STM32WB07CCV7TR, STM32WB07KCV6TR, STM32WB07KCV7TR, STM32WB09KEV6TR, STM32WB09KEV7TR, STM32WB09TEF6TR, STM32WB09TEF7TR, STM32WB1MMCH6, STM32WBA50KGU6, STM32WBA50KGU6TR, STM32WBA52CEU6, STM32WBA52CEU6TR, STM32WBA52CEU7, STM32WBA52CEU7TR, STM32WBA52CGU6, STM32WBA52CGU6TR, STM32WBA52CGU6U, STM32WBA52CGU7, STM32WBA52CGU7TR, STM32WBA52KEU6, STM32WBA52KEU6TR, STM32WBA52KGU6, STM32WBA52KGU6TR, STM32WBA54CEU6, STM32WBA54CEU6TR, STM32WBA54CEU7, STM32WBA54CEU7TR, STM32WBA54CGU6, STM32WBA54CGU6TR, STM32WBA54CGU7, STM32WBA54CGU7TR, STM32WBA54KEU6, STM32WBA54KEU6TR, STM32WBA54KEU7, STM32WBA54KEU7TR, STM32WBA54KGU6, STM32WBA54KGU6TR, STM32WBA54KGU7, STM32WBA54KGU7TR, STM32WBA55CEU6, STM32WBA55CEU6TR, STM32WBA55CEU7, STM32WBA55CEU7TR, STM32WBA55CGU6, STM32WBA55CGU6TR, STM32WBA55CGU6U, STM32WBA55CGU7, STM32WBA55CGU7TR, STM32WBA55G-DK1, STM32WBA55HEF6, STM32WBA55HEF7, STM32WBA55HGF6, STM32WBA55HGF7, STM32WBA55UEI6, STM32WBA55UEI6TR, STM32WBA55UEI7, STM32WBA55UEI7TR, STM32WBA55UGI6, STM32WBA55UGI6TR, STM32WBA55UGI7, STM32WBA55UGI7TR, STM32WL5MOCH6, STM32WL5MOCH6TR]
2026-03-17 19:05:00,571 [INFO] ApiDb:668 - CubeFinder database Data Model version=2.1
2026-03-17 19:05:00,572 [INFO] ApiDb:669 - CubeFinder database Configuration version=3.0.42
2026-03-17 19:05:00,572 [INFO] ApiDb:670 - CubeFinder database generation date=2026-03-11 (1773229989)
2026-03-17 19:05:00,572 [INFO] ApiDb:671 - CubeFinder database FW Pack versions=[FP-ATR-ASTRA1_V2.0.0, FP-SNS-FLIGHT1_V5.1.0, FP-SNS-MOTENV1_V5.1.0, FP-SNS-MOTENVWB1_V1.5.0, FP-SNS-SMARTAG2_V1.2.0, FP-SNS-STBOX1_V2.1.0, STM32Cube_FW_C0_V1.4.0, STM32Cube_FW_F4_V1.28.3, STM32Cube_FW_F7_V1.17.4, STM32Cube_FW_G0_V1.6.3, STM32Cube_FW_G4_V1.6.2, STM32Cube_FW_H5_V1.6.0, STM32Cube_FW_H7RS_V1.3.0, STM32Cube_FW_H7_V1.13.0, STM32Cube_FW_L0_V1.12.2, STM32Cube_FW_L4_V1.18.2, STM32Cube_FW_L5_V1.6.0, STM32Cube_FW_N6_V1.3.0, STM32Cube_FW_U0_V1.3.0, STM32Cube_FW_U3_V1.3.0, STM32Cube_FW_U5_V1.8.0, STM32Cube_FW_WB0_V1.4.0, STM32Cube_FW_WBA_V1.9.0, STM32Cube_FW_WB_V1.24.0, STM32Cube_FW_WL3_V1.4.0, STM32Cube_FW_WL_V1.5.0, X-CUBE-ALGOBUILD_V1.4.0, X-CUBE-ALS_V1.0.2, X-CUBE-AZRTOS-F4_V1.1.0, X-CUBE-AZRTOS-F7_V1.1.0, X-CUBE-AZRTOS-G0_V1.1.0, X-CUBE-AZRTOS-G4_V2.0.0, X-CUBE-AZRTOS-H7RS_V1.1.0, X-CUBE-AZRTOS-H7_V3.4.0, X-CUBE-AZRTOS-L4_V2.0.0, X-CUBE-AZRTOS-L5_V2.0.0, X-CUBE-AZRTOS-WB_V2.0.0, X-CUBE-AZRTOS-WL_V2.0.0, X-CUBE-BLE1_V7.1.0, X-CUBE-BLE2_V3.3.0, X-CUBE-BLEMGR_V4.1.0, X-CUBE-EEPRMA1_V5.2.0, X-CUBE-FREERTOS_V1.5.0, X-CUBE-GNSS1_V6.0.0, X-CUBE-MEMS1_V12.0.0, X-CUBE-NFC4_V3.0.0, X-CUBE-NFC7_V2.0.0, X-CUBE-SFXS2LP1_V4.0.0, X-CUBE-ST67W61_V1.2.0, X-CUBE-SUBG2_V5.0.0, X-CUBE-TOF1_V3.4.3]
2026-03-17 19:05:04,757 [INFO] ApiDb:240 - Found 646 in-development CPN: [B-G473E-ZEST1S, B-WB1M-WPAN1, B-WL5M-SUBG1, NUCLEO-C031C6, NUCLEO-C071RB, NUCLEO-H503RB, NUCLEO-H533RE, NUCLEO-H563ZI, NUCLEO-H7S3L8, NUCLEO-U031R8, NUCLEO-U083RC, NUCLEO-U545RE-Q, NUCLEO-U5A5ZJ-Q, NUCLEO-WB05KZ, NUCLEO-WB07CC, NUCLEO-WB09KE, NUCLEO-WBA52CG, NUCLEO-WBA55CG, STEVAL-PROTEUS1, STEVAL-SMARTAG2, STEVAL-STWINBX1, STM320518-EVAL, STM32C0116-DK, STM32C011D6Y3TR, STM32C011D6Y6TR, STM32C011F4P3, STM32C011F4P6, STM32C011F4U3, STM32C011F4U6TR, STM32C011F6P3, STM32C011F6P6, STM32C011F6U3, STM32C011F6U6TR, STM32C011J4M3, STM32C011J4M6, STM32C011J6M3, STM32C011J6M6, STM32C0316-DK, STM32C031C4T3, STM32C031C4T6, STM32C031C4U3, STM32C031C4U6, STM32C031C6T3, STM32C031C6T6, STM32C031C6U3, STM32C031C6U6, STM32C031F4P3, STM32C031F4P6, STM32C031F6P3, STM32C031F6P6, STM32C031G4U3, STM32C031G4U6, STM32C031G6U3, STM32C031G6U6, STM32C031K4T3, STM32C031K4T6, STM32C031K4U3, STM32C031K4U6, STM32C031K6T3, STM32C031K6T6, STM32C031K6U3, STM32C031K6U6, STM32C071C8T6, STM32C071C8T6N, STM32C071C8U6, STM32C071C8U6N, STM32C071CBT6, STM32C071CBT6N, STM32C071CBU6, STM32C071CBU6N, STM32C071F8P6, STM32C071F8P6N, STM32C071FBP6, STM32C071FBP6N, STM32C071FBY6TR, STM32C071G8U6, STM32C071G8U6N, STM32C071GBU6, STM32C071GBU6N, STM32C071K8T6, STM32C071K8T6N, STM32C071K8U6, STM32C071K8U6N, STM32C071KBT6, STM32C071KBT6N, STM32C071KBU6, STM32C071KBU6N, STM32C071R8T6, STM32C071R8T6N, STM32C071RBI6N, STM32C071RBT6, STM32C071RBT6N, STM32G071K8TXN, STM32G071K8UXN, STM32G081GBU6N, STM32G081KBT6N, STM32G081KBUXN, STM32G0B1CCT6N, STM32G0B1KCT6, STM32G0B1NEY6TR, STM32G0B1RCT6N, STM32G0C1CCT6, STM32G0C1CCT6N, STM32G0C1CCU6N, STM32G0C1CET6N, STM32G0C1CEU6N, STM32G0C1KCT6, STM32G0C1NEY6TR, STM32G0C1RCI6N, STM32G0C1RCT6N, STM32G0C1REI6N, STM32G0C1RET6N, STM32G0C1VCI6, STM32G0C1VEI6, STM32G411C6T3, STM32G411C6T6, STM32G411C6U3, STM32G411C6U6, STM32G411C8T3, STM32G411C8T6, STM32G411C8U3, STM32G411C8U6, STM32G411CBT3, STM32G411CBT6, STM32G411CBU3, STM32G411CBU6, STM32G411K6T3, STM32G411K6T6, STM32G411K6U3, STM32G411K6U6, STM32G411K8T3, STM32G411K8T6, STM32G411K8U3, STM32G411K8U6, STM32G411KBT3, STM32G411KBT6, STM32G411KBU3, STM32G411KBU6, STM32G411M6T3, STM32G411M6T6, STM32G411M8T3, STM32G411M8T6, STM32G411MBT3, STM32G411MBT6, STM32G411R6T3, STM32G411R6T6, STM32G411R8T3, STM32G411R8T6, STM32G411RBT3, STM32G411RBT6, STM32G414CBT3, STM32G414CBT6, STM32G414CBU3, STM32G414CBU6, STM32G414CCT3, STM32G414CCT6, STM32G414CCU3, STM32G414CCU6, STM32G414MBT3, STM32G414MBT6, STM32G414MCT3, STM32G414MCT6, STM32G414RBT3, STM32G414RBT6, STM32G414RCT3, STM32G414RCT6, STM32G414VBT3, STM32G414VBT6, STM32G414VCT3, STM32G414VCT6, STM32G431CBT3Z, STM32G431RBT3Z, STM32G471CCT6, STM32G471CCU6, STM32G471CET3, STM32G471CET6, STM32G471CEU3, STM32G471CEU6, STM32G471MCT6, STM32G471MET3, STM32G471MET6, STM32G471MEY6TR, STM32G471QCT6, STM32G471QET3, STM32G471RCT6, STM32G471RET3, STM32G471RET6, STM32G471VCH6, STM32G471VCI6, STM32G471VCT6, STM32G471VEH3, STM32G471VEH6, STM32G471VEI3, STM32G471VEI6, STM32G471VET3, STM32G471VET6, STM32G473QET3Z, STM32G473RET3Z, STM32G474CCT6, STM32G491RET3Z, STM32H503CBT6, STM32H503CBU6, STM32H503EBY6TR, STM32H503KBU6, STM32H503RBT6, STM32H523CCT6, STM32H523CCU6, STM32H523CET6, STM32H523CEU6, STM32H523HEY6TR, STM32H523RCT6, STM32H523RET6, STM32H523VCI6, STM32H523VCT6, STM32H523VEI6, STM32H523VET6, STM32H523ZCJ6, STM32H523ZCT6, STM32H523ZEJ6, STM32H523ZET6, STM32H533CET6, STM32H533CEU6, STM32H533HEY6TR, STM32H533RET6, STM32H533VEI6, STM32H533VET6, STM32H533ZEJ6, STM32H533ZET6, STM32H562AGI6, STM32H562AII6, STM32H562IGK6, STM32H562IGT6, STM32H562IIK6, STM32H562IIT6, STM32H562RGT6, STM32H562RGV6, STM32H562RIT6, STM32H562RIV6, STM32H562VGT6, STM32H562VIT6, STM32H562ZGT6, STM32H562ZIT6, STM32H563AGI6, STM32H563AII3Q, STM32H563AII6, STM32H563IGK6, STM32H563IGT6, STM32H563IIK3Q, STM32H563IIK6, STM32H563IIT3Q, STM32H563IIT6, STM32H563MIY3QTR, STM32H563RGT6, STM32H563RGV6, STM32H563RIT6, STM32H563RIV6, STM32H563VGT6, STM32H563VIT3Q, STM32H563VIT6, STM32H563ZGT6, STM32H563ZIT3Q, STM32H563ZIT6, STM32H573AII3Q, STM32H573AII6, STM32H573I-DK, STM32H573IIK3Q, STM32H573IIK6, STM32H573IIT3Q, STM32H573IIT6, STM32H573MIY3QTR, STM32H573RIT6, STM32H573RIV6, STM32H573VIT3Q, STM32H573VIT6, STM32H573ZIT3Q, STM32H573ZIT6, STM32H7R3A8I6, STM32H7R3I8K6, STM32H7R3I8T6, STM32H7R3L8H6, STM32H7R3L8H6H, STM32H7R3R8V6, STM32H7R3V8H6, STM32H7R3V8T6, STM32H7R3V8Y6TR, STM32H7R3Z8J6, STM32H7R3Z8T6, STM32H7R7A8I6, STM32H7R7I8K6, STM32H7R7I8T6, STM32H7R7L8H6, STM32H7R7L8H6H, STM32H7R7Z8J6, STM32H7S3A8I6, STM32H7S3I8K6, STM32H7S3I8T6, STM32H7S3L8H6, STM32H7S3L8H6H, STM32H7S3R8V6, STM32H7S3V8H6, STM32H7S3V8T6, STM32H7S3V8Y6TR, STM32H7S3Z8J6, STM32H7S3Z8T6, STM32H7S78-DK, STM32H7S7A8I6, STM32H7S7I8K6, STM32H7S7I8T6, STM32H7S7L8H6, STM32H7S7L8H6H, STM32H7S7Z8J6, STM32L4R5QGI6STR, STM32MP131AAE3, STM32MP131AAF3, STM32MP131AAG3, STM32MP131CAE3, STM32MP131CAF3, STM32MP131CAG3, STM32MP131DAE7, STM32MP131DAF7, STM32MP131DAG7, STM32MP131FAE7, STM32MP131FAF7, STM32MP131FAG7, STM32MP133AAE3, STM32MP133AAF3, STM32MP133AAG3, STM32MP133CAE3, STM32MP133CAF3, STM32MP133CAG3, STM32MP133DAE7, STM32MP133DAF7, STM32MP133DAG7, STM32MP133FAE7, STM32MP133FAF7, STM32MP133FAG7, STM32MP135AAE3, STM32MP135AAF3, STM32MP135AAG3, STM32MP135CAE3, STM32MP135CAF3, STM32MP135CAG3, STM32MP135DAE7, STM32MP135DAF7, STM32MP135DAG7, STM32MP135F-DK, STM32MP135FAE7, STM32MP135FAF7, STM32MP135FAF7T, STM32MP135FAF7U, STM32MP135FAG7, STM32MP251AAI3, STM32MP251AAK3, STM32MP251AAL3, STM32MP251CAI3, STM32MP251CAK3, STM32MP251CAL3, STM32MP251DAI3, STM32MP251DAK3, STM32MP251DAL3, STM32MP251FAI3, STM32MP251FAK3, STM32MP251FAL3, STM32MP253AAI3, STM32MP253AAK3, STM32MP253AAL3, STM32MP253CAI3, STM32MP253CAK3, STM32MP253CAL3, STM32MP253DAI3, STM32MP253DAK3, STM32MP253DAL3, STM32MP253FAI3, STM32MP253FAK3, STM32MP253FAL3, STM32MP255AAI3, STM32MP255AAK3, STM32MP255AAL3, STM32MP255CAI3, STM32MP255CAK3, STM32MP255CAL3, STM32MP255DAI3, STM32MP255DAK3, STM32MP255DAL3, STM32MP255FAI3, STM32MP255FAK3, STM32MP255FAL3, STM32MP257AAI3, STM32MP257AAK3, STM32MP257AAL3, STM32MP257CAI3, STM32MP257CAK3, STM32MP257CAL3, STM32MP257DAI3, STM32MP257DAK3, STM32MP257DAL3, STM32MP257F-DK, STM32MP257F-EV1, STM32MP257FAI3, STM32MP257FAK3, STM32MP257FAL3, STM32U031C6T6, STM32U031C6U6, STM32U031C8T6, STM32U031C8U6, STM32U031F4P6, STM32U031F6P6, STM32U031F8P6, STM32U031G6Y6TR, STM32U031G8Y6TR, STM32U031K4U6, STM32U031K6U6, STM32U031K8U6, STM32U031R6I6, STM32U031R6T6, STM32U031R8I6, STM32U031R8T6, STM32U073C8T6, STM32U073C8U6, STM32U073CBT6, STM32U073CBU6, STM32U073CCT6, STM32U073CCU6, STM32U073H8Y6TR, STM32U073HBY6TR, STM32U073HCY6TR, STM32U073K8U6, STM32U073KBU6, STM32U073KCU6, STM32U073M8I6, STM32U073M8T6, STM32U073MBI6, STM32U073MBT6, STM32U073MCI6, STM32U073MCT6, STM32U073R8I6, STM32U073R8T6, STM32U073RBI6, STM32U073RBT6, STM32U073RCI6, STM32U073RCT6, STM32U083C-DK, STM32U083CCT6, STM32U083CCU6, STM32U083HCY6TR, STM32U083KCU6, STM32U083MCI6, STM32U083MCT6, STM32U083RCI6, STM32U083RCT6, STM32U535CBT6, STM32U535CBT6Q, STM32U535CBU6, STM32U535CBU6Q, STM32U535CCT6, STM32U535CCT6Q, STM32U535CCU6, STM32U535CCU6Q, STM32U535CET6, STM32U535CET6Q, STM32U535CEU6, STM32U535CEU6Q, STM32U535JEY6QTR, STM32U535NCY6QTR, STM32U535NEY6QTR, STM32U535RBI6, STM32U535RBI6Q, STM32U535RBT6, STM32U535RBT6Q, STM32U535RCI6, STM32U535RCI6Q, STM32U535RCT6, STM32U535RCT6Q, STM32U535REI6, STM32U535REI6Q, STM32U535RET6, STM32U535RET6Q, STM32U535VCI6, STM32U535VCI6Q, STM32U535VCT6, STM32U535VCT6Q, STM32U535VEI6, STM32U535VEI6Q, STM32U535VET6, STM32U535VET6Q, STM32U545CET6, STM32U545CET6Q, STM32U545CEU6, STM32U545CEU6Q, STM32U545JEY6QTR, STM32U545NEY6QTR, STM32U545REI6, STM32U545REI6Q, STM32U545RET6, STM32U545RET6Q, STM32U545VEI6, STM32U545VEI6Q, STM32U545VET6, STM32U545VET6Q, STM32U595AIH6, STM32U595AIH6Q, STM32U595AJH6, STM32U595AJH6Q, STM32U595QII6, STM32U595QII6Q, STM32U595QJI6, STM32U595QJI6Q, STM32U595RIT6, STM32U595RIT6Q, STM32U595RJT6, STM32U595RJT6Q, STM32U595VIT6, STM32U595VIT6Q, STM32U595VJT6, STM32U595VJT6Q, STM32U595ZIT6, STM32U595ZIT6Q, STM32U595ZIY6QTR, STM32U595ZJT6, STM32U595ZJT6Q, STM32U595ZJY6QTR, STM32U599BJY6QTR, STM32U599NIH6Q, STM32U599NJH6Q, STM32U599VIT6Q, STM32U599VJT6, STM32U599VJT6Q, STM32U599ZIT6Q, STM32U599ZIY6QTR, STM32U599ZJT6Q, STM32U599ZJY6QTR, STM32U5A5AJH6, STM32U5A5AJH6Q, STM32U5A5QII3Q , STM32U5A5QJI6, STM32U5A5QJI6Q, STM32U5A5RJT6, STM32U5A5RJT6Q, STM32U5A5VJT6, STM32U5A5VJT6Q, STM32U5A5ZJT6, STM32U5A5ZJT6Q, STM32U5A5ZJY6QTR, STM32U5A9BJY6QTR, STM32U5A9J-DK, STM32U5A9NJH6Q, STM32U5A9VJT6Q, STM32U5A9ZJT6Q, STM32U5A9ZJY6QTR, STM32U5F7VIT6, STM32U5F7VIT6Q, STM32U5F7VJT6, STM32U5F7VJT6Q, STM32U5F9BJY6QTR, STM32U5F9NJH6Q, STM32U5F9VIT6Q, STM32U5F9VJT6Q, STM32U5F9ZIJ6QTR, STM32U5F9ZIT6Q, STM32U5F9ZJJ6QTR, STM32U5F9ZJT6Q, STM32U5G7VJT6, STM32U5G7VJT6Q, STM32U5G9BJY6QTR, STM32U5G9J-DK1, STM32U5G9J-DK2, STM32U5G9NJH6Q, STM32U5G9VJT6Q, STM32U5G9ZJJ6QTR, STM32U5G9ZJT6Q, STM32WB05KZV6TR, STM32WB05KZV7TR, STM32WB05TZF6TR, STM32WB05TZF7TR, STM32WB06CCF6TR, STM32WB06CCF7TR, STM32WB06CCV6TR, STM32WB06CCV7TR, STM32WB06KCV6TR, STM32WB06KCV7TR, STM32WB07CCF6TR, STM32WB07CCF7TR, STM32WB07CCV6TR, STM32WB07CCV7TR, STM32WB07KCV6TR, STM32WB07KCV7TR, STM32WB09KEV6TR, STM32WB09KEV7TR, STM32WB09TEF6TR, STM32WB09TEF7TR, STM32WB1MMCH6, STM32WBA50KGU6, STM32WBA50KGU6TR, STM32WBA52CEU6, STM32WBA52CEU6TR, STM32WBA52CEU7, STM32WBA52CEU7TR, STM32WBA52CGU6, STM32WBA52CGU6TR, STM32WBA52CGU6U, STM32WBA52CGU7, STM32WBA52CGU7TR, STM32WBA52KEU6, STM32WBA52KEU6TR, STM32WBA52KGU6, STM32WBA52KGU6TR, STM32WBA54CEU6, STM32WBA54CEU6TR, STM32WBA54CEU7, STM32WBA54CEU7TR, STM32WBA54CGU6, STM32WBA54CGU6TR, STM32WBA54CGU7, STM32WBA54CGU7TR, STM32WBA54KEU6, STM32WBA54KEU6TR, STM32WBA54KEU7, STM32WBA54KEU7TR, STM32WBA54KGU6, STM32WBA54KGU6TR, STM32WBA54KGU7, STM32WBA54KGU7TR, STM32WBA55CEU6, STM32WBA55CEU6TR, STM32WBA55CEU7, STM32WBA55CEU7TR, STM32WBA55CGU6, STM32WBA55CGU6TR, STM32WBA55CGU6U, STM32WBA55CGU7, STM32WBA55CGU7TR, STM32WBA55G-DK1, STM32WBA55HEF6, STM32WBA55HEF7, STM32WBA55HGF6, STM32WBA55HGF7, STM32WBA55UEI6, STM32WBA55UEI6TR, STM32WBA55UEI7, STM32WBA55UEI7TR, STM32WBA55UGI6, STM32WBA55UGI6TR, STM32WBA55UGI7, STM32WBA55UGI7TR, STM32WL5MOCH6, STM32WL5MOCH6TR]
2026-03-17 19:05:04,768 [INFO] DbMcus:218 - Found 5045 MCUs, 4958 are supported
2026-03-17 19:05:04,770 [INFO] ApiDb:423 - Load user favorites file C:\Users\DELL/.stm32cubeide/favorites.mcus.txt: 0 item(s)
2026-03-17 19:05:04,770 [INFO] ApiDb:427 - User favorites MCUs=[]
2026-03-17 19:05:04,771 [INFO] DbMcus:224 - Set 0 / 0 favorites MCUs
2026-03-17 19:05:05,901 [INFO] BoardInfo:889 - No configuration file found for board B-WBA5M-WPAN
2026-03-17 19:05:05,902 [INFO] DbBoards:161 - Board is not supported: B-WBA5M-WPAN
2026-03-17 19:05:05,910 [INFO] BoardInfo:889 - No configuration file found for board NUCLEO-C051C8
2026-03-17 19:05:05,912 [INFO] DbBoards:161 - Board is not supported: NUCLEO-C051C8
2026-03-17 19:05:05,917 [INFO] BoardInfo:889 - No configuration file found for board NUCLEO-C092RC
2026-03-17 19:05:05,918 [INFO] DbBoards:161 - Board is not supported: NUCLEO-C092RC
2026-03-17 19:05:06,003 [INFO] BoardInfo:889 - No configuration file found for board NUCLEO-H5E5ZJ
2026-03-17 19:05:06,004 [INFO] DbBoards:161 - Board is not supported: NUCLEO-H5E5ZJ
2026-03-17 19:05:06,048 [INFO] BoardInfo:889 - No configuration file found for board NUCLEO-N657X0-Q
2026-03-17 19:05:06,049 [INFO] DbBoards:161 - Board is not supported: NUCLEO-N657X0-Q
2026-03-17 19:05:06,053 [INFO] BoardInfo:889 - No configuration file found for board NUCLEO-U385RG-Q
2026-03-17 19:05:06,054 [INFO] DbBoards:161 - Board is not supported: NUCLEO-U385RG-Q
2026-03-17 19:05:06,055 [INFO] BoardInfo:889 - No configuration file found for board NUCLEO-U3C5ZI-Q
2026-03-17 19:05:06,056 [INFO] DbBoards:161 - Board is not supported: NUCLEO-U3C5ZI-Q
2026-03-17 19:05:06,069 [INFO] BoardInfo:889 - No configuration file found for board NUCLEO-WBA25CE1
2026-03-17 19:05:06,070 [INFO] DbBoards:161 - Board is not supported: NUCLEO-WBA25CE1
2026-03-17 19:05:06,075 [INFO] BoardInfo:889 - No configuration file found for board NUCLEO-WBA65RI
2026-03-17 19:05:06,076 [INFO] DbBoards:161 - Board is not supported: NUCLEO-WBA65RI
2026-03-17 19:05:06,077 [INFO] BoardInfo:889 - No configuration file found for board NUCLEO-WL33CC1
2026-03-17 19:05:06,078 [INFO] DbBoards:161 - Board is not supported: NUCLEO-WL33CC1
2026-03-17 19:05:06,079 [INFO] BoardInfo:889 - No configuration file found for board NUCLEO-WL33CC2
2026-03-17 19:05:06,080 [INFO] DbBoards:161 - Board is not supported: NUCLEO-WL33CC2
2026-03-17 19:05:06,081 [INFO] BoardInfo:889 - No configuration file found for board NUCLEO-WL3RKB1
2026-03-17 19:05:06,082 [INFO] DbBoards:161 - Board is not supported: NUCLEO-WL3RKB1
2026-03-17 19:05:06,083 [INFO] BoardInfo:889 - No configuration file found for board NUCLEO-WL3RKB2
2026-03-17 19:05:06,084 [INFO] DbBoards:161 - Board is not supported: NUCLEO-WL3RKB2
2026-03-17 19:05:06,093 [INFO] BoardInfo:889 - No configuration file found for board P-NUCLEO-WB55
2026-03-17 19:05:06,093 [INFO] DbBoards:161 - Kit is not supported: P-NUCLEO-WB55
2026-03-17 19:05:06,100 [INFO] BoardInfo:889 - No configuration file found for board STEVAL-BFA001V1B
2026-03-17 19:05:06,101 [INFO] DbBoards:161 - Kit is not supported: STEVAL-BFA001V1B
2026-03-17 19:05:06,103 [INFO] BoardInfo:889 - No configuration file found for board STEVAL-BFA001V2B
2026-03-17 19:05:06,103 [INFO] DbBoards:161 - Kit is not supported: STEVAL-BFA001V2B
2026-03-17 19:05:06,220 [INFO] BoardInfo:889 - No configuration file found for board STM32H5F5J-DK
2026-03-17 19:05:06,221 [INFO] DbBoards:161 - Board is not supported: STM32H5F5J-DK
2026-03-17 19:05:06,334 [INFO] BoardInfo:889 - No configuration file found for board STM32MP215F-DK
2026-03-17 19:05:06,334 [INFO] DbBoards:161 - Board is not supported: STM32MP215F-DK
2026-03-17 19:05:06,340 [INFO] BoardInfo:889 - No configuration file found for board STM32N6570-DK
2026-03-17 19:05:06,342 [INFO] DbBoards:161 - Board is not supported: STM32N6570-DK
2026-03-17 19:05:06,366 [INFO] BoardInfo:889 - No configuration file found for board STM32WBA65I-DK1
2026-03-17 19:05:06,367 [INFO] DbBoards:161 - Board is not supported: STM32WBA65I-DK1
2026-03-17 19:05:06,368 [INFO] DbBoards:168 - Found 218 boards, 198 are supported
2026-03-17 19:05:06,368 [INFO] DbBoards:169 - Found 218 boards, 25 of them is supported for  Bsp
2026-03-17 19:05:06,379 [INFO] ApiDb:414 - User favorites file not found: C:\Users\DELL/.stm32cubeide/favorites.boards.txt
2026-03-17 19:05:06,380 [INFO] DbBoards:198 - Set 0 / 0 favorites Boards
2026-03-17 19:05:06,462 [INFO] UtilMem:75 - End LoadConfig() Used Memory: 690638048 Bytes (1073741824)
2026-03-17 19:05:06,908 [WARN] ThirdParty:833 - waiting for thirdparty lock release [change project]
2026-03-17 19:05:06,908 [INFO] ThirdParty:835 - entering critical section [change project]
2026-03-17 19:05:06,908 [INFO] ThirdParty:1030 - CMSIS Pack Vendor :STMicroelectronics X-CUBE-AZRTOS-H7 3.5.0
2026-03-17 19:05:06,908 [INFO] ThirdParty:1030 - CMSIS Pack Vendor :STMicroelectronics X-CUBE-PM33A1 1.0.0
2026-03-17 19:05:06,909 [INFO] ThirdParty:1030 - CMSIS Pack Vendor :STMicroelectronics USBPD 4.1
2026-03-17 19:05:06,909 [INFO] ThirdParty:1030 - CMSIS Pack Vendor :STMicroelectronics X-CUBE-NFC9 1.0.0
2026-03-17 19:05:06,909 [INFO] ThirdParty:1030 - CMSIS Pack Vendor :STMicroelectronics USB_HOST 2.0.0
2026-03-17 19:05:06,909 [INFO] ThirdParty:1030 - CMSIS Pack Vendor :STMicroelectronics X-CUBE-AZRTOS-F4 1.1.0
2026-03-17 19:05:06,909 [INFO] ThirdParty:1030 - CMSIS Pack Vendor :STMicroelectronics LIBJPEG 8.0.0
2026-03-17 19:05:06,909 [INFO] ThirdParty:1030 - CMSIS Pack Vendor :STMicroelectronics FP-ATR-ASTRA1 2.0.2
2026-03-17 19:05:06,909 [INFO] ThirdParty:1030 - CMSIS Pack Vendor :STMicroelectronics X-CUBE-BLE1 7.1.0
2026-03-17 19:05:06,909 [INFO] ThirdParty:1030 - CMSIS Pack Vendor :STMicroelectronics X-CUBE-SMBUS 2.1.0
2026-03-17 19:05:06,909 [INFO] ThirdParty:1030 - CMSIS Pack Vendor :wolfSSL I-CUBE-wolfMQTT 1.19.2
2026-03-17 19:05:06,909 [INFO] ThirdParty:1030 - CMSIS Pack Vendor :STMicroelectronics USB_DEVICE 3.0.0
2026-03-17 19:05:06,910 [INFO] ThirdParty:1030 - CMSIS Pack Vendor :STMicroelectronics X-CUBE-ISPU 2.1.0
2026-03-17 19:05:06,910 [INFO] ThirdParty:1030 - CMSIS Pack Vendor :STMicroelectronics X-CUBE-EEPRMA1 5.2.0
2026-03-17 19:05:06,911 [INFO] ThirdParty:1030 - CMSIS Pack Vendor :STMicroelectronics X-CUBE-AZRTOS-WB 2.0.0
2026-03-17 19:05:06,911 [INFO] ThirdParty:1030 - CMSIS Pack Vendor :wolfSSL I-CUBE-wolfSSL 5.8.4
2026-03-17 19:05:06,911 [INFO] ThirdParty:1030 - CMSIS Pack Vendor :STMicroelectronics X-CUBE-NFC12 1.0.0
2026-03-17 19:05:06,911 [INFO] ThirdParty:1030 - CMSIS Pack Vendor :STMicroelectronics X-CUBE-AZRTOS-F7 1.1.0
2026-03-17 19:05:06,911 [INFO] ThirdParty:1030 - CMSIS Pack Vendor :STMicroelectronics X-CUBE-AZRTOS-L5 2.0.0
2026-03-17 19:05:06,912 [INFO] ThirdParty:1030 - CMSIS Pack Vendor :STMicroelectronics USB_DEVICE 2.0.0
2026-03-17 19:05:06,912 [INFO] ThirdParty:1030 - CMSIS Pack Vendor :quantropi X-CUBE-qispace-sdk-base 2.1.0
2026-03-17 19:05:06,912 [INFO] ThirdParty:1030 - CMSIS Pack Vendor :STMicroelectronics X-CUBE-MEMS1 12.0.0
2026-03-17 19:05:06,912 [INFO] ThirdParty:1030 - CMSIS Pack Vendor :STMicroelectronics X-CUBE-STSE01 2.0.0
2026-03-17 19:05:06,912 [INFO] ThirdParty:1030 - CMSIS Pack Vendor :STMicroelectronics FreeRTOS 0.0.1
2026-03-17 19:05:06,912 [INFO] ThirdParty:1030 - CMSIS Pack Vendor :STMicroelectronics X-CUBE-AZRTOS-G0 1.1.0
2026-03-17 19:05:06,913 [INFO] ThirdParty:1030 - CMSIS Pack Vendor :STMicroelectronics X-CUBE-NFC4 3.0.0
2026-03-17 19:05:06,913 [INFO] ThirdParty:1030 - CMSIS Pack Vendor :STMicroelectronics X-CUBE-SUBG2 5.0.0
2026-03-17 19:05:06,913 [INFO] ThirdParty:1030 - CMSIS Pack Vendor :STMicroelectronics STM32_WPAN 1.0.0
2026-03-17 19:05:06,913 [INFO] ThirdParty:1030 - CMSIS Pack Vendor :EmbeddedOffice I-CUBE-FS-RTOS 1.0.1
2026-03-17 19:05:06,913 [INFO] ThirdParty:1030 - CMSIS Pack Vendor :STMicroelectronics lwIP 2.0.3
2026-03-17 19:05:06,913 [INFO] ThirdParty:1030 - CMSIS Pack Vendor :STMicroelectronics USB_HOST 1.0.0
2026-03-17 19:05:06,913 [INFO] ThirdParty:1030 - CMSIS Pack Vendor :STMicroelectronics X-CUBE-AZRTOS-G4 2.0.0
2026-03-17 19:05:06,914 [INFO] ThirdParty:1030 - CMSIS Pack Vendor :STMicroelectronics X-CUBE-WB05N 2.0.0
2026-03-17 19:05:06,914 [INFO] ThirdParty:1030 - CMSIS Pack Vendor :STMicroelectronics PDM2PCM 3.1.0
2026-03-17 19:05:06,914 [INFO] ThirdParty:1030 - CMSIS Pack Vendor :STMicroelectronics PDM2PCM 3.3.0
2026-03-17 19:05:06,914 [INFO] ThirdParty:1030 - CMSIS Pack Vendor :wolfSSL I-CUBE-wolfTPM 3.8.0
2026-03-17 19:05:06,914 [INFO] ThirdParty:1030 - CMSIS Pack Vendor :STMicroelectronics X-CUBE-DISPLAY 3.0.0
2026-03-17 19:05:06,914 [INFO] ThirdParty:1030 - CMSIS Pack Vendor :wolfSSL I-CUBE-wolfSSH 1.4.20
2026-03-17 19:05:06,914 [INFO] ThirdParty:1030 - CMSIS Pack Vendor :STMicroelectronics X-CUBE-NFC7 2.0.0
2026-03-17 19:05:06,914 [INFO] ThirdParty:1030 - CMSIS Pack Vendor :RealThread X-CUBE-RT-Thread_Nano 4.1.1
2026-03-17 19:05:06,914 [INFO] ThirdParty:1030 - CMSIS Pack Vendor :STMicroelectronics FP-ATR-SIGFOX1 3.2.0
2026-03-17 19:05:06,915 [INFO] ThirdParty:1030 - CMSIS Pack Vendor :STMicroelectronics X-CUBE-NFC10 1.0.0
2026-03-17 19:05:06,915 [INFO] ThirdParty:1030 - CMSIS Pack Vendor :STMicroelectronics HAL Drivers 0.0.0
2026-03-17 19:05:06,915 [INFO] ThirdParty:1030 - CMSIS Pack Vendor :STMicroelectronics MBEDTLS 2.16.2
2026-03-17 19:05:06,915 [INFO] ThirdParty:1030 - CMSIS Pack Vendor :STMicroelectronics X-CUBE-ALS 1.0.2
2026-03-17 19:05:06,915 [INFO] ThirdParty:1030 - CMSIS Pack Vendor :emotas I-CUBE-CANOPEN 1.3.0
2026-03-17 19:05:06,915 [INFO] ThirdParty:1030 - CMSIS Pack Vendor :STMicroelectronics MBEDTLS 2.14.1
2026-03-17 19:05:06,915 [INFO] ThirdParty:1030 - CMSIS Pack Vendor :STMicroelectronics X-CUBE-GNSS1 7.1.0
2026-03-17 19:05:06,915 [INFO] ThirdParty:1030 - CMSIS Pack Vendor :ITTIA_DB I-CUBE-ITTIADB 8.9.0
2026-03-17 19:05:06,916 [INFO] ThirdParty:1030 - CMSIS Pack Vendor :STMicroelectronics X-CUBE-TOUCHGFX 4.26.1
2026-03-17 19:05:06,916 [INFO] ThirdParty:1030 - CMSIS Pack Vendor :STMicroelectronics X-CUBE-NFC6 3.2.0
2026-03-17 19:05:06,916 [INFO] ThirdParty:1030 - CMSIS Pack Vendor :STMicroelectronics X-CUBE-AI 10.2.0
2026-03-17 19:05:06,916 [INFO] ThirdParty:1030 - CMSIS Pack Vendor :STMicroelectronics ThreadX 1.0.0
2026-03-17 19:05:06,916 [INFO] ThirdParty:1030 - CMSIS Pack Vendor :STMicroelectronics FP-SNS-SMARTAG2 1.2.0
2026-03-17 19:05:06,916 [INFO] ThirdParty:1030 - CMSIS Pack Vendor :STMicroelectronics X-CUBE-AZRTOS-WL 2.0.0
2026-03-17 19:05:06,916 [INFO] ThirdParty:1030 - CMSIS Pack Vendor :SEGGER I-CUBE-embOS 1.3.1
2026-03-17 19:05:06,916 [INFO] ThirdParty:1030 - CMSIS Pack Vendor :STMicroelectronics X-CUBE-ALGOBUILD 1.4.0
2026-03-17 19:05:06,916 [INFO] ThirdParty:1030 - CMSIS Pack Vendor :STMicroelectronics X-CUBE-DPower 1.3.0
2026-03-17 19:05:06,917 [INFO] ThirdParty:1030 - CMSIS Pack Vendor :STMicroelectronics USB_DEVICE 1.0.0
2026-03-17 19:05:06,917 [INFO] ThirdParty:1030 - CMSIS Pack Vendor :STMicroelectronics X-CUBE-AZRTOS-H7RS 1.2.0
2026-03-17 19:05:06,917 [INFO] ThirdParty:1030 - CMSIS Pack Vendor :STMicroelectronics X-CUBE-AZRTOS-L4 2.0.0
2026-03-17 19:05:06,917 [INFO] ThirdParty:1030 - CMSIS Pack Vendor :STMicroelectronics ThreadX 0.0.2
2026-03-17 19:05:06,917 [INFO] ThirdParty:1030 - CMSIS Pack Vendor :STMicroelectronics lwIP 2.1.2
2026-03-17 19:05:06,917 [INFO] ThirdParty:1030 - CMSIS Pack Vendor :STMicroelectronics X-CUBE-SFXS2LP1 4.0.0
2026-03-17 19:05:06,917 [INFO] ThirdParty:1030 - CMSIS Pack Vendor :STMicroelectronics X-CUBE-BLE2 3.3.0
2026-03-17 19:05:06,917 [INFO] ThirdParty:1030 - CMSIS Pack Vendor :Infineon AIROC-Wi-Fi-Bluetooth-STM32 1.8.0
2026-03-17 19:05:06,917 [INFO] ThirdParty:1030 - CMSIS Pack Vendor :STMicroelectronics PDM2PCM 3.2.0
2026-03-17 19:05:06,918 [INFO] ThirdParty:841 - exiting critical section [change project]
2026-03-17 19:05:08,193 [INFO] PinOutPanel:1561 - setPackage(No Configuration,No Configuration)
2026-03-17 19:05:08,216 [INFO] PinOutPanel:1561 - setPackage(STM32F103C8Tx,LQFP48)
2026-03-17 19:05:09,564 [INFO] UtilMem:75 - Before build in PCC Used Memory: 809119088 Bytes (1073741824)
2026-03-17 19:05:11,539 [INFO] UtilMem:75 - After build in PCC Used Memory: 918174952 Bytes (1073741824)
2026-03-17 19:05:11,631 [INFO] IPUIPlugin:80 - create IPUIPlugin
2026-03-17 19:05:11,632 [INFO] IPUIPlugin:80 - create IPUIPlugin
2026-03-17 19:05:11,632 [INFO] IPUIPlugin:80 - create IPUIPlugin
2026-03-17 19:05:11,633 [INFO] IPUIPlugin:80 - create IPUIPlugin
2026-03-17 19:05:11,635 [INFO] IPUIPlugin:80 - create IPUIPlugin
2026-03-17 19:05:11,635 [INFO] IPUIPlugin:80 - create IPUIPlugin
2026-03-17 19:05:11,636 [INFO] IPUIPlugin:80 - create IPUIPlugin
2026-03-17 19:05:11,638 [INFO] IPUIPlugin:80 - create IPUIPlugin
2026-03-17 19:05:11,638 [INFO] IPUIPlugin:80 - create IPUIPlugin
2026-03-17 19:05:11,639 [INFO] IPUIPlugin:80 - create IPUIPlugin
2026-03-17 19:05:11,640 [INFO] IPUIPlugin:80 - create IPUIPlugin
2026-03-17 19:05:11,641 [INFO] IPUIPlugin:80 - create IPUIPlugin
2026-03-17 19:05:11,641 [INFO] IPUIPlugin:80 - create IPUIPlugin
2026-03-17 19:05:11,642 [INFO] IPUIPlugin:80 - create IPUIPlugin
2026-03-17 19:05:11,643 [INFO] IPUIPlugin:80 - create IPUIPlugin
2026-03-17 19:05:11,644 [INFO] IPUIPlugin:80 - create IPUIPlugin
2026-03-17 19:05:11,644 [INFO] IPUIPlugin:80 - create IPUIPlugin
2026-03-17 19:05:11,645 [INFO] IPUIPlugin:80 - create IPUIPlugin
2026-03-17 19:05:11,646 [INFO] IPUIPlugin:80 - create IPUIPlugin
2026-03-17 19:05:11,646 [INFO] IPUIPlugin:80 - create IPUIPlugin
2026-03-17 19:05:11,647 [INFO] IPUIPlugin:80 - create IPUIPlugin
2026-03-17 19:05:11,648 [INFO] IPUIPlugin:80 - create IPUIPlugin
2026-03-17 19:05:11,649 [INFO] IPUIPlugin:80 - create IPUIPlugin
2026-03-17 19:05:11,650 [INFO] IPUIPlugin:80 - create IPUIPlugin
2026-03-17 19:05:11,651 [INFO] IPUIPlugin:80 - create IPUIPlugin
2026-03-17 19:05:11,652 [INFO] IPUIPlugin:80 - create IPUIPlugin
2026-03-17 19:05:11,652 [INFO] IPUIPlugin:80 - create IPUIPlugin
2026-03-17 19:05:11,694 [WARN] IP:2191 - I2C_Coeff_DF not found: check if there is a RefParameter without a condition.
2026-03-17 19:05:11,694 [WARN] IP:2191 - Analog_Filter not found: check if there is a RefParameter without a condition.
2026-03-17 19:05:12,475 [INFO] CADModel:165 - CPN selected for project levelSTM32F103C8T6
2026-03-17 19:05:12,476 [INFO] CADModel:114 - Register for checkConnection events
2026-03-17 19:05:12,520 [INFO] OpenFileManager:363 - Restore cursor
2026-03-17 19:05:12,866 [WARN] IP:2191 - I2C_Coeff_DF not found: check if there is a RefParameter without a condition.
2026-03-17 19:05:12,867 [WARN] IP:2191 - Analog_Filter not found: check if there is a RefParameter without a condition.
2026-03-17 19:05:12,867 [WARN] IP:2191 - I2C_Coeff_DF not found: check if there is a RefParameter without a condition.
2026-03-17 19:05:12,868 [WARN] IP:2191 - Analog_Filter not found: check if there is a RefParameter without a condition.
2026-03-17 19:16:44,864 [INFO] WebApp:189 - Connection lost
2026-03-17 19:16:45,997 [INFO] WebApp:186 - Connection restablished
2026-03-17 19:40:32,456 [INFO] WebApp:189 - Connection lost
2026-03-17 19:40:33,339 [INFO] WebApp:186 - Connection restablished
2026-03-17 19:43:40,656 [INFO] WebApp:189 - Connection lost
2026-03-17 19:43:41,715 [INFO] WebApp:186 - Connection restablished
2026-03-17 19:44:37,231 [INFO] WebApp:189 - Connection lost
2026-03-17 19:44:37,882 [INFO] WebApp:186 - Connection restablished
2026-03-17 19:47:45,666 [INFO] WebApp:189 - Connection lost
2026-03-17 19:47:46,470 [INFO] WebApp:186 - Connection restablished
2026-03-17 19:48:10,058 [INFO] MainUpdater:2873 - connection check result : 10
2026-03-17 19:48:10,723 [INFO] McuFinderGlobals:76 - Set McuFinderConnectedMode to true
2026-03-17 19:48:10,740 [INFO] MultiScanPanel:200 - Auto-refresh data requested => check proxy status ongoing
2026-03-17 19:48:10,757 [INFO] FinderPluginLoader:95 - Searching for filters in installed packs
2026-03-17 19:48:14,923 [INFO] ServerAccessManage:473 - Download File 
2026-03-17 19:48:15,098 [INFO] LoadUrlFilesThread:185 - End of LoadServerUrlFiles without Thread
2026-03-17 19:48:15,214 [INFO] DetailPanel:341 - Set advertising image to E:\STM32Cube\Repository\en.prom-stm32c5-0326.jpg
2026-03-17 19:50:11,680 [INFO] WebApp:189 - Connection lost
2026-03-17 19:50:12,353 [INFO] WebApp:186 - Connection restablished
2026-03-17 19:51:32,574 [INFO] MainUpdater:2873 - connection check result : 10
2026-03-17 19:51:32,574 [INFO] MainUpdater:2873 - connection check result : 10
2026-03-17 19:51:32,924 [INFO] MicroXplorer:468 - Change Database Path : 
2026-03-17 19:51:32,925 [INFO] MicroXplorer:498 - Change Database Version : DB.6.0.121
2026-03-17 19:51:33,027 [ERROR] ProjectManagerView:394 - 
java.lang.NullPointerException: Cannot invoke "javax.swing.JTextField.getText()" because the return value of "java.util.List.get(int)" is null
	at com.st.microxplorer.plugins.projectmanager.gui.ProjectChoiceTab$10.caretUpdate(ProjectChoiceTab.java:2622) ~[filemanager.jar:?]
	at javax.swing.text.JTextComponent.fireCaretUpdate(JTextComponent.java:412) ~[?:?]
	at javax.swing.text.JTextComponent$MutableCaretEvent.fire(JTextComponent.java:4491) ~[?:?]
	at javax.swing.text.JTextComponent$MutableCaretEvent.stateChanged(JTextComponent.java:4513) ~[?:?]
	at javax.swing.text.DefaultCaret.fireStateChanged(DefaultCaret.java:842) ~[?:?]
	at javax.swing.text.DefaultCaret.changeCaretPosition(DefaultCaret.java:1313) ~[?:?]
	at javax.swing.text.DefaultCaret.handleSetDot(DefaultCaret.java:1212) ~[?:?]
	at javax.swing.text.DefaultCaret.setDot(DefaultCaret.java:1193) ~[?:?]
	at javax.swing.text.DefaultCaret$Handler.insertUpdate(DefaultCaret.java:1789) ~[?:?]
	at javax.swing.text.AbstractDocument.fireInsertUpdate(AbstractDocument.java:226) ~[?:?]
	at javax.swing.text.AbstractDocument.handleInsertString(AbstractDocument.java:780) ~[?:?]
	at javax.swing.text.AbstractDocument.insertString(AbstractDocument.java:739) ~[?:?]
	at javax.swing.text.PlainDocument.insertString(PlainDocument.java:131) ~[?:?]
	at javax.swing.text.AbstractDocument.replace(AbstractDocument.java:698) ~[?:?]
	at javax.swing.text.JTextComponent.setText(JTextComponent.java:1729) ~[?:?]
	at com.st.microxplorer.plugins.projectmanager.gui.ProjectChoiceTab.createHeapStackFields(ProjectChoiceTab.java:972) ~[filemanager.jar:?]
	at com.st.microxplorer.plugins.projectmanager.gui.ProjectChoiceTab.buildLinkSettingsPanel(ProjectChoiceTab.java:3597) ~[filemanager.jar:?]
	at com.st.microxplorer.plugins.projectmanager.gui.ProjectChoiceTab.defineWindowsFields(ProjectChoiceTab.java:1940) ~[filemanager.jar:?]
	at com.st.microxplorer.plugins.projectmanager.gui.ProjectChoiceTab.updateSettings(ProjectChoiceTab.java:550) ~[filemanager.jar:?]
	at com.st.microxplorer.plugins.projectmanager.gui.ProjectSettingsPanel.UpdateDialog(ProjectSettingsPanel.java:245) ~[filemanager.jar:?]
	at com.st.microxplorer.plugins.projectmanager.ProjectManagerView.propertyChange(ProjectManagerView.java:391) ~[filemanager.jar:?]
	at java.beans.PropertyChangeSupport.fire(PropertyChangeSupport.java:343) ~[?:?]
	at java.beans.PropertyChangeSupport.firePropertyChange(PropertyChangeSupport.java:335) ~[?:?]
	at java.beans.PropertyChangeSupport.firePropertyChange(PropertyChangeSupport.java:268) ~[?:?]
	at com.st.microxplorer.util.MXPropertyChangeSupport.firePropertyChange(MXPropertyChangeSupport.java:54) ~[STM32CubeMX.jar:?]
	at com.st.microxplorer.mxsystem.MxSystem.closeConfig(MxSystem.java:900) ~[STM32CubeMX.jar:?]
	at com.st.microxplorer.maingui.MainPanel.closeConfig(MainPanel.java:781) ~[STM32CubeMX.jar:?]
	at com.st.microxplorer.plugins.filemanager.engine.OpenFileManager.loadConfigurationFile(OpenFileManager.java:265) ~[filemanager.jar:?]
	at com.st.microxplorer.plugins.filemanager.engine.MainFileManager.userLoadConfig(MainFileManager.java:352) ~[filemanager.jar:?]
	at com.st.microxplorer.plugins.filemanager.engine.MainFileManager.userLoadConfig(MainFileManager.java:330) ~[filemanager.jar:?]
	at com.st.microxplorer.plugins.filemanager.FileManagerView.getSpecificTask(FileManagerView.java:246) ~[filemanager.jar:?]
	at com.st.stm32cube.common.mx.editor.CubeMxEditor.getMxTabbedPaneInstance(CubeMxEditor.java:1198) ~[com.st.stm32cube.common.mx_6.12.1.202409122256/:?]
	at com.st.stm32cube.common.mx.editor.CubeMxEditor$12$1.createSwingComponent(CubeMxEditor.java:1068) ~[com.st.stm32cube.common.mx_6.12.1.202409122256/:?]
	at com.st.stm32cube.common.mx.oss.core.awtswtbridge.EmbeddedSwingComposite.doComponentCreation(EmbeddedSwingComposite.java:492) ~[com.st.stm32cube.common.mx.oss_6.12.1.202409122256/:?]
	at com.st.stm32cube.common.mx.oss.core.awtswtbridge.EmbeddedSwingComposite$4.run(EmbeddedSwingComposite.java:291) ~[com.st.stm32cube.common.mx.oss_6.12.1.202409122256/:?]
	at com.st.stm32cube.common.mx.oss.core.awtswtbridge.AwtEnvironment$2.run(AwtEnvironment.java:166) ~[com.st.stm32cube.common.mx.oss_6.12.1.202409122256/:?]
	at java.awt.event.InvocationEvent.dispatch(InvocationEvent.java:318) ~[?:?]
	at java.awt.EventQueue.dispatchEventImpl(EventQueue.java:773) ~[?:?]
	at java.awt.EventQueue$4.run(EventQueue.java:720) ~[?:?]
	at java.awt.EventQueue$4.run(EventQueue.java:714) ~[?:?]
	at java.security.AccessController.doPrivileged(AccessController.java:399) ~[?:?]
	at java.security.ProtectionDomain$JavaSecurityAccessImpl.doIntersectionPrivilege(ProtectionDomain.java:86) ~[?:?]
	at java.awt.EventQueue.dispatchEvent(EventQueue.java:742) ~[?:?]
	at java.awt.EventDispatchThread.pumpOneEventForFilters(EventDispatchThread.java:203) ~[?:?]
	at java.awt.EventDispatchThread.pumpEventsForFilter(EventDispatchThread.java:124) ~[?:?]
	at java.awt.EventDispatchThread.pumpEventsForHierarchy(EventDispatchThread.java:113) ~[?:?]
	at java.awt.EventDispatchThread.pumpEvents(EventDispatchThread.java:109) ~[?:?]
	at java.awt.EventDispatchThread.pumpEvents(EventDispatchThread.java:101) ~[?:?]
	at java.awt.EventDispatchThread.run(EventDispatchThread.java:90) ~[?:?]
2026-03-17 19:51:33,125 [WARN] ThirdParty:871 - waiting for thirdparty lock release [close project]
2026-03-17 19:51:33,125 [INFO] ThirdParty:873 - entering critical section [close project]
2026-03-17 19:51:33,125 [INFO] ThirdParty:883 - exiting critical section [close project]
2026-03-17 19:51:33,128 [INFO] PinOutPanel:1561 - setPackage(No Configuration,No Configuration)
2026-03-17 19:51:33,169 [INFO] UtilMem:75 - Begin LoadConfig() Used Memory: 816117760 Bytes (1073741824)
2026-03-17 19:51:33,170 [INFO] MicroXplorer:468 - Change Database Path : 
2026-03-17 19:51:33,170 [INFO] MicroXplorer:498 - Change Database Version : DB.6.0.121
2026-03-17 19:51:33,171 [INFO] OpenFileManager:332 - Change cursor
2026-03-17 19:51:33,363 [INFO] Mcu:2032 - Initializing MCU STM32F103C8Tx STM32F103C8Tx STM32F103C8T6
2026-03-17 19:51:34,759 [INFO] Context:742 - Trying to add GPIOservice into a context  which must be forbidden
2026-03-17 19:51:35,045 [INFO] ImportTextPane:205 - (OptionalMessage_ERROR) Unable to find key (Mcu.ThirdPartyNb) in loaded IOC file
2026-03-17 19:51:35,046 [INFO] ImportTextPane:205 - (OptionalMessage_ERROR) Unable to find key (Mcu.PinsNb) in loaded IOC file
2026-03-17 19:51:35,047 [INFO] ImportTextPane:205 - (OptionalMessage_ERROR) Unable to find key (Mcu.IPNb) in loaded IOC file
2026-03-17 19:51:35,130 [INFO] RtosManager:555 - Registered RTOS mode: class=CMSIS, group=RTOS, mode=CMSIS_V1, owner=FREERTOS
2026-03-17 19:51:35,131 [INFO] RtosManager:555 - Registered RTOS mode: class=CMSIS, group=RTOS2, mode=CMSIS_V2, owner=FREERTOS
2026-03-17 19:51:35,131 [INFO] RtosManager:555 - Registered RTOS mode: class=RTOS, group=Core, mode=CMSIS_V1, owner=FREERTOS
2026-03-17 19:51:35,131 [INFO] RtosManager:555 - Registered RTOS mode: class=RTOS, group=Core, mode=CMSIS_V2, owner=FREERTOS
2026-03-17 19:51:35,131 [WARN] ModelIntegratedComponent:184 - Missing modes for component STMicroelectronics:FreeRTOS:0.0.1:STMicroelectronics:RTOS:FreeRTOS:Core:::10.2.0:
2026-03-17 19:51:35,143 [WARN] ModelIntegratedComponent:63 - No mode defined for component null
2026-03-17 19:51:35,143 [WARN] ModelIntegratedComponent:63 - No mode defined for component null
2026-03-17 19:51:35,143 [WARN] ModelIntegratedComponent:63 - No mode defined for component null
2026-03-17 19:51:35,144 [WARN] ModelIntegratedComponent:63 - No mode defined for component null
2026-03-17 19:51:35,144 [WARN] ModelIntegratedComponent:63 - No mode defined for component null
2026-03-17 19:51:35,144 [WARN] ModelIntegratedComponent:63 - No mode defined for component null
2026-03-17 19:51:35,144 [WARN] ModelIntegratedComponent:63 - No mode defined for component null
2026-03-17 19:51:35,144 [WARN] ModelIntegratedComponent:63 - No mode defined for component null
2026-03-17 19:51:35,144 [WARN] ModelIntegratedComponent:63 - No mode defined for component null
2026-03-17 19:51:35,144 [WARN] ModelIntegratedComponent:63 - No mode defined for component null
2026-03-17 19:51:35,144 [WARN] ModelIntegratedComponent:63 - No mode defined for component null
2026-03-17 19:51:35,144 [WARN] ModelIntegratedComponent:63 - No mode defined for component null
2026-03-17 19:51:35,145 [WARN] ModelIntegratedComponent:63 - No mode defined for component null
2026-03-17 19:51:35,145 [WARN] ModelIntegratedComponent:63 - No mode defined for component null
2026-03-17 19:51:35,145 [WARN] ModelIntegratedComponent:63 - No mode defined for component null
2026-03-17 19:51:35,159 [WARN] ModelIntegratedComponent:63 - No mode defined for component null
2026-03-17 19:51:35,159 [WARN] ModelIntegratedComponent:63 - No mode defined for component null
2026-03-17 19:51:35,159 [WARN] ModelIntegratedComponent:63 - No mode defined for component null
2026-03-17 19:51:35,159 [WARN] ModelIntegratedComponent:63 - No mode defined for component null
2026-03-17 19:51:35,160 [WARN] ModelIntegratedComponent:63 - No mode defined for component null
2026-03-17 19:51:35,160 [WARN] ModelIntegratedComponent:63 - No mode defined for component null
2026-03-17 19:51:35,160 [WARN] ModelIntegratedComponent:63 - No mode defined for component null
2026-03-17 19:51:35,160 [WARN] ModelIntegratedComponent:63 - No mode defined for component null
2026-03-17 19:51:35,160 [WARN] ModelIntegratedComponent:63 - No mode defined for component null
2026-03-17 19:51:35,160 [WARN] ModelIntegratedComponent:63 - No mode defined for component null
2026-03-17 19:51:35,160 [WARN] ModelIntegratedComponent:63 - No mode defined for component null
2026-03-17 19:51:35,160 [WARN] ModelIntegratedComponent:63 - No mode defined for component null
2026-03-17 19:51:35,161 [WARN] ModelIntegratedComponent:63 - No mode defined for component null
2026-03-17 19:51:35,161 [WARN] ModelIntegratedComponent:63 - No mode defined for component null
2026-03-17 19:51:35,161 [WARN] ModelIntegratedComponent:63 - No mode defined for component null
2026-03-17 19:51:35,161 [WARN] ModelIntegratedComponent:63 - No mode defined for component null
2026-03-17 19:51:35,161 [WARN] ModelIntegratedComponent:63 - No mode defined for component null
2026-03-17 19:51:35,161 [WARN] ModelIntegratedComponent:63 - No mode defined for component null
2026-03-17 19:51:35,161 [WARN] ModelIntegratedComponent:63 - No mode defined for component null
2026-03-17 19:51:35,161 [WARN] ModelIntegratedComponent:63 - No mode defined for component null
2026-03-17 19:51:35,162 [WARN] ModelPack:524 - Component already loaded: STMicroelectronics:HAL Drivers:0.0.0:STMicroelectronics:Device:STMicro_Driver:XSPI:HAL::0.0.1:HAL_XSPI
2026-03-17 19:51:35,189 [INFO] ThirdPartyModel:298 - Start build external matchings
2026-03-17 19:51:35,421 [INFO] ThirdPartyModel:316 - End build external matchings
2026-03-17 19:51:35,836 [INFO] UtilMem:75 - End LoadConfig() Used Memory: 789790384 Bytes (1073741824)
2026-03-17 19:51:35,888 [WARN] ThirdParty:833 - waiting for thirdparty lock release [change project]
2026-03-17 19:51:35,889 [INFO] ThirdParty:835 - entering critical section [change project]
2026-03-17 19:51:35,889 [INFO] ThirdParty:1030 - CMSIS Pack Vendor :STMicroelectronics X-CUBE-AZRTOS-H7 3.5.0
2026-03-17 19:51:35,890 [INFO] ThirdParty:1030 - CMSIS Pack Vendor :STMicroelectronics X-CUBE-PM33A1 1.0.0
2026-03-17 19:51:35,890 [INFO] ThirdParty:1030 - CMSIS Pack Vendor :STMicroelectronics USBPD 4.1
2026-03-17 19:51:35,890 [INFO] ThirdParty:1030 - CMSIS Pack Vendor :STMicroelectronics X-CUBE-NFC9 1.0.0
2026-03-17 19:51:35,890 [INFO] ThirdParty:1030 - CMSIS Pack Vendor :STMicroelectronics USB_HOST 2.0.0
2026-03-17 19:51:35,890 [INFO] ThirdParty:1030 - CMSIS Pack Vendor :STMicroelectronics X-CUBE-AZRTOS-F4 1.1.0
2026-03-17 19:51:35,890 [INFO] ThirdParty:1030 - CMSIS Pack Vendor :STMicroelectronics LIBJPEG 8.0.0
2026-03-17 19:51:35,890 [INFO] ThirdParty:1030 - CMSIS Pack Vendor :STMicroelectronics FP-ATR-ASTRA1 2.0.2
2026-03-17 19:51:35,890 [INFO] ThirdParty:1030 - CMSIS Pack Vendor :STMicroelectronics X-CUBE-BLE1 7.1.0
2026-03-17 19:51:35,891 [INFO] ThirdParty:1030 - CMSIS Pack Vendor :STMicroelectronics X-CUBE-SMBUS 2.1.0
2026-03-17 19:51:35,891 [INFO] ThirdParty:1030 - CMSIS Pack Vendor :wolfSSL I-CUBE-wolfMQTT 1.19.2
2026-03-17 19:51:35,891 [INFO] ThirdParty:1030 - CMSIS Pack Vendor :STMicroelectronics USB_DEVICE 3.0.0
2026-03-17 19:51:35,891 [INFO] ThirdParty:1030 - CMSIS Pack Vendor :STMicroelectronics X-CUBE-ISPU 2.1.0
2026-03-17 19:51:35,891 [INFO] ThirdParty:1030 - CMSIS Pack Vendor :STMicroelectronics X-CUBE-EEPRMA1 5.2.0
2026-03-17 19:51:35,891 [INFO] ThirdParty:1030 - CMSIS Pack Vendor :STMicroelectronics X-CUBE-AZRTOS-WB 2.0.0
2026-03-17 19:51:35,891 [INFO] ThirdParty:1030 - CMSIS Pack Vendor :wolfSSL I-CUBE-wolfSSL 5.8.4
2026-03-17 19:51:35,891 [INFO] ThirdParty:1030 - CMSIS Pack Vendor :STMicroelectronics X-CUBE-NFC12 1.0.0
2026-03-17 19:51:35,891 [INFO] ThirdParty:1030 - CMSIS Pack Vendor :STMicroelectronics X-CUBE-AZRTOS-F7 1.1.0
2026-03-17 19:51:35,892 [INFO] ThirdParty:1030 - CMSIS Pack Vendor :STMicroelectronics X-CUBE-AZRTOS-L5 2.0.0
2026-03-17 19:51:35,892 [INFO] ThirdParty:1030 - CMSIS Pack Vendor :STMicroelectronics USB_DEVICE 2.0.0
2026-03-17 19:51:35,892 [INFO] ThirdParty:1030 - CMSIS Pack Vendor :quantropi X-CUBE-qispace-sdk-base 2.1.0
2026-03-17 19:51:35,892 [INFO] ThirdParty:1030 - CMSIS Pack Vendor :STMicroelectronics X-CUBE-MEMS1 12.0.0
2026-03-17 19:51:35,892 [INFO] ThirdParty:1030 - CMSIS Pack Vendor :STMicroelectronics X-CUBE-STSE01 2.0.0
2026-03-17 19:51:35,892 [INFO] ThirdParty:1030 - CMSIS Pack Vendor :STMicroelectronics FreeRTOS 0.0.1
2026-03-17 19:51:35,892 [INFO] ThirdParty:1030 - CMSIS Pack Vendor :STMicroelectronics X-CUBE-AZRTOS-G0 1.1.0
2026-03-17 19:51:35,892 [INFO] ThirdParty:1030 - CMSIS Pack Vendor :STMicroelectronics X-CUBE-NFC4 3.0.0
2026-03-17 19:51:35,892 [INFO] ThirdParty:1030 - CMSIS Pack Vendor :STMicroelectronics X-CUBE-SUBG2 5.0.0
2026-03-17 19:51:35,893 [INFO] ThirdParty:1030 - CMSIS Pack Vendor :STMicroelectronics STM32_WPAN 1.0.0
2026-03-17 19:51:35,893 [INFO] ThirdParty:1030 - CMSIS Pack Vendor :EmbeddedOffice I-CUBE-FS-RTOS 1.0.1
2026-03-17 19:51:35,893 [INFO] ThirdParty:1030 - CMSIS Pack Vendor :STMicroelectronics lwIP 2.0.3
2026-03-17 19:51:35,893 [INFO] ThirdParty:1030 - CMSIS Pack Vendor :STMicroelectronics USB_HOST 1.0.0
2026-03-17 19:51:35,893 [INFO] ThirdParty:1030 - CMSIS Pack Vendor :STMicroelectronics X-CUBE-AZRTOS-G4 2.0.0
2026-03-17 19:51:35,893 [INFO] ThirdParty:1030 - CMSIS Pack Vendor :STMicroelectronics X-CUBE-WB05N 2.0.0
2026-03-17 19:51:35,893 [INFO] ThirdParty:1030 - CMSIS Pack Vendor :STMicroelectronics PDM2PCM 3.1.0
2026-03-17 19:51:35,893 [INFO] ThirdParty:1030 - CMSIS Pack Vendor :STMicroelectronics PDM2PCM 3.3.0
2026-03-17 19:51:35,893 [INFO] ThirdParty:1030 - CMSIS Pack Vendor :wolfSSL I-CUBE-wolfTPM 3.8.0
2026-03-17 19:51:35,893 [INFO] ThirdParty:1030 - CMSIS Pack Vendor :STMicroelectronics X-CUBE-DISPLAY 3.0.0
2026-03-17 19:51:35,894 [INFO] ThirdParty:1030 - CMSIS Pack Vendor :wolfSSL I-CUBE-wolfSSH 1.4.20
2026-03-17 19:51:35,894 [INFO] ThirdParty:1030 - CMSIS Pack Vendor :STMicroelectronics X-CUBE-NFC7 2.0.0
2026-03-17 19:51:35,894 [INFO] ThirdParty:1030 - CMSIS Pack Vendor :RealThread X-CUBE-RT-Thread_Nano 4.1.1
2026-03-17 19:51:35,894 [INFO] ThirdParty:1030 - CMSIS Pack Vendor :STMicroelectronics FP-ATR-SIGFOX1 3.2.0
2026-03-17 19:51:35,895 [INFO] ThirdParty:1030 - CMSIS Pack Vendor :STMicroelectronics X-CUBE-NFC10 1.0.0
2026-03-17 19:51:35,895 [INFO] ThirdParty:1030 - CMSIS Pack Vendor :STMicroelectronics HAL Drivers 0.0.0
2026-03-17 19:51:35,895 [INFO] ThirdParty:1030 - CMSIS Pack Vendor :STMicroelectronics MBEDTLS 2.16.2
2026-03-17 19:51:35,895 [INFO] ThirdParty:1030 - CMSIS Pack Vendor :STMicroelectronics X-CUBE-ALS 1.0.2
2026-03-17 19:51:35,895 [INFO] ThirdParty:1030 - CMSIS Pack Vendor :emotas I-CUBE-CANOPEN 1.3.0
2026-03-17 19:51:35,895 [INFO] ThirdParty:1030 - CMSIS Pack Vendor :STMicroelectronics MBEDTLS 2.14.1
2026-03-17 19:51:35,895 [INFO] ThirdParty:1030 - CMSIS Pack Vendor :STMicroelectronics X-CUBE-GNSS1 7.1.0
2026-03-17 19:51:35,896 [INFO] ThirdParty:1030 - CMSIS Pack Vendor :ITTIA_DB I-CUBE-ITTIADB 8.9.0
2026-03-17 19:51:35,896 [INFO] ThirdParty:1030 - CMSIS Pack Vendor :STMicroelectronics X-CUBE-TOUCHGFX 4.26.1
2026-03-17 19:51:35,896 [INFO] ThirdParty:1030 - CMSIS Pack Vendor :STMicroelectronics X-CUBE-NFC6 3.2.0
2026-03-17 19:51:35,897 [INFO] ThirdParty:1030 - CMSIS Pack Vendor :STMicroelectronics X-CUBE-AI 10.2.0
2026-03-17 19:51:35,897 [INFO] ThirdParty:1030 - CMSIS Pack Vendor :STMicroelectronics ThreadX 1.0.0
2026-03-17 19:51:35,897 [INFO] ThirdParty:1030 - CMSIS Pack Vendor :STMicroelectronics FP-SNS-SMARTAG2 1.2.0
2026-03-17 19:51:35,897 [INFO] ThirdParty:1030 - CMSIS Pack Vendor :STMicroelectronics X-CUBE-AZRTOS-WL 2.0.0
2026-03-17 19:51:35,897 [INFO] ThirdParty:1030 - CMSIS Pack Vendor :SEGGER I-CUBE-embOS 1.3.1
2026-03-17 19:51:35,898 [INFO] ThirdParty:1030 - CMSIS Pack Vendor :STMicroelectronics X-CUBE-ALGOBUILD 1.4.0
2026-03-17 19:51:35,898 [INFO] ThirdParty:1030 - CMSIS Pack Vendor :STMicroelectronics X-CUBE-DPower 1.3.0
2026-03-17 19:51:35,898 [INFO] ThirdParty:1030 - CMSIS Pack Vendor :STMicroelectronics USB_DEVICE 1.0.0
2026-03-17 19:51:35,898 [INFO] ThirdParty:1030 - CMSIS Pack Vendor :STMicroelectronics X-CUBE-AZRTOS-H7RS 1.2.0
2026-03-17 19:51:35,898 [INFO] ThirdParty:1030 - CMSIS Pack Vendor :STMicroelectronics X-CUBE-AZRTOS-L4 2.0.0
2026-03-17 19:51:35,898 [INFO] ThirdParty:1030 - CMSIS Pack Vendor :STMicroelectronics ThreadX 0.0.2
2026-03-17 19:51:35,899 [INFO] ThirdParty:1030 - CMSIS Pack Vendor :STMicroelectronics lwIP 2.1.2
2026-03-17 19:51:35,899 [INFO] ThirdParty:1030 - CMSIS Pack Vendor :STMicroelectronics X-CUBE-SFXS2LP1 4.0.0
2026-03-17 19:51:35,899 [INFO] ThirdParty:1030 - CMSIS Pack Vendor :STMicroelectronics X-CUBE-BLE2 3.3.0
2026-03-17 19:51:35,899 [INFO] ThirdParty:1030 - CMSIS Pack Vendor :Infineon AIROC-Wi-Fi-Bluetooth-STM32 1.8.0
2026-03-17 19:51:35,899 [INFO] ThirdParty:1030 - CMSIS Pack Vendor :STMicroelectronics PDM2PCM 3.2.0
2026-03-17 19:51:35,900 [INFO] ThirdParty:841 - exiting critical section [change project]
2026-03-17 19:51:36,352 [INFO] PinOutPanel:1561 - setPackage(No Configuration,No Configuration)
2026-03-17 19:51:36,356 [INFO] PinOutPanel:1561 - setPackage(STM32F103C8Tx,LQFP48)
2026-03-17 19:51:36,764 [INFO] UtilMem:75 - Before build in PCC Used Memory: 871131448 Bytes (1073741824)
2026-03-17 19:51:37,332 [INFO] UtilMem:75 - After build in PCC Used Memory: 913074488 Bytes (1073741824)
2026-03-17 19:51:37,397 [INFO] IPUIPlugin:80 - create IPUIPlugin
2026-03-17 19:51:37,398 [INFO] IPUIPlugin:80 - create IPUIPlugin
2026-03-17 19:51:37,398 [INFO] IPUIPlugin:80 - create IPUIPlugin
2026-03-17 19:51:37,400 [INFO] IPUIPlugin:80 - create IPUIPlugin
2026-03-17 19:51:37,400 [INFO] IPUIPlugin:80 - create IPUIPlugin
2026-03-17 19:51:37,402 [INFO] IPUIPlugin:80 - create IPUIPlugin
2026-03-17 19:51:37,402 [INFO] IPUIPlugin:80 - create IPUIPlugin
2026-03-17 19:51:37,403 [INFO] IPUIPlugin:80 - create IPUIPlugin
2026-03-17 19:51:37,404 [INFO] IPUIPlugin:80 - create IPUIPlugin
2026-03-17 19:51:37,405 [INFO] IPUIPlugin:80 - create IPUIPlugin
2026-03-17 19:51:37,406 [INFO] IPUIPlugin:80 - create IPUIPlugin
2026-03-17 19:51:37,407 [INFO] IPUIPlugin:80 - create IPUIPlugin
2026-03-17 19:51:37,408 [INFO] IPUIPlugin:80 - create IPUIPlugin
2026-03-17 19:51:37,409 [INFO] IPUIPlugin:80 - create IPUIPlugin
2026-03-17 19:51:37,410 [INFO] IPUIPlugin:80 - create IPUIPlugin
2026-03-17 19:51:37,411 [INFO] IPUIPlugin:80 - create IPUIPlugin
2026-03-17 19:51:37,412 [INFO] IPUIPlugin:80 - create IPUIPlugin
2026-03-17 19:51:37,413 [INFO] IPUIPlugin:80 - create IPUIPlugin
2026-03-17 19:51:37,414 [INFO] IPUIPlugin:80 - create IPUIPlugin
2026-03-17 19:51:37,414 [INFO] IPUIPlugin:80 - create IPUIPlugin
2026-03-17 19:51:37,415 [INFO] IPUIPlugin:80 - create IPUIPlugin
2026-03-17 19:51:37,415 [INFO] IPUIPlugin:80 - create IPUIPlugin
2026-03-17 19:51:37,416 [INFO] IPUIPlugin:80 - create IPUIPlugin
2026-03-17 19:51:37,416 [INFO] IPUIPlugin:80 - create IPUIPlugin
2026-03-17 19:51:37,416 [INFO] IPUIPlugin:80 - create IPUIPlugin
2026-03-17 19:51:37,417 [INFO] IPUIPlugin:80 - create IPUIPlugin
2026-03-17 19:51:37,418 [INFO] IPUIPlugin:80 - create IPUIPlugin
2026-03-17 19:51:37,504 [INFO] CADModel:165 - CPN selected for project levelSTM32F103C8T6
2026-03-17 19:51:37,504 [INFO] CADModel:114 - Register for checkConnection events
2026-03-17 19:51:37,578 [INFO] OpenFileManager:363 - Restore cursor
2026-03-17 19:51:38,538 [INFO] UtilMem:75 - End SaveConfig() Used Memory: 711681992 Bytes (1073741824)
2026-03-17 19:51:38,661 [INFO] UtilMem:75 - End SaveConfig() Used Memory: 723216328 Bytes (1073741824)
2026-03-17 19:51:39,594 [INFO] BlockDiagram:2766 - set Specific Code input for plugin: NVIC
2026-03-17 19:51:39,594 [INFO] BlockDiagram:2766 - set Specific Code input for plugin: RCC
2026-03-17 19:51:39,620 [INFO] CodeGenerator:807 - code generatio: config db path: E:\App Download\ST\STM32CubeIDE_1.16.1\STM32CubeIDE\plugins\com.st.stm32cube.common.mx_6.12.1.202409122256\\db\
2026-03-17 19:51:40,278 [INFO] CodeEngine:255 - oldGeneratedFile, E:\STM32CubeIDE\workspace_1.16.1\oled_display_1_yt\MXTmpFiles\license.tmp_save
2026-03-17 19:51:41,118 [INFO] CodeEngine:279 - Generated code: E:\STM32CubeIDE\workspace_1.16.1\oled_display_1_yt\MXTmpFiles\license.tmp
2026-03-17 19:51:41,212 [INFO] CodeEngine:255 - oldGeneratedFile, E:\STM32CubeIDE\workspace_1.16.1\oled_display_1_yt\Core\Src\stm32f1xx_it.c_save
2026-03-17 19:51:41,540 [INFO] CodeEngine:279 - Generated code: E:\STM32CubeIDE\workspace_1.16.1\oled_display_1_yt\Core\Src\stm32f1xx_it.c
2026-03-17 19:51:41,580 [INFO] CodeEngine:255 - oldGeneratedFile, E:\STM32CubeIDE\workspace_1.16.1\oled_display_1_yt\Core\Inc\stm32f1xx_it.h_save
2026-03-17 19:51:41,756 [INFO] CodeEngine:279 - Generated code: E:\STM32CubeIDE\workspace_1.16.1\oled_display_1_yt\Core\Inc\stm32f1xx_it.h
2026-03-17 19:51:42,174 [INFO] CodeEngine:255 - oldGeneratedFile, E:\STM32CubeIDE\workspace_1.16.1\oled_display_1_yt\Core\Src\stm32f1xx_hal_msp.c_save
2026-03-17 19:51:42,471 [INFO] CodeEngine:279 - Generated code: E:\STM32CubeIDE\workspace_1.16.1\oled_display_1_yt\Core\Src\stm32f1xx_hal_msp.c
2026-03-17 19:51:42,519 [INFO] CodeEngine:255 - oldGeneratedFile, E:\STM32CubeIDE\workspace_1.16.1\oled_display_1_yt\MXTmpFiles\system.tmp_save
2026-03-17 19:51:42,650 [INFO] CodeEngine:279 - Generated code: E:\STM32CubeIDE\workspace_1.16.1\oled_display_1_yt\MXTmpFiles\system.tmp
2026-03-17 19:51:42,723 [INFO] CodeEngine:311 - oldGeneratedFile, E:\STM32CubeIDE\workspace_1.16.1\oled_display_1_yt\Core\Inc\stm32f1xx_hal_conf.h_save
2026-03-17 19:51:42,953 [INFO] CodeEngine:335 - Generated code: E:\STM32CubeIDE\workspace_1.16.1\oled_display_1_yt\Core\Inc\stm32f1xx_hal_conf.h
2026-03-17 19:51:43,201 [INFO] CodeEngine:255 - oldGeneratedFile, E:\STM32CubeIDE\workspace_1.16.1\oled_display_1_yt\Core\Inc\main.h_save
2026-03-17 19:51:43,430 [INFO] CodeEngine:279 - Generated code: E:\STM32CubeIDE\workspace_1.16.1\oled_display_1_yt\Core\Inc\main.h
2026-03-17 19:51:43,472 [INFO] CodeEngine:255 - oldGeneratedFile, E:\STM32CubeIDE\workspace_1.16.1\oled_display_1_yt\Core\Src\main.c_save
2026-03-17 19:51:43,766 [INFO] CodeEngine:279 - Generated code: E:\STM32CubeIDE\workspace_1.16.1\oled_display_1_yt\Core\Src\main.c
2026-03-17 19:51:45,539 [INFO] ProjectBuilder:3249 - Time for Copy HAL[1] : 1341mS.
2026-03-17 19:51:45,552 [INFO] ProjectBuilder:4828 - Project Generator version: 4.5.0-B34
2026-03-17 19:51:45,733 [INFO] ConfigFileManager:1531 - The Die is : DIE410
2026-03-17 19:51:45,824 [INFO] ApiDbMcu:508 - Load IP Config File for FATFS
2026-03-17 19:51:45,926 [INFO] ApiDbMcu:508 - Load IP Config File for FREERTOS
2026-03-17 19:51:45,986 [INFO] ApiDbMcu:508 - Load IP Config File for USB_DEVICE
2026-03-17 19:51:47,927 [INFO] LogOutputStream:77 - [STDOUT_REDIRECT] 
2026-03-17 19:51:58,562 [INFO] ProjectBuilder:5097 - Time for Generating toolchain IDE Files: 13010mS.
2026-03-17 19:51:58,567 [INFO] ProjectBuilder:3107 - Time for Copy CMSIS : 4mS.
2026-03-17 19:51:58,577 [INFO] ProjectBuilder:3107 - Time for Copy CMSIS : 1mS.
2026-03-17 19:52:00,666 [INFO] McuFinderGlobals:76 - Set McuFinderConnectedMode to true
2026-03-17 19:52:00,684 [INFO] ApiDb:448 - Save user favorites file C:\Users\DELL/.stm32cubeide/favorites.mcus.txt: 0 item(s)
2026-03-17 19:52:00,685 [INFO] ApiDb:452 - User favorites MCUs=[]
2026-03-17 19:52:36,728 [WARN] IP:2191 - I2C_Coeff_DF not found: check if there is a RefParameter without a condition.
2026-03-17 19:52:36,728 [WARN] IP:2191 - Analog_Filter not found: check if there is a RefParameter without a condition.
2026-03-17 19:52:36,745 [WARN] IP:2191 - I2C_Coeff_DF not found: check if there is a RefParameter without a condition.
2026-03-17 19:52:36,746 [WARN] IP:2191 - Analog_Filter not found: check if there is a RefParameter without a condition.
2026-03-17 19:52:36,746 [WARN] IP:2191 - I2C_Coeff_DF not found: check if there is a RefParameter without a condition.
2026-03-17 19:52:36,746 [WARN] IP:2191 - Analog_Filter not found: check if there is a RefParameter without a condition.
2026-03-17 19:52:37,023 [WARN] IP:2191 - I2C_Coeff_DF not found: check if there is a RefParameter without a condition.
2026-03-17 19:52:37,023 [WARN] IP:2191 - Analog_Filter not found: check if there is a RefParameter without a condition.
2026-03-17 19:52:37,029 [WARN] IP:2191 - I2C_Coeff_DF not found: check if there is a RefParameter without a condition.
2026-03-17 19:52:37,030 [WARN] IP:2191 - Analog_Filter not found: check if there is a RefParameter without a condition.
2026-03-17 19:52:51,207 [WARN] IP:2191 - I2C_Coeff_DF not found: check if there is a RefParameter without a condition.
2026-03-17 19:52:51,207 [WARN] IP:2191 - Analog_Filter not found: check if there is a RefParameter without a condition.
2026-03-17 19:52:51,208 [WARN] IP:2191 - I2C_Coeff_DF not found: check if there is a RefParameter without a condition.
2026-03-17 19:52:51,209 [WARN] IP:2191 - Analog_Filter not found: check if there is a RefParameter without a condition.
2026-03-17 19:52:51,304 [WARN] IP:2191 - I2C_Coeff_DF not found: check if there is a RefParameter without a condition.
2026-03-17 19:52:51,305 [WARN] IP:2191 - Analog_Filter not found: check if there is a RefParameter without a condition.
2026-03-17 19:52:51,317 [WARN] IP:2191 - I2C_Coeff_DF not found: check if there is a RefParameter without a condition.
2026-03-17 19:52:51,318 [WARN] IP:2191 - Analog_Filter not found: check if there is a RefParameter without a condition.
2026-03-17 19:52:58,658 [INFO] UtilMem:75 - End SaveConfig() Used Memory: 704552808 Bytes (1073741824)
2026-03-17 19:53:05,376 [INFO] UtilMem:75 - End SaveConfig() Used Memory: 724170016 Bytes (1073741824)
2026-03-17 19:53:20,195 [INFO] WebApp:189 - Connection lost
2026-03-17 19:53:21,194 [INFO] WebApp:186 - Connection restablished
2026-03-17 19:53:24,920 [INFO] UtilMem:75 - End SaveConfig() Used Memory: 792968256 Bytes (1073741824)
2026-03-17 19:53:25,352 [INFO] BlockDiagram:2766 - set Specific Code input for plugin: NVIC
2026-03-17 19:53:25,352 [INFO] BlockDiagram:2766 - set Specific Code input for plugin: SYS
2026-03-17 19:53:25,353 [INFO] BlockDiagram:2766 - set Specific Code input for plugin: GPIO
2026-03-17 19:53:25,354 [INFO] BlockDiagram:2766 - set Specific Code input for plugin: RCC
2026-03-17 19:53:25,354 [INFO] BlockDiagram:2766 - set Specific Code input for plugin: I2C
2026-03-17 19:53:25,371 [INFO] CodeGenerator:807 - code generatio: config db path: E:\App Download\ST\STM32CubeIDE_1.16.1\STM32CubeIDE\plugins\com.st.stm32cube.common.mx_6.12.1.202409122256\\db\
2026-03-17 19:53:25,373 [WARN] IP:2191 - I2C_Coeff_DF not found: check if there is a RefParameter without a condition.
2026-03-17 19:53:25,373 [WARN] IP:2191 - Analog_Filter not found: check if there is a RefParameter without a condition.
2026-03-17 19:53:25,483 [INFO] CodeEngine:255 - oldGeneratedFile, E:\STM32CubeIDE\workspace_1.16.1\oled_display_1_yt\MXTmpFiles\license.tmp_save
2026-03-17 19:53:25,629 [INFO] CodeEngine:279 - Generated code: E:\STM32CubeIDE\workspace_1.16.1\oled_display_1_yt\MXTmpFiles\license.tmp
2026-03-17 19:53:25,816 [INFO] CodeEngine:255 - oldGeneratedFile, E:\STM32CubeIDE\workspace_1.16.1\oled_display_1_yt\MXTmpFiles\gpio.tmp_save
2026-03-17 19:53:25,980 [INFO] CodeEngine:279 - Generated code: E:\STM32CubeIDE\workspace_1.16.1\oled_display_1_yt\MXTmpFiles\gpio.tmp
2026-03-17 19:53:26,227 [INFO] CodeEngine:255 - oldGeneratedFile, E:\STM32CubeIDE\workspace_1.16.1\oled_display_1_yt\Core\Src\stm32f1xx_it.c_save
2026-03-17 19:53:26,375 [INFO] CodeEngine:279 - Generated code: E:\STM32CubeIDE\workspace_1.16.1\oled_display_1_yt\Core\Src\stm32f1xx_it.c
2026-03-17 19:53:26,400 [INFO] CodeEngine:255 - oldGeneratedFile, E:\STM32CubeIDE\workspace_1.16.1\oled_display_1_yt\Core\Inc\stm32f1xx_it.h_save
2026-03-17 19:53:26,512 [INFO] CodeEngine:279 - Generated code: E:\STM32CubeIDE\workspace_1.16.1\oled_display_1_yt\Core\Inc\stm32f1xx_it.h
2026-03-17 19:53:26,563 [INFO] CodeEngine:255 - oldGeneratedFile, E:\STM32CubeIDE\workspace_1.16.1\oled_display_1_yt\Core\Src\stm32f1xx_hal_msp.c_save
2026-03-17 19:53:26,789 [INFO] CodeEngine:279 - Generated code: E:\STM32CubeIDE\workspace_1.16.1\oled_display_1_yt\Core\Src\stm32f1xx_hal_msp.c
2026-03-17 19:53:26,807 [INFO] CodeEngine:255 - oldGeneratedFile, E:\STM32CubeIDE\workspace_1.16.1\oled_display_1_yt\MXTmpFiles\system.tmp_save
2026-03-17 19:53:26,910 [INFO] CodeEngine:279 - Generated code: E:\STM32CubeIDE\workspace_1.16.1\oled_display_1_yt\MXTmpFiles\system.tmp
2026-03-17 19:53:26,976 [INFO] CodeEngine:311 - oldGeneratedFile, E:\STM32CubeIDE\workspace_1.16.1\oled_display_1_yt\Core\Inc\stm32f1xx_hal_conf.h_save
2026-03-17 19:53:27,147 [INFO] CodeEngine:335 - Generated code: E:\STM32CubeIDE\workspace_1.16.1\oled_display_1_yt\Core\Inc\stm32f1xx_hal_conf.h
2026-03-17 19:53:27,267 [INFO] CodeEngine:255 - oldGeneratedFile, E:\STM32CubeIDE\workspace_1.16.1\oled_display_1_yt\Core\Inc\main.h_save
2026-03-17 19:53:27,403 [INFO] CodeEngine:279 - Generated code: E:\STM32CubeIDE\workspace_1.16.1\oled_display_1_yt\Core\Inc\main.h
2026-03-17 19:53:27,442 [INFO] CodeEngine:255 - oldGeneratedFile, E:\STM32CubeIDE\workspace_1.16.1\oled_display_1_yt\Core\Src\main.c_save
2026-03-17 19:53:27,716 [INFO] CodeEngine:279 - Generated code: E:\STM32CubeIDE\workspace_1.16.1\oled_display_1_yt\Core\Src\main.c
2026-03-17 19:53:28,702 [INFO] ProjectBuilder:3249 - Time for Copy HAL[1] : 714mS.
2026-03-17 19:53:28,710 [INFO] ProjectBuilder:4828 - Project Generator version: 4.5.0-B34
2026-03-17 19:53:28,818 [INFO] ConfigFileManager:1531 - The Die is : DIE410
2026-03-17 19:53:31,614 [INFO] ProjectBuilder:5097 - Time for Generating toolchain IDE Files: 2904mS.
2026-03-17 19:53:31,617 [INFO] ProjectBuilder:3107 - Time for Copy CMSIS : 3mS.
2026-03-17 19:53:31,620 [INFO] ProjectBuilder:3107 - Time for Copy CMSIS : 0mS.
2026-03-17 19:55:17,192 [INFO] WebApp:189 - Connection lost
2026-03-17 19:55:17,806 [INFO] WebApp:186 - Connection restablished
2026-03-17 20:09:58,305 [INFO] UtilMem:75 - End SaveConfig() Used Memory: 718463400 Bytes (1073741824)
2026-03-17 20:10:04,845 [INFO] UtilMem:75 - End SaveConfig() Used Memory: 737327776 Bytes (1073741824)
2026-03-17 20:10:08,792 [INFO] UtilMem:75 - End SaveConfig() Used Memory: 801290912 Bytes (1073741824)
2026-03-17 20:10:09,212 [INFO] BlockDiagram:2766 - set Specific Code input for plugin: NVIC
2026-03-17 20:10:09,213 [INFO] BlockDiagram:2766 - set Specific Code input for plugin: SYS
2026-03-17 20:10:09,213 [INFO] BlockDiagram:2766 - set Specific Code input for plugin: GPIO
2026-03-17 20:10:09,214 [INFO] BlockDiagram:2766 - set Specific Code input for plugin: RCC
2026-03-17 20:10:09,214 [INFO] BlockDiagram:2766 - set Specific Code input for plugin: I2C
2026-03-17 20:10:09,232 [INFO] CodeGenerator:807 - code generatio: config db path: E:\App Download\ST\STM32CubeIDE_1.16.1\STM32CubeIDE\plugins\com.st.stm32cube.common.mx_6.12.1.202409122256\\db\
2026-03-17 20:10:09,240 [WARN] IP:2191 - I2C_Coeff_DF not found: check if there is a RefParameter without a condition.
2026-03-17 20:10:09,240 [WARN] IP:2191 - Analog_Filter not found: check if there is a RefParameter without a condition.
2026-03-17 20:10:09,519 [INFO] CodeEngine:255 - oldGeneratedFile, E:\STM32CubeIDE\workspace_1.16.1\oled_display_1_yt\MXTmpFiles\license.tmp_save
2026-03-17 20:10:09,776 [INFO] CodeEngine:279 - Generated code: E:\STM32CubeIDE\workspace_1.16.1\oled_display_1_yt\MXTmpFiles\license.tmp
2026-03-17 20:10:09,989 [INFO] CodeEngine:255 - oldGeneratedFile, E:\STM32CubeIDE\workspace_1.16.1\oled_display_1_yt\MXTmpFiles\gpio.tmp_save
2026-03-17 20:10:10,170 [INFO] CodeEngine:279 - Generated code: E:\STM32CubeIDE\workspace_1.16.1\oled_display_1_yt\MXTmpFiles\gpio.tmp
2026-03-17 20:10:10,493 [INFO] CodeEngine:255 - oldGeneratedFile, E:\STM32CubeIDE\workspace_1.16.1\oled_display_1_yt\Core\Src\stm32f1xx_it.c_save
2026-03-17 20:10:10,900 [INFO] CodeEngine:279 - Generated code: E:\STM32CubeIDE\workspace_1.16.1\oled_display_1_yt\Core\Src\stm32f1xx_it.c
2026-03-17 20:10:10,928 [INFO] CodeEngine:255 - oldGeneratedFile, E:\STM32CubeIDE\workspace_1.16.1\oled_display_1_yt\Core\Inc\stm32f1xx_it.h_save
2026-03-17 20:10:11,083 [INFO] CodeEngine:279 - Generated code: E:\STM32CubeIDE\workspace_1.16.1\oled_display_1_yt\Core\Inc\stm32f1xx_it.h
2026-03-17 20:10:11,169 [INFO] CodeEngine:255 - oldGeneratedFile, E:\STM32CubeIDE\workspace_1.16.1\oled_display_1_yt\Core\Src\stm32f1xx_hal_msp.c_save
2026-03-17 20:10:11,389 [INFO] CodeEngine:279 - Generated code: E:\STM32CubeIDE\workspace_1.16.1\oled_display_1_yt\Core\Src\stm32f1xx_hal_msp.c
2026-03-17 20:10:11,407 [INFO] CodeEngine:255 - oldGeneratedFile, E:\STM32CubeIDE\workspace_1.16.1\oled_display_1_yt\MXTmpFiles\system.tmp_save
2026-03-17 20:10:11,519 [INFO] CodeEngine:279 - Generated code: E:\STM32CubeIDE\workspace_1.16.1\oled_display_1_yt\MXTmpFiles\system.tmp
2026-03-17 20:10:11,587 [INFO] CodeEngine:311 - oldGeneratedFile, E:\STM32CubeIDE\workspace_1.16.1\oled_display_1_yt\Core\Inc\stm32f1xx_hal_conf.h_save
2026-03-17 20:10:11,759 [INFO] CodeEngine:335 - Generated code: E:\STM32CubeIDE\workspace_1.16.1\oled_display_1_yt\Core\Inc\stm32f1xx_hal_conf.h
2026-03-17 20:10:12,000 [INFO] CodeEngine:255 - oldGeneratedFile, E:\STM32CubeIDE\workspace_1.16.1\oled_display_1_yt\Core\Inc\main.h_save
2026-03-17 20:10:12,201 [INFO] CodeEngine:279 - Generated code: E:\STM32CubeIDE\workspace_1.16.1\oled_display_1_yt\Core\Inc\main.h
2026-03-17 20:10:12,261 [INFO] CodeEngine:255 - oldGeneratedFile, E:\STM32CubeIDE\workspace_1.16.1\oled_display_1_yt\Core\Src\main.c_save
2026-03-17 20:10:12,461 [INFO] CodeEngine:279 - Generated code: E:\STM32CubeIDE\workspace_1.16.1\oled_display_1_yt\Core\Src\main.c
2026-03-17 20:10:14,262 [INFO] ProjectBuilder:3249 - Time for Copy HAL[1] : 1461mS.
2026-03-17 20:10:14,268 [INFO] ProjectBuilder:4828 - Project Generator version: 4.5.0-B34
2026-03-17 20:10:14,398 [INFO] ConfigFileManager:1531 - The Die is : DIE410
2026-03-17 20:10:16,202 [INFO] ProjectBuilder:5097 - Time for Generating toolchain IDE Files: 1934mS.
2026-03-17 20:10:16,207 [INFO] ProjectBuilder:3107 - Time for Copy CMSIS : 3mS.
2026-03-17 20:10:16,214 [INFO] ProjectBuilder:3107 - Time for Copy CMSIS : 1mS.
2026-03-17 20:19:45,190 [INFO] WebApp:189 - Connection lost
2026-03-17 20:19:46,796 [INFO] WebApp:186 - Connection restablished
2026-03-17 20:22:36,642 [WARN] IP:2191 - I2C_Coeff_DF not found: check if there is a RefParameter without a condition.
2026-03-17 20:22:36,642 [WARN] IP:2191 - Analog_Filter not found: check if there is a RefParameter without a condition.
2026-03-17 20:22:36,644 [WARN] IP:2191 - I2C_Coeff_DF not found: check if there is a RefParameter without a condition.
2026-03-17 20:22:36,644 [WARN] IP:2191 - Analog_Filter not found: check if there is a RefParameter without a condition.
2026-03-17 20:22:58,049 [INFO] UtilMem:75 - End SaveConfig() Used Memory: 811071024 Bytes (1073741824)
2026-03-17 20:22:59,835 [INFO] UtilMem:75 - End SaveConfig() Used Memory: 825987008 Bytes (1073741824)
2026-03-17 20:23:02,784 [INFO] UtilMem:75 - End SaveConfig() Used Memory: 897051296 Bytes (1073741824)
2026-03-17 20:23:03,225 [INFO] BlockDiagram:2766 - set Specific Code input for plugin: NVIC
2026-03-17 20:23:03,225 [INFO] BlockDiagram:2766 - set Specific Code input for plugin: SYS
2026-03-17 20:23:03,226 [INFO] BlockDiagram:2766 - set Specific Code input for plugin: GPIO
2026-03-17 20:23:03,226 [INFO] BlockDiagram:2766 - set Specific Code input for plugin: RCC
2026-03-17 20:23:03,226 [INFO] BlockDiagram:2766 - set Specific Code input for plugin: I2C
2026-03-17 20:23:03,235 [INFO] CodeGenerator:807 - code generatio: config db path: E:\App Download\ST\STM32CubeIDE_1.16.1\STM32CubeIDE\plugins\com.st.stm32cube.common.mx_6.12.1.202409122256\\db\
2026-03-17 20:23:03,239 [WARN] IP:2191 - I2C_Coeff_DF not found: check if there is a RefParameter without a condition.
2026-03-17 20:23:03,240 [WARN] IP:2191 - Analog_Filter not found: check if there is a RefParameter without a condition.
2026-03-17 20:23:03,447 [INFO] CodeEngine:255 - oldGeneratedFile, E:\STM32CubeIDE\workspace_1.16.1\oled_display_1_yt\MXTmpFiles\license.tmp_save
2026-03-17 20:23:03,777 [INFO] CodeEngine:279 - Generated code: E:\STM32CubeIDE\workspace_1.16.1\oled_display_1_yt\MXTmpFiles\license.tmp
2026-03-17 20:23:03,883 [INFO] CodeEngine:255 - oldGeneratedFile, E:\STM32CubeIDE\workspace_1.16.1\oled_display_1_yt\MXTmpFiles\gpio.tmp_save
2026-03-17 20:23:04,181 [INFO] CodeEngine:279 - Generated code: E:\STM32CubeIDE\workspace_1.16.1\oled_display_1_yt\MXTmpFiles\gpio.tmp
2026-03-17 20:23:04,402 [INFO] CodeEngine:255 - oldGeneratedFile, E:\STM32CubeIDE\workspace_1.16.1\oled_display_1_yt\Core\Src\stm32f1xx_it.c_save
2026-03-17 20:23:04,884 [INFO] CodeEngine:279 - Generated code: E:\STM32CubeIDE\workspace_1.16.1\oled_display_1_yt\Core\Src\stm32f1xx_it.c
2026-03-17 20:23:04,932 [INFO] CodeEngine:255 - oldGeneratedFile, E:\STM32CubeIDE\workspace_1.16.1\oled_display_1_yt\Core\Inc\stm32f1xx_it.h_save
2026-03-17 20:23:05,112 [INFO] CodeEngine:279 - Generated code: E:\STM32CubeIDE\workspace_1.16.1\oled_display_1_yt\Core\Inc\stm32f1xx_it.h
2026-03-17 20:23:05,257 [INFO] CodeEngine:255 - oldGeneratedFile, E:\STM32CubeIDE\workspace_1.16.1\oled_display_1_yt\Core\Src\stm32f1xx_hal_msp.c_save
2026-03-17 20:23:05,550 [INFO] CodeEngine:279 - Generated code: E:\STM32CubeIDE\workspace_1.16.1\oled_display_1_yt\Core\Src\stm32f1xx_hal_msp.c
2026-03-17 20:23:05,579 [INFO] CodeEngine:255 - oldGeneratedFile, E:\STM32CubeIDE\workspace_1.16.1\oled_display_1_yt\MXTmpFiles\system.tmp_save
2026-03-17 20:23:05,716 [INFO] CodeEngine:279 - Generated code: E:\STM32CubeIDE\workspace_1.16.1\oled_display_1_yt\MXTmpFiles\system.tmp
2026-03-17 20:23:05,790 [INFO] CodeEngine:311 - oldGeneratedFile, E:\STM32CubeIDE\workspace_1.16.1\oled_display_1_yt\Core\Inc\stm32f1xx_hal_conf.h_save
2026-03-17 20:23:06,079 [INFO] CodeEngine:335 - Generated code: E:\STM32CubeIDE\workspace_1.16.1\oled_display_1_yt\Core\Inc\stm32f1xx_hal_conf.h
2026-03-17 20:23:06,251 [INFO] CodeEngine:255 - oldGeneratedFile, E:\STM32CubeIDE\workspace_1.16.1\oled_display_1_yt\Core\Inc\main.h_save
2026-03-17 20:23:06,510 [INFO] CodeEngine:279 - Generated code: E:\STM32CubeIDE\workspace_1.16.1\oled_display_1_yt\Core\Inc\main.h
2026-03-17 20:23:06,587 [INFO] CodeEngine:255 - oldGeneratedFile, E:\STM32CubeIDE\workspace_1.16.1\oled_display_1_yt\Core\Src\main.c_save
2026-03-17 20:23:06,924 [INFO] CodeEngine:279 - Generated code: E:\STM32CubeIDE\workspace_1.16.1\oled_display_1_yt\Core\Src\main.c
2026-03-17 20:23:08,461 [INFO] ProjectBuilder:3249 - Time for Copy HAL[1] : 1179mS.
2026-03-17 20:23:08,469 [INFO] ProjectBuilder:4828 - Project Generator version: 4.5.0-B34
2026-03-17 20:23:08,640 [INFO] ConfigFileManager:1531 - The Die is : DIE410
2026-03-17 20:23:12,770 [INFO] ProjectBuilder:5097 - Time for Generating toolchain IDE Files: 4301mS.
2026-03-17 20:23:12,776 [INFO] ProjectBuilder:3107 - Time for Copy CMSIS : 5mS.
2026-03-17 20:23:12,786 [INFO] ProjectBuilder:3107 - Time for Copy CMSIS : 0mS.
2026-03-17 20:27:01,989 [INFO] WebApp:189 - Connection lost
2026-03-17 20:27:03,131 [INFO] WebApp:186 - Connection restablished
2026-03-17 20:32:45,980 [INFO] WebApp:189 - Connection lost
2026-03-17 20:33:40,548 [ERROR] ConfigurationRetriever:142 - IOException on connection: sw-center.st.com
2026-03-17 20:33:40,551 [ERROR] ConfigurationRetriever:142 - IOException on connection: sw-center.st.com
2026-03-17 20:33:40,552 [ERROR] ConfigurationRetriever:142 - IOException on connection: sw-center.st.com
2026-03-17 20:33:45,343 [ERROR] LogOutputStream:75 - [STDERR_REDIRECT] 
2026-03-17 20:33:45,344 [ERROR] LogOutputStream:75 - [STDERR_REDIRECT] 
